date,store_id,city,region,product_category,unit_price,discount_pct,promotion,is_holiday,marketing_spend,avg_temperature_c,competitor_price,units_sold,sales
2023-01-01,S01,Mumbai,West,Clothing,1784.06,0,0,0,3248.37,14.5,1761.64,31,55306.01
2023-01-01,S01,Mumbai,West,Electronics,15153.9,0,0,0,4315.29,15.4,16419.79,23,348539.74
2023-01-01,S01,Mumbai,West,Grocery,452.11,0,0,0,3567.67,20.0,,35,15823.92
2023-01-01,S01,Mumbai,West,Home & Kitchen,2090.32,0,0,0,3648.54,17.7,2129.73,33,68980.48
2023-01-01,S02,Pune,West,Clothing,1864.0,0,0,0,5229.2,17.1,1703.19,27,50328.12
2023-01-01,S02,Pune,West,Electronics,14788.58,5,1,0,4936.72,17.0,15623.59,21,310560.27
2023-01-01,S02,Pune,West,Grocery,461.27,0,0,0,4334.52,15.1,468.18,29,13376.95
2023-01-01,S02,Pune,West,Home & Kitchen,1672.9,25,1,0,7215.45,16.3,2153.98,44,73607.74
2023-01-01,S03,Delhi,North,Clothing,1811.36,0,0,0,2224.8,17.7,1810.24,20,36227.13
2023-01-01,S03,Delhi,North,Electronics,15120.65,0,0,0,2299.76,18.0,15314.97,19,287292.31
2023-01-01,S03,Delhi,North,Grocery,441.77,0,0,0,4836.58,21.5,422.0,46,20321.33
2023-01-01,S03,Delhi,North,Home & Kitchen,2204.71,0,0,0,5621.42,15.4,2064.96,15,33070.68
2023-01-01,S04,Bengaluru,South,Clothing,1676.75,10,1,0,2732.9,22.3,1895.28,28,46949.0
2023-01-01,S04,Bengaluru,South,Electronics,14553.8,0,0,0,5816.79,14.8,15224.65,26,378398.81
2023-01-01,S04,Bengaluru,South,Grocery,440.61,0,0,0,6509.99,15.5,400.36,32,14099.39
2023-01-01,S04,Bengaluru,South,Home & Kitchen,2236.34,0,0,0,4891.77,16.8,2237.81,17,38017.78
2023-01-02,S01,Mumbai,West,Clothing,1819.41,0,0,0,6623.51,,1820.87,30,54582.37
2023-01-02,S01,Mumbai,West,Electronics,14708.64,0,0,0,6698.35,12.3,15511.79,25,367716.08
2023-01-02,S01,Mumbai,West,Grocery,328.37,25,1,0,5738.03,12.8,447.17,52,17075.31
2023-01-02,S01,Mumbai,West,Home & Kitchen,2277.96,0,0,0,4255.64,16.6,2108.58,13,29613.49
2023-01-02,S02,Pune,West,Clothing,1729.02,0,0,0,4536.31,14.2,1796.28,33,57057.56
2023-01-02,S02,Pune,West,Electronics,14389.8,0,0,0,7435.88,14.7,15526.45,12,172677.64
2023-01-02,S02,Pune,West,Grocery,398.31,10,1,0,3933.32,17.9,425.22,32,12745.87
2023-01-02,S02,Pune,West,Home & Kitchen,2133.35,0,0,0,4525.22,8.9,2323.11,16,34133.56
2023-01-02,S03,Delhi,North,Clothing,1747.93,0,0,0,,17.0,1782.59,27,47194.24
2023-01-02,S03,Delhi,North,Electronics,15162.95,0,0,0,5728.55,16.6,16503.37,27,409399.68
2023-01-02,S03,Delhi,North,Grocery,451.32,0,0,0,5645.45,14.8,428.46,39,17601.47
2023-01-02,S03,Delhi,North,Home & Kitchen,2235.78,0,0,0,5748.36,15.5,2498.0,16,35772.44
2023-01-02,S04,Bengaluru,South,Clothing,1505.93,20,1,0,4801.52,17.3,1839.94,39,58731.28
2023-01-02,S04,Bengaluru,South,Electronics,14608.72,0,0,0,4536.46,15.8,13094.31,9,131478.46
2023-01-02,S04,Bengaluru,South,Grocery,443.75,0,0,0,7316.86,16.3,490.15,36,15974.9
2023-01-02,S04,Bengaluru,South,Home & Kitchen,2233.61,0,0,0,3361.72,18.2,2036.65,17,37971.35
2023-01-03,S01,Mumbai,West,Clothing,1391.2,20,1,0,4613.77,14.4,1836.97,34,47300.81
2023-01-03,S01,Mumbai,West,Electronics,15739.94,0,0,0,4033.45,15.3,14947.49,19,299058.78
2023-01-03,S01,Mumbai,West,Grocery,436.62,0,0,0,6263.08,14.3,458.73,41,17901.44
2023-01-03,S01,Mumbai,West,Home & Kitchen,2230.52,0,0,0,3208.58,16.7,2324.97,21,46840.96
2023-01-03,S02,Pune,West,Clothing,1253.15,25,1,0,5179.13,17.8,1705.17,32,40100.84
2023-01-03,S02,Pune,West,Electronics,11060.56,25,1,0,5588.49,14.8,14493.59,30,331816.93
2023-01-03,S02,Pune,West,Grocery,445.87,0,0,0,5379.49,15.7,467.98,20,8917.36
2023-01-03,S02,Pune,West,Home & Kitchen,2271.85,0,0,0,4532.02,14.7,2142.65,19,43165.21
2023-01-03,S03,Delhi,North,Clothing,1430.48,20,1,0,6496.2,15.3,1679.29,40,57219.12
2023-01-03,S03,Delhi,North,Electronics,15603.88,0,0,0,3998.55,13.6,14603.34,12,187246.62
2023-01-03,S03,Delhi,North,Grocery,463.57,0,0,0,5230.97,15.5,437.37,26,12052.81
2023-01-03,S03,Delhi,North,Home & Kitchen,2204.26,0,0,0,6191.26,19.4,,19,41881.0
2023-01-03,S04,Bengaluru,South,Clothing,1772.13,0,0,0,3947.42,16.2,1887.02,29,51391.76
2023-01-03,S04,Bengaluru,South,Electronics,14697.29,0,0,0,6762.06,17.2,14237.01,12,176367.49
2023-01-03,S04,Bengaluru,South,Grocery,444.39,0,0,0,3638.43,14.4,433.86,33,14664.88
2023-01-03,S04,Bengaluru,South,Home & Kitchen,2203.12,0,0,0,5258.84,14.4,2361.99,21,46265.58
2023-01-04,S01,Mumbai,West,Clothing,1817.42,0,0,0,4857.79,14.5,1817.85,23,41800.76
2023-01-04,S01,Mumbai,West,Electronics,14605.55,0,0,0,4909.62,15.3,14721.44,12,175266.55
2023-01-04,S01,Mumbai,West,Grocery,437.62,0,0,0,4237.8,17.4,467.43,28,12253.25
2023-01-04,S01,Mumbai,West,Home & Kitchen,1874.63,15,1,0,5274.17,16.5,2214.29,35,65611.96
2023-01-04,S02,Pune,West,Clothing,1767.91,0,0,0,,12.4,1763.95,13,22982.88
2023-01-04,S02,Pune,West,Electronics,15085.74,0,0,0,,19.7,14886.62,14,211200.3
2023-01-04,S02,Pune,West,Grocery,440.95,0,0,0,6937.79,15.2,,26,11464.75
2023-01-04,S02,Pune,West,Home & Kitchen,2219.47,0,0,0,6150.17,17.8,2140.46,19,42169.88
2023-01-04,S03,Delhi,North,Clothing,1777.74,0,0,0,5818.24,14.5,1819.84,38,67554.27
2023-01-04,S03,Delhi,North,Electronics,15291.5,0,0,0,4411.55,13.3,15573.66,26,397579.04
2023-01-04,S03,Delhi,North,Grocery,436.07,0,0,0,3683.24,18.0,456.87,28,12210.1
2023-01-04,S03,Delhi,North,Home & Kitchen,2227.83,0,0,0,4411.08,17.7,2143.33,18,40100.87
2023-01-04,S04,Bengaluru,South,Clothing,1755.01,0,0,0,6652.74,19.0,1850.06,27,47385.38
2023-01-04,S04,Bengaluru,South,Electronics,14315.96,0,0,0,6444.15,17.4,14247.19,23,329267.17
2023-01-04,S04,Bengaluru,South,Grocery,465.24,0,0,0,8661.16,17.5,459.31,28,13026.78
2023-01-04,S04,Bengaluru,South,Home & Kitchen,2078.15,0,0,0,8253.05,16.9,2280.19,28,58188.2
2023-01-05,S01,Mumbai,West,Clothing,1382.51,20,1,0,3777.9,14.5,1693.93,32,44240.4
2023-01-05,S01,Mumbai,West,Electronics,11878.53,20,1,0,4070.47,15.7,,36,427626.91
2023-01-05,S01,Mumbai,West,Grocery,470.54,0,0,0,5659.61,15.1,424.14,34,15998.44
2023-01-05,S01,Mumbai,West,Home & Kitchen,2219.51,0,0,0,3313.84,15.3,2177.72,26,57707.22
2023-01-05,S02,Pune,West,Clothing,1477.16,15,1,0,7754.03,15.8,1739.16,29,42837.5
2023-01-05,S02,Pune,West,Electronics,15570.73,0,0,0,4139.49,21.4,14119.29,13,202419.51
2023-01-05,S02,Pune,West,Grocery,377.43,20,1,0,4481.16,17.9,410.33,32,12077.73
2023-01-05,S02,Pune,West,Home & Kitchen,2033.7,5,1,0,9040.14,15.4,2302.24,27,54909.85
2023-01-05,S03,Delhi,North,Clothing,1780.44,0,0,0,5656.13,14.3,1662.72,28,49852.27
2023-01-05,S03,Delhi,North,Electronics,14510.29,0,0,0,4944.3,11.7,15134.4,10,145102.88
2023-01-05,S03,Delhi,North,Grocery,433.26,0,0,0,5227.5,17.6,419.27,32,13864.25
2023-01-05,S03,Delhi,North,Home & Kitchen,2260.56,0,0,0,4386.98,12.6,2053.74,16,36169.01
2023-01-05,S04,Bengaluru,South,Clothing,1791.38,0,0,0,8950.54,14.3,1804.45,39,69863.75
2023-01-05,S04,Bengaluru,South,Electronics,14746.04,0,0,0,3520.71,13.6,15897.52,21,309666.83
2023-01-05,S04,Bengaluru,South,Grocery,454.91,0,0,0,2846.86,16.4,421.7,26,11827.55
2023-01-05,S04,Bengaluru,South,Home & Kitchen,2213.54,0,0,0,4362.0,15.0,2130.56,12,26562.43
2023-01-06,S01,Mumbai,West,Clothing,1796.19,0,0,0,7335.34,17.9,1710.1,22,39516.21
2023-01-06,S01,Mumbai,West,Electronics,15048.35,0,0,0,5682.54,14.9,14593.51,15,225725.28
2023-01-06,S01,Mumbai,West,Grocery,449.03,0,0,0,3375.9,17.7,424.64,33,14818.07
2023-01-06,S01,Mumbai,West,Home & Kitchen,1666.81,25,1,0,7364.24,8.8,2276.85,38,63338.65
2023-01-06,S02,Pune,West,Clothing,1637.33,0,0,0,3160.01,12.3,1728.31,26,42570.47
2023-01-06,S02,Pune,West,Electronics,15320.91,0,0,0,7356.79,18.3,13956.43,17,260455.46
2023-01-06,S02,Pune,West,Grocery,434.21,0,0,0,2442.81,16.5,483.49,21,9118.31
2023-01-06,S02,Pune,West,Home & Kitchen,2232.36,0,0,0,8410.0,17.0,2197.96,20,44647.23
2023-01-06,S03,Delhi,North,Clothing,1702.84,0,0,0,5318.8,21.2,1759.66,27,45976.59
2023-01-06,S03,Delhi,North,Electronics,14022.12,0,0,0,3796.71,14.8,15870.01,18,252398.16
2023-01-06,S03,Delhi,North,Grocery,433.53,0,0,0,5989.75,18.1,438.12,23,9971.1
2023-01-06,S03,Delhi,North,Home & Kitchen,2156.7,0,0,0,5852.13,15.8,1978.81,17,36663.83
2023-01-06,S04,Bengaluru,South,Clothing,1741.61,0,0,0,5233.61,15.0,1889.38,24,41798.73
2023-01-06,S04,Bengaluru,South,Electronics,14750.86,0,0,0,7284.57,16.8,14363.66,24,354020.75
2023-01-06,S04,Bengaluru,South,Grocery,424.04,0,0,0,3222.26,17.1,435.83,32,13569.38
2023-01-06,S04,Bengaluru,South,Home & Kitchen,1691.64,20,1,0,4539.86,15.2,2398.12,35,59207.45
2023-01-07,S01,Mumbai,West,Clothing,1736.9,0,0,0,6732.33,13.6,1835.9,37,64265.19
2023-01-07,S01,Mumbai,West,Electronics,14508.52,0,0,0,7167.69,15.1,15861.19,29,420747.02
2023-01-07,S01,Mumbai,West,Grocery,427.34,0,0,0,6170.09,16.4,420.77,52,22221.54
2023-01-07,S01,Mumbai,West,Home & Kitchen,2151.52,0,0,0,5718.84,19.1,2272.76,29,62394.08
2023-01-07,S02,Pune,West,Clothing,1894.3,0,0,0,5236.92,15.0,1792.14,31,58723.39
2023-01-07,S02,Pune,West,Electronics,15728.56,0,0,0,3333.43,19.1,15061.11,19,298842.6
2023-01-07,S02,Pune,West,Grocery,455.81,0,0,0,5056.56,17.5,374.04,24,10939.41
2023-01-07,S02,Pune,West,Home & Kitchen,2222.49,0,0,0,5216.77,15.2,2144.44,16,35559.77
2023-01-07,S03,Delhi,North,Clothing,1628.98,0,0,0,4965.17,11.4,1860.04,21,34208.5
2023-01-07,S03,Delhi,North,Electronics,12884.91,10,1,0,3884.99,16.6,14535.86,22,283467.98
2023-01-07,S03,Delhi,North,Grocery,463.8,0,0,0,7090.32,15.4,421.57,34,15769.04
2023-01-07,S03,Delhi,North,Home & Kitchen,2208.73,0,0,0,3113.23,14.5,2277.46,35,77305.69
2023-01-07,S04,Bengaluru,South,Clothing,1680.81,10,1,0,4465.31,16.2,1715.91,38,63870.62
2023-01-07,S04,Bengaluru,South,Electronics,14881.42,0,0,0,2173.46,17.9,13577.05,8,119051.35
2023-01-07,S04,Bengaluru,South,Grocery,423.28,5,1,0,2602.69,17.5,437.09,37,15661.33
2023-01-07,S04,Bengaluru,South,Home & Kitchen,2236.69,0,0,0,5711.1,14.2,2112.21,26,58154.07
2023-01-08,S01,Mumbai,West,Clothing,1739.62,0,0,0,4952.62,16.6,1932.45,31,53928.33
2023-01-08,S01,Mumbai,West,Electronics,15148.73,0,0,0,4883.97,15.9,15406.65,22,333272.14
2023-01-08,S01,Mumbai,West,Grocery,455.19,0,0,0,5469.41,19.2,447.57,42,19117.8
2023-01-08,S01,Mumbai,West,Home & Kitchen,2178.53,0,0,0,5225.34,14.6,2061.87,33,71891.58
2023-01-08,S02,Pune,West,Clothing,1830.22,0,0,0,7719.8,15.4,1581.86,25,45755.61
2023-01-08,S02,Pune,West,Electronics,15155.61,0,0,0,3873.32,19.5,,14,212178.5
2023-01-08,S02,Pune,West,Grocery,441.58,0,0,0,6157.16,18.3,448.16,41,18104.8
2023-01-08,S02,Pune,West,Home & Kitchen,2194.19,0,0,0,4577.3,16.4,2145.48,16,35107.02
2023-01-08,S03,Delhi,North,Clothing,1845.31,0,0,0,4894.57,12.5,1815.2,26,47978.02
2023-01-08,S03,Delhi,North,Electronics,14773.86,0,0,0,5332.74,17.9,15827.39,14,206834.05
2023-01-08,S03,Delhi,North,Grocery,455.38,0,0,0,4661.05,13.7,440.52,42,19125.8
2023-01-08,S03,Delhi,North,Home & Kitchen,2205.01,0,0,0,6219.61,15.1,2107.86,24,52920.23
2023-01-08,S04,Bengaluru,South,Clothing,1826.39,0,0,0,3184.43,17.0,1714.08,15,27395.9
2023-01-08,S04,Bengaluru,South,Electronics,15127.72,0,0,0,5697.3,14.6,15516.75,30,453831.73
2023-01-08,S04,Bengaluru,South,Grocery,441.91,0,0,0,2289.9,17.7,456.38,29,12815.33
2023-01-08,S04,Bengaluru,South,Home & Kitchen,2002.06,10,1,0,7340.29,15.4,2213.46,37,74076.4
2023-01-09,S01,Mumbai,West,Clothing,1888.87,0,0,0,3268.78,16.3,1813.72,25,47221.73
2023-01-09,S01,Mumbai,West,Electronics,11794.02,25,1,0,5645.61,16.9,15183.51,33,389202.65
2023-01-09,S01,Mumbai,West,Grocery,451.9,0,0,0,3196.83,18.1,442.5,25,11297.6
2023-01-09,S01,Mumbai,West,Home & Kitchen,2168.7,0,0,0,4547.09,15.5,2352.31,26,56386.26
2023-01-09,S02,Pune,West,Clothing,1836.03,0,0,0,6652.15,14.8,1637.78,30,55080.79
2023-01-09,S02,Pune,West,Electronics,11181.28,25,1,0,11217.32,20.4,15074.85,19,212444.29
2023-01-09,S02,Pune,West,Grocery,464.73,0,0,0,553.15,15.4,455.26,15,6970.94
2023-01-09,S02,Pune,West,Home & Kitchen,2114.1,5,1,0,5256.46,16.1,2323.63,19,40167.83
2023-01-09,S03,Delhi,North,Clothing,1860.78,0,0,0,3534.64,18.2,1813.77,25,46519.42
2023-01-09,S03,Delhi,North,Electronics,12848.77,10,1,0,9400.22,16.8,16051.55,28,359765.65
2023-01-09,S03,Delhi,North,Grocery,469.91,0,0,0,8685.43,21.3,503.65,39,18326.31
2023-01-09,S03,Delhi,North,Home & Kitchen,2132.8,0,0,0,4759.62,15.7,2170.51,28,59718.31
2023-01-09,S04,Bengaluru,South,Clothing,1799.78,0,0,0,6546.78,16.7,1844.64,25,44994.45
2023-01-09,S04,Bengaluru,South,Electronics,14436.94,0,0,0,7136.89,17.5,15068.44,9,129932.48
2023-01-09,S04,Bengaluru,South,Grocery,472.85,0,0,0,6711.78,16.8,441.1,22,10402.77
2023-01-09,S04,Bengaluru,South,Home & Kitchen,2163.9,0,0,0,5155.73,13.5,1957.69,28,60589.07
2023-01-10,S01,Mumbai,West,Clothing,1803.2,0,0,0,7303.86,17.9,1762.95,27,48686.35
2023-01-10,S01,Mumbai,West,Electronics,14779.29,0,0,0,3328.07,15.4,15109.14,26,384261.59
2023-01-10,S01,Mumbai,West,Grocery,443.94,0,0,0,4663.98,18.1,417.7,33,14650.02
2023-01-10,S01,Mumbai,West,Home & Kitchen,2010.89,15,1,0,2332.16,15.6,2154.86,21,42228.71
2023-01-10,S02,Pune,West,Clothing,1784.58,0,0,0,5764.05,15.0,1872.33,22,39260.86
2023-01-10,S02,Pune,West,Electronics,15385.0,0,0,0,6411.56,15.4,16431.1,17,261545.01
2023-01-10,S02,Pune,West,Grocery,481.34,0,0,0,6466.05,16.1,398.11,23,11070.78
2023-01-10,S02,Pune,West,Home & Kitchen,2241.33,0,0,0,5886.8,14.7,2264.46,19,42585.24
2023-01-10,S03,Delhi,North,Clothing,1661.67,0,0,0,2351.92,17.8,1722.18,17,28248.37
2023-01-10,S03,Delhi,North,Electronics,14722.75,0,0,0,6365.21,13.4,16083.46,13,191395.7
2023-01-10,S03,Delhi,North,Grocery,442.99,0,0,0,7179.88,17.0,476.76,26,11517.83
2023-01-10,S03,Delhi,North,Home & Kitchen,2291.81,0,0,0,5439.55,16.9,2133.74,22,50419.87
2023-01-10,S04,Bengaluru,South,Clothing,1860.38,0,0,0,6085.31,16.4,1738.93,30,55811.37
2023-01-10,S04,Bengaluru,South,Electronics,14796.25,0,0,0,3476.54,16.8,16885.8,27,399498.75
2023-01-10,S04,Bengaluru,South,Grocery,439.09,0,0,0,4278.38,16.3,429.74,27,11855.31
2023-01-10,S04,Bengaluru,South,Home & Kitchen,1688.9,20,1,0,5443.58,13.7,2268.97,33,55733.78
2023-01-11,S01,Mumbai,West,Clothing,1811.2,0,0,0,4451.1,15.7,1820.19,25,45280.0
2023-01-11,S01,Mumbai,West,Electronics,15177.81,0,0,0,4656.06,15.2,14868.77,22,333911.91
2023-01-11,S01,Mumbai,West,Grocery,436.22,0,0,0,6397.16,15.2,453.36,54,23556.12
2023-01-11,S01,Mumbai,West,Home & Kitchen,2040.6,10,1,0,5175.23,14.4,2387.0,27,55096.2
2023-01-11,S02,Pune,West,Clothing,1822.72,0,0,0,5374.61,17.9,,19,34631.76
2023-01-11,S02,Pune,West,Electronics,13665.54,5,1,0,4680.5,14.2,14876.92,13,177652.0
2023-01-11,S02,Pune,West,Grocery,441.49,0,0,0,2949.8,17.7,459.93,22,9712.79
2023-01-11,S02,Pune,West,Home & Kitchen,2260.34,0,0,0,4765.54,17.1,2226.02,17,38425.72
2023-01-11,S03,Delhi,North,Clothing,1822.58,0,0,0,8368.44,16.7,,22,40096.81
2023-01-11,S03,Delhi,North,Electronics,15014.52,0,0,0,6919.81,15.4,16070.56,27,405391.94
2023-01-11,S03,Delhi,North,Grocery,433.49,0,0,0,5252.42,16.5,462.9,35,15172.27
2023-01-11,S03,Delhi,North,Home & Kitchen,2145.51,0,0,0,8461.55,13.5,2259.16,17,36473.73
2023-01-11,S04,Bengaluru,South,Clothing,1841.76,0,0,0,6757.43,15.2,1873.95,29,53410.98
2023-01-11,S04,Bengaluru,South,Electronics,14958.82,0,0,0,8167.94,16.9,13964.15,21,314135.26
2023-01-11,S04,Bengaluru,South,Grocery,382.31,15,1,0,5915.17,18.2,,38,14527.86
2023-01-11,S04,Bengaluru,South,Home & Kitchen,2274.86,0,0,0,5832.58,14.1,2160.96,19,43222.27
2023-01-12,S01,Mumbai,West,Clothing,1437.68,15,1,0,4010.63,17.6,1697.69,27,38817.3
2023-01-12,S01,Mumbai,West,Electronics,13762.75,0,0,0,2610.81,16.2,15784.23,28,385357.11
2023-01-12,S01,Mumbai,West,Grocery,435.64,0,0,0,3111.45,15.8,447.85,37,16118.58
2023-01-12,S01,Mumbai,West,Home & Kitchen,2100.53,5,1,0,4629.38,16.5,2053.31,26,54613.68
2023-01-12,S02,Pune,West,Clothing,1777.18,0,0,0,4808.34,20.3,1734.9,21,37320.73
2023-01-12,S02,Pune,West,Electronics,14230.55,0,0,0,3377.83,19.7,15023.41,18,256149.93
2023-01-12,S02,Pune,West,Grocery,451.89,0,0,0,6087.24,11.1,434.93,25,11297.27
2023-01-12,S02,Pune,West,Home & Kitchen,2207.08,0,0,0,4770.91,19.1,2071.7,12,26484.98
2023-01-12,S03,Delhi,North,Clothing,1811.73,0,0,0,5056.97,12.0,1720.25,20,36234.62
2023-01-12,S03,Delhi,North,Electronics,14746.57,0,0,0,3052.34,18.9,15143.15,10,147465.7
2023-01-12,S03,Delhi,North,Grocery,471.02,0,0,0,5392.44,17.6,438.25,29,13659.56
2023-01-12,S03,Delhi,North,Home & Kitchen,2294.55,0,0,0,4592.13,15.6,2242.85,26,59658.36
2023-01-12,S04,Bengaluru,South,Clothing,1852.62,0,0,0,4207.44,16.7,1822.56,21,38904.94
2023-01-12,S04,Bengaluru,South,Electronics,14165.74,0,0,0,5243.17,17.7,14836.54,15,212486.07
2023-01-12,S04,Bengaluru,South,Grocery,428.75,0,0,0,4453.69,16.3,494.54,31,13291.13
2023-01-12,S04,Bengaluru,South,Home & Kitchen,2219.37,0,0,0,2800.45,11.4,2175.39,17,37729.35
2023-01-13,S01,Mumbai,West,Clothing,1767.76,0,0,0,2356.82,15.7,1917.8,23,40658.52
2023-01-13,S01,Mumbai,West,Electronics,14982.48,0,0,0,3630.68,12.2,14350.99,16,239719.71
2023-01-13,S01,Mumbai,West,Grocery,464.67,0,0,0,3393.57,15.4,476.6,30,13940.09
2023-01-13,S01,Mumbai,West,Home & Kitchen,2290.15,0,0,0,5370.91,15.9,2234.91,22,50383.41
2023-01-13,S02,Pune,West,Clothing,1843.97,0,0,0,3647.98,16.7,1887.65,21,38723.44
2023-01-13,S02,Pune,West,Electronics,15439.32,0,0,0,2490.95,14.1,14256.74,13,200711.14
2023-01-13,S02,Pune,West,Grocery,400.32,10,1,0,2405.94,15.8,444.41,28,11208.95
2023-01-13,S02,Pune,West,Home & Kitchen,2182.14,0,0,0,4870.3,16.8,2226.49,14,30549.95
2023-01-13,S03,Delhi,North,Clothing,1728.5,0,0,0,4343.68,17.1,1863.57,23,39755.51
2023-01-13,S03,Delhi,North,Electronics,11344.08,25,1,0,5655.37,15.0,15438.71,27,306290.08
2023-01-13,S03,Delhi,North,Grocery,440.07,0,0,0,7083.39,13.4,425.77,29,12762.07
2023-01-13,S03,Delhi,North,Home & Kitchen,2111.4,0,0,0,5208.97,15.2,2282.73,27,57007.87
2023-01-13,S04,Bengaluru,South,Clothing,1829.97,0,0,0,7447.22,16.5,1986.33,22,40259.34
2023-01-13,S04,Bengaluru,South,Electronics,12721.82,15,1,0,6670.92,14.2,14222.18,19,241714.61
2023-01-13,S04,Bengaluru,South,Grocery,361.7,20,1,0,3581.2,15.2,432.57,34,12297.84
2023-01-13,S04,Bengaluru,South,Home & Kitchen,1710.74,20,1,0,5120.72,14.1,2093.94,27,46189.91
2023-01-14,S01,Mumbai,West,Clothing,1824.91,0,0,0,4031.05,16.9,1816.79,31,56572.07
2023-01-14,S01,Mumbai,West,Electronics,14859.13,0,0,0,5340.18,17.0,13783.56,28,416055.67
2023-01-14,S01,Mumbai,West,Grocery,453.34,0,0,0,4895.75,13.0,495.29,48,21760.39
2023-01-14,S01,Mumbai,West,Home & Kitchen,2281.82,0,0,0,5929.56,14.6,2179.58,23,52481.85
2023-01-14,S02,Pune,West,Clothing,1810.21,0,0,0,4619.25,14.3,1742.47,32,57926.71
2023-01-14,S02,Pune,West,Electronics,15094.76,0,0,0,5145.67,13.9,14739.57,13,196231.82
2023-01-14,S02,Pune,West,Grocery,464.01,0,0,0,2787.72,15.6,480.22,26,12064.36
2023-01-14,S02,Pune,West,Home & Kitchen,2215.78,0,0,0,3586.8,16.2,2176.59,19,42099.78
2023-01-14,S03,Delhi,North,Clothing,1848.48,0,0,0,3798.56,14.0,1916.9,35,64696.95
2023-01-14,S03,Delhi,North,Electronics,14726.17,0,0,0,,17.5,14685.32,21,309249.64
2023-01-14,S03,Delhi,North,Grocery,390.26,15,1,0,4266.15,15.1,448.05,50,19512.78
2023-01-14,S03,Delhi,North,Home & Kitchen,2101.23,0,0,0,5044.94,16.8,2286.92,24,50429.44
2023-01-14,S04,Bengaluru,South,Clothing,1876.43,0,0,0,5261.41,16.0,1711.08,28,52540.02
2023-01-14,S04,Bengaluru,South,Electronics,15107.43,0,0,0,6761.75,14.1,14223.64,30,453222.79
2023-01-14,S04,Bengaluru,South,Grocery,427.87,10,1,0,2787.67,17.8,435.5,35,14975.35
2023-01-14,S04,Bengaluru,South,Home & Kitchen,1723.02,25,1,0,1839.02,15.0,2078.74,24,41352.49
2023-01-15,S01,Mumbai,West,Clothing,1810.48,0,0,0,2818.04,13.0,1739.75,49,88713.68
2023-01-15,S01,Mumbai,West,Electronics,14631.68,0,0,0,6978.52,16.0,15460.83,32,468213.63
2023-01-15,S01,Mumbai,West,Grocery,456.46,0,0,0,8200.0,18.9,460.27,41,18714.93
2023-01-15,S01,Mumbai,West,Home & Kitchen,2003.44,5,1,0,6584.34,16.3,1982.72,37,74127.32
2023-01-15,S02,Pune,West,Clothing,1798.03,0,0,0,5862.31,16.1,1747.83,33,59334.91
2023-01-15,S02,Pune,West,Electronics,15433.8,0,0,0,6092.03,14.0,14107.55,13,200639.42
2023-01-15,S02,Pune,West,Grocery,424.31,5,1,0,7113.69,16.7,453.21,35,14850.86
2023-01-15,S02,Pune,West,Home & Kitchen,2278.6,0,0,0,1501.71,14.3,2099.63,14,31900.37
2023-01-15,S03,Delhi,North,Clothing,1861.46,0,0,0,6574.37,15.8,1662.25,35,65151.19
2023-01-15,S03,Delhi,North,Electronics,14657.12,0,0,0,7142.64,17.3,13332.8,19,278485.27
2023-01-15,S03,Delhi,North,Grocery,431.99,0,0,0,3796.51,13.9,415.05,41,17711.51
2023-01-15,S03,Delhi,North,Home & Kitchen,2177.82,0,0,0,2031.72,15.9,2121.24,38,82757.05
2023-01-15,S04,Bengaluru,South,Clothing,1725.99,0,0,0,3930.65,15.5,1883.87,28,48327.81
2023-01-15,S04,Bengaluru,South,Electronics,15341.12,0,0,0,5627.18,18.3,14382.96,25,383528.02
2023-01-15,S04,Bengaluru,South,Grocery,394.88,10,1,0,1887.29,18.1,431.22,33,13031.03
2023-01-15,S04,Bengaluru,South,Home & Kitchen,2202.89,0,0,0,4838.71,16.7,2139.84,30,66086.7
2023-01-16,S01,Mumbai,West,Clothing,1683.68,0,0,0,4065.77,10.7,1784.99,29,48826.79
2023-01-16,S01,Mumbai,West,Electronics,15486.65,0,0,0,9213.82,16.1,15473.43,23,356193.01
2023-01-16,S01,Mumbai,West,Grocery,453.3,0,0,0,3991.13,17.5,434.33,32,14505.74
2023-01-16,S01,Mumbai,West,Home & Kitchen,2185.29,0,0,0,6894.56,15.9,2272.4,29,63373.46
2023-01-16,S02,Pune,West,Clothing,1531.79,15,1,0,6701.49,15.3,1729.5,34,52080.75
2023-01-16,S02,Pune,West,Electronics,14616.43,0,0,0,7278.2,15.7,13841.0,23,336177.95
2023-01-16,S02,Pune,West,Grocery,462.22,0,0,0,6823.65,14.4,442.11,27,12480.06
2023-01-16,S02,Pune,West,Home & Kitchen,2241.58,0,0,0,3996.15,17.9,2133.82,20,44831.51
2023-01-16,S03,Delhi,North,Clothing,1857.21,0,0,0,5217.09,16.8,1763.42,32,59430.59
2023-01-16,S03,Delhi,North,Electronics,15768.6,0,0,0,6375.24,17.5,15191.91,22,346909.28
2023-01-16,S03,Delhi,North,Grocery,452.44,0,0,0,3068.07,16.3,464.58,30,13573.21
2023-01-16,S03,Delhi,North,Home & Kitchen,2226.25,0,0,0,5917.2,17.9,2051.87,20,44525.09
2023-01-16,S04,Bengaluru,South,Clothing,1828.21,0,0,0,1920.72,15.0,1755.43,20,36564.13
2023-01-16,S04,Bengaluru,South,Electronics,12245.14,15,1,0,3615.22,15.3,14176.21,22,269393.17
2023-01-16,S04,Bengaluru,South,Grocery,370.06,20,1,0,5325.86,15.9,475.83,45,16652.86
2023-01-16,S04,Bengaluru,South,Home & Kitchen,2157.31,0,0,0,4679.72,13.2,2341.74,26,56090.14
2023-01-17,S01,Mumbai,West,Clothing,1811.19,0,0,0,6116.61,16.8,1752.57,27,48902.01
2023-01-17,S01,Mumbai,West,Electronics,14853.19,0,0,0,4120.12,17.9,15360.18,17,252504.24
2023-01-17,S01,Mumbai,West,Grocery,454.42,0,0,0,5742.91,15.3,464.55,36,16359.26
2023-01-17,S01,Mumbai,West,Home & Kitchen,2198.92,0,0,0,4147.53,17.9,1988.37,18,39580.61
2023-01-17,S02,Pune,West,Clothing,1691.22,10,1,0,7419.7,17.8,1971.6,28,47354.18
2023-01-17,S02,Pune,West,Electronics,15578.15,0,0,0,2159.02,12.0,14120.3,11,171359.68
2023-01-17,S02,Pune,West,Grocery,377.94,15,1,0,5983.55,18.2,446.16,41,15495.38
2023-01-17,S02,Pune,West,Home & Kitchen,2178.44,0,0,0,7186.22,15.0,2276.58,19,41390.28
2023-01-17,S03,Delhi,North,Clothing,1894.22,0,0,0,3704.89,17.0,1755.14,23,43567.09
2023-01-17,S03,Delhi,North,Electronics,14985.13,0,0,0,4753.79,16.9,14879.25,20,299702.7
2023-01-17,S03,Delhi,North,Grocery,447.8,0,0,0,4617.28,13.2,445.54,36,16120.72
2023-01-17,S03,Delhi,North,Home & Kitchen,2225.89,0,0,0,1493.26,16.5,2183.67,17,37840.09
2023-01-17,S04,Bengaluru,South,Clothing,1884.85,0,0,0,4228.96,13.1,1826.37,19,35812.12
2023-01-17,S04,Bengaluru,South,Electronics,14931.78,0,0,0,500.0,13.1,15139.42,8,119454.28
2023-01-17,S04,Bengaluru,South,Grocery,447.22,0,0,0,5474.45,17.2,,26,11627.72
2023-01-17,S04,Bengaluru,South,Home & Kitchen,2269.96,0,0,0,6576.5,15.9,2245.0,20,45399.23
2023-01-18,S01,Mumbai,West,Clothing,1819.79,0,0,0,4436.9,16.9,1918.05,24,43675.06
2023-01-18,S01,Mumbai,West,Electronics,12682.11,15,1,0,8583.54,12.1,15305.8,42,532648.82
2023-01-18,S01,Mumbai,West,Grocery,443.68,0,0,0,5390.2,18.6,450.21,41,18190.74
2023-01-18,S01,Mumbai,West,Home & Kitchen,2128.34,5,1,0,4902.4,13.3,2167.92,23,48951.88
2023-01-18,S02,Pune,West,Clothing,1809.04,0,0,0,6829.51,16.6,1821.16,21,37989.75
2023-01-18,S02,Pune,West,Electronics,15301.66,0,0,0,,13.1,15063.96,18,275429.91
2023-01-18,S02,Pune,West,Grocery,456.28,5,1,0,10311.62,14.5,489.96,38,17338.49
2023-01-18,S02,Pune,West,Home & Kitchen,2203.67,0,0,0,7115.71,17.1,2336.67,19,41869.79
2023-01-18,S03,Delhi,North,Clothing,1761.3,5,1,0,5453.56,,1824.56,26,45793.92
2023-01-18,S03,Delhi,North,Electronics,15050.41,0,0,0,1567.46,17.5,15722.3,11,165554.48
2023-01-18,S03,Delhi,North,Grocery,430.78,0,0,0,3709.97,17.3,449.38,23,9907.86
2023-01-18,S03,Delhi,North,Home & Kitchen,1942.54,15,1,0,7363.44,17.2,2256.91,22,42735.79
2023-01-18,S04,Bengaluru,South,Clothing,1693.72,5,1,0,5054.09,18.8,1865.55,23,38955.58
2023-01-18,S04,Bengaluru,South,Electronics,11668.42,25,1,0,4243.25,15.6,15047.25,30,350052.7
2023-01-18,S04,Bengaluru,South,Grocery,449.74,0,0,0,3395.18,16.9,433.32,22,9894.18
2023-01-18,S04,Bengaluru,South,Home & Kitchen,2252.69,0,0,0,3719.12,16.7,2104.44,19,42801.13
2023-01-19,S01,Mumbai,West,Clothing,1588.92,15,1,0,6640.25,17.0,1781.8,27,42900.97
2023-01-19,S01,Mumbai,West,Electronics,14830.26,0,0,0,5365.63,12.1,14759.59,26,385586.84
2023-01-19,S01,Mumbai,West,Grocery,447.22,0,0,0,4115.72,14.7,444.6,24,10733.31
2023-01-19,S01,Mumbai,West,Home & Kitchen,2185.22,0,0,0,6556.82,14.4,2321.47,23,50259.98
2023-01-19,S02,Pune,West,Clothing,1395.52,20,1,0,5714.78,,1817.61,28,39074.58
2023-01-19,S02,Pune,West,Electronics,14986.0,0,0,0,4820.67,14.8,14447.47,19,284733.92
2023-01-19,S02,Pune,West,Grocery,420.41,0,0,0,3466.11,15.1,459.1,29,12192.02
2023-01-19,S02,Pune,West,Home & Kitchen,2309.93,0,0,0,6409.67,17.5,2083.69,13,30029.14
2023-01-19,S03,Delhi,North,Clothing,1755.1,0,0,0,5466.96,18.6,,31,54408.14
2023-01-19,S03,Delhi,North,Electronics,15379.91,0,0,0,3261.79,13.0,15646.48,15,230698.64
2023-01-19,S03,Delhi,North,Grocery,475.54,0,0,0,4467.57,18.4,412.56,32,15217.32
2023-01-19,S03,Delhi,North,Home & Kitchen,2149.18,0,0,0,3962.58,16.5,2211.91,29,62326.26
2023-01-19,S04,Bengaluru,South,Clothing,1769.12,0,0,0,3393.59,17.5,1835.63,23,40689.76
2023-01-19,S04,Bengaluru,South,Electronics,14218.84,0,0,0,3669.01,15.8,14976.35,18,255939.18
2023-01-19,S04,Bengaluru,South,Grocery,412.54,10,1,0,1676.86,16.2,448.94,38,15676.43
2023-01-19,S04,Bengaluru,South,Home & Kitchen,2238.83,0,0,0,6557.72,15.4,1955.36,23,51493.07
2023-01-20,S01,Mumbai,West,Clothing,1764.62,0,0,0,3915.0,15.0,1813.98,32,56467.76
2023-01-20,S01,Mumbai,West,Electronics,14137.43,0,0,0,4773.13,16.5,15590.61,21,296886.09
2023-01-20,S01,Mumbai,West,Grocery,465.73,0,0,0,5241.7,12.3,430.61,33,15368.97
2023-01-20,S01,Mumbai,West,Home & Kitchen,2193.5,0,0,0,5249.32,17.5,2141.7,22,48256.93
2023-01-20,S02,Pune,West,Clothing,1818.15,0,0,0,5287.78,18.2,1841.98,13,23636.01
2023-01-20,S02,Pune,West,Electronics,11319.98,25,1,0,11017.81,13.6,,28,316959.44
2023-01-20,S02,Pune,West,Grocery,386.82,15,1,0,4136.34,14.7,430.12,26,10057.44
2023-01-20,S02,Pune,West,Home & Kitchen,2249.45,0,0,0,4259.41,18.0,2097.56,15,33741.8
2023-01-20,S03,Delhi,North,Clothing,1800.94,0,0,0,4420.05,17.6,1695.11,29,52227.2
2023-01-20,S03,Delhi,North,Electronics,15394.67,0,0,0,5949.42,19.0,14203.38,12,184736.07
2023-01-20,S03,Delhi,North,Grocery,438.01,0,0,0,4947.98,18.3,451.12,36,15768.27
2023-01-20,S03,Delhi,North,Home & Kitchen,2261.12,0,0,0,3892.63,13.7,1994.38,19,42961.25
2023-01-20,S04,Bengaluru,South,Clothing,1691.07,5,1,0,6805.01,18.0,1845.63,30,50732.0
2023-01-20,S04,Bengaluru,South,Electronics,11997.57,20,1,0,4292.88,16.5,15951.2,26,311936.69
2023-01-20,S04,Bengaluru,South,Grocery,368.08,15,1,0,7411.51,13.1,471.68,35,12882.9
2023-01-20,S04,Bengaluru,South,Home & Kitchen,1662.26,25,1,0,5622.76,16.3,2415.75,31,51530.11
2023-01-21,S01,Mumbai,West,Clothing,1678.93,0,0,0,5097.75,19.0,1851.64,28,47009.99
2023-01-21,S01,Mumbai,West,Electronics,14490.61,0,0,0,5648.89,16.0,14965.83,29,420227.58
2023-01-21,S01,Mumbai,West,Grocery,469.1,0,0,0,4328.25,18.0,439.56,43,20171.17
2023-01-21,S01,Mumbai,West,Home & Kitchen,2169.55,0,0,0,4629.5,14.7,2100.59,25,54238.77
2023-01-21,S02,Pune,West,Clothing,1826.41,0,0,0,2151.39,17.9,1633.26,23,42007.39
2023-01-21,S02,Pune,West,Electronics,15156.12,0,0,0,6328.85,18.1,15307.4,22,333434.59
2023-01-21,S02,Pune,West,Grocery,449.86,0,0,0,4546.68,18.5,439.01,34,15295.16
2023-01-21,S02,Pune,West,Home & Kitchen,2210.02,0,0,0,3814.23,18.0,2276.35,26,57460.51
2023-01-21,S03,Delhi,North,Clothing,1820.81,0,0,0,6222.62,14.1,1795.18,23,41878.71
2023-01-21,S03,Delhi,North,Electronics,14835.27,0,0,0,4518.89,12.4,16754.37,22,326375.87
2023-01-21,S03,Delhi,North,Grocery,437.37,0,0,0,2932.32,16.9,444.62,37,16182.87
2023-01-21,S03,Delhi,North,Home & Kitchen,2090.55,0,0,0,4942.33,15.3,2206.32,18,37629.82
2023-01-21,S04,Bengaluru,South,Clothing,1800.11,0,0,0,3961.13,13.7,1837.92,34,61203.68
2023-01-21,S04,Bengaluru,South,Electronics,14314.87,0,0,0,4051.15,15.2,,32,458075.8
2023-01-21,S04,Bengaluru,South,Grocery,439.65,0,0,0,6377.66,13.8,443.96,44,19344.52
2023-01-21,S04,Bengaluru,South,Home & Kitchen,1807.27,15,1,0,7151.05,16.4,1927.94,21,37952.65
2023-01-22,S01,Mumbai,West,Clothing,1746.17,0,0,0,7881.35,15.1,1733.33,37,64608.45
2023-01-22,S01,Mumbai,West,Electronics,15432.49,0,0,0,5092.87,16.3,14634.66,23,354947.32
2023-01-22,S01,Mumbai,West,Grocery,433.5,0,0,0,4463.29,13.4,446.0,45,19507.58
2023-01-22,S01,Mumbai,West,Home & Kitchen,2269.23,0,0,0,7769.78,14.2,2288.04,44,99846.11
2023-01-22,S02,Pune,West,Clothing,1792.19,0,0,0,8384.3,19.0,1746.54,25,44804.64
2023-01-22,S02,Pune,West,Electronics,14614.47,0,0,0,5559.2,,13838.4,15,219217.06
2023-01-22,S02,Pune,West,Grocery,449.37,0,0,0,4475.29,11.8,423.22,23,10335.49
2023-01-22,S02,Pune,West,Home & Kitchen,2161.5,5,1,0,8924.27,17.9,2154.99,26,56199.04
2023-01-22,S03,Delhi,North,Clothing,1882.02,0,0,0,8186.14,15.0,1749.5,27,50814.64
2023-01-22,S03,Delhi,North,Electronics,15470.68,0,0,0,4834.68,16.6,15291.1,41,634297.96
2023-01-22,S03,Delhi,North,Grocery,441.17,0,0,0,7049.34,16.4,428.48,40,17646.65
2023-01-22,S03,Delhi,North,Home & Kitchen,2136.18,0,0,0,3011.28,14.7,2089.94,23,49132.22
2023-01-22,S04,Bengaluru,South,Clothing,1858.36,0,0,0,3572.62,15.0,1778.48,32,59467.65
2023-01-22,S04,Bengaluru,South,Electronics,14806.71,0,0,0,728.52,19.4,15626.59,15,222100.68
2023-01-22,S04,Bengaluru,South,Grocery,437.77,0,0,0,2657.82,15.3,445.41,34,14884.22
2023-01-22,S04,Bengaluru,South,Home & Kitchen,2129.58,0,0,0,6157.61,15.2,2324.47,41,87312.72
2023-01-23,S01,Mumbai,West,Clothing,1392.61,20,1,0,5372.73,16.8,1817.43,47,65452.52
2023-01-23,S01,Mumbai,West,Electronics,14050.52,0,0,0,5165.59,15.1,14766.08,21,295060.97
2023-01-23,S01,Mumbai,West,Grocery,447.19,0,0,0,2508.09,,468.09,33,14757.22
2023-01-23,S01,Mumbai,West,Home & Kitchen,2104.74,0,0,0,5866.6,14.8,2172.55,34,71561.14
2023-01-23,S02,Pune,West,Clothing,1347.89,25,1,0,5255.07,15.0,1840.95,20,26957.8
2023-01-23,S02,Pune,West,Electronics,14826.74,0,0,0,3162.61,17.2,15060.78,17,252054.64
2023-01-23,S02,Pune,West,Grocery,453.85,0,0,0,5425.22,19.6,,28,12707.88
2023-01-23,S02,Pune,West,Home & Kitchen,2164.16,0,0,0,3375.31,13.5,2260.8,14,30298.18
2023-01-23,S03,Delhi,North,Clothing,1786.44,0,0,0,4367.06,14.5,1786.86,20,35728.81
2023-01-23,S03,Delhi,North,Electronics,14798.01,0,0,0,5920.45,15.9,14036.87,18,266364.14
2023-01-23,S03,Delhi,North,Grocery,420.58,0,0,0,6787.83,15.2,455.05,39,16402.7
2023-01-23,S03,Delhi,North,Home & Kitchen,2182.63,0,0,0,4831.96,17.5,2202.43,26,56748.28
2023-01-23,S04,Bengaluru,South,Clothing,1800.32,0,0,0,3624.4,15.9,1877.2,27,48608.54
2023-01-23,S04,Bengaluru,South,Electronics,14637.75,0,0,0,3212.4,14.2,15121.07,16,234204.01
2023-01-23,S04,Bengaluru,South,Grocery,472.83,0,0,0,2961.9,16.1,441.69,27,12766.33
2023-01-23,S04,Bengaluru,South,Home & Kitchen,2173.5,0,0,0,5071.84,14.6,2254.39,21,45643.45
2023-01-24,S01,Mumbai,West,Clothing,1563.81,15,1,0,6691.97,17.2,1824.7,34,53169.71
2023-01-24,S01,Mumbai,West,Electronics,14655.16,0,0,0,4387.5,17.3,16515.48,21,307758.32
2023-01-24,S01,Mumbai,West,Grocery,461.33,0,0,0,4963.35,16.4,461.5,30,13839.91
2023-01-24,S01,Mumbai,West,Home & Kitchen,2171.79,0,0,0,4714.18,15.8,2155.44,20,43435.89
2023-01-24,S02,Pune,West,Clothing,1742.42,0,0,0,5977.54,16.6,1799.63,20,34848.49
2023-01-24,S02,Pune,West,Electronics,15149.01,0,0,0,1820.02,16.9,15636.06,14,212086.07
2023-01-24,S02,Pune,West,Grocery,450.79,0,0,0,3885.72,18.9,486.18,36,16228.4
2023-01-24,S02,Pune,West,Home & Kitchen,2221.71,0,0,0,5059.1,14.3,2153.51,12,26660.49
2023-01-24,S03,Delhi,North,Clothing,1765.85,0,0,0,4572.58,15.9,1880.34,28,49443.93
2023-01-24,S03,Delhi,North,Electronics,15457.31,0,0,0,6697.71,14.7,14141.91,16,247316.96
2023-01-24,S03,Delhi,North,Grocery,445.58,0,0,0,4310.11,16.9,441.03,36,16041.0
2023-01-24,S03,Delhi,North,Home & Kitchen,2127.38,0,0,0,3356.18,17.7,2306.1,24,51057.09
2023-01-24,S04,Bengaluru,South,Clothing,1861.15,0,0,0,2871.16,16.7,1881.97,30,55834.59
2023-01-24,S04,Bengaluru,South,Electronics,15168.42,0,0,0,5819.46,12.1,15231.89,21,318536.87
2023-01-24,S04,Bengaluru,South,Grocery,464.23,0,0,0,5927.73,13.6,433.74,23,10677.37
2023-01-24,S04,Bengaluru,South,Home & Kitchen,1862.26,10,1,0,6494.19,16.3,2178.16,20,37245.16
2023-01-25,S01,Mumbai,West,Clothing,1405.3,15,1,0,3182.05,19.4,1660.13,31,43564.36
2023-01-25,S01,Mumbai,West,Electronics,14820.13,0,0,0,2902.84,17.9,13698.77,20,296402.52
2023-01-25,S01,Mumbai,West,Grocery,475.41,0,0,0,6348.64,16.8,491.08,47,22344.18
2023-01-25,S01,Mumbai,West,Home & Kitchen,2078.32,0,0,0,3971.08,15.8,2340.25,25,51957.93
2023-01-25,S02,Pune,West,Clothing,1624.72,10,1,0,5253.85,13.6,1998.49,29,47116.82
2023-01-25,S02,Pune,West,Electronics,14808.69,0,0,0,5058.27,15.6,15700.92,16,236939.04
2023-01-25,S02,Pune,West,Grocery,452.96,0,0,0,5851.27,14.9,446.26,27,12229.84
2023-01-25,S02,Pune,West,Home & Kitchen,2323.79,0,0,0,7534.24,13.3,2263.47,13,30209.28
2023-01-25,S03,Delhi,North,Clothing,1710.69,0,0,0,3755.11,17.3,1654.43,22,37635.11
2023-01-25,S03,Delhi,North,Electronics,14444.78,0,0,0,3831.76,14.0,13366.68,13,187782.2
2023-01-25,S03,Delhi,North,Grocery,441.17,0,0,0,7222.78,15.8,456.63,27,11911.58
2023-01-25,S03,Delhi,North,Home & Kitchen,2236.11,0,0,0,3066.0,15.8,1925.73,22,49194.41
2023-01-25,S04,Bengaluru,South,Clothing,1826.09,0,0,0,4143.42,14.5,1770.11,15,27391.32
2023-01-25,S04,Bengaluru,South,Electronics,14867.14,0,0,0,6563.2,13.0,15695.78,22,327077.13
2023-01-25,S04,Bengaluru,South,Grocery,463.34,0,0,0,1850.06,11.8,485.94,21,9730.04
2023-01-25,S04,Bengaluru,South,Home & Kitchen,2218.71,0,0,0,4136.63,13.7,2136.84,17,37718.11
2023-01-26,S01,Mumbai,West,Clothing,1775.79,0,0,1,7280.16,15.4,1822.74,31,55049.45
2023-01-26,S01,Mumbai,West,Electronics,15784.63,0,0,1,2684.56,17.0,15374.84,23,363046.49
2023-01-26,S01,Mumbai,West,Grocery,474.06,0,0,1,5086.14,17.7,465.17,39,18488.2
2023-01-26,S01,Mumbai,West,Home & Kitchen,2132.04,0,0,1,6989.77,15.6,2071.6,23,49037.01
2023-01-26,S02,Pune,West,Clothing,1560.98,10,1,1,5212.06,15.9,1751.83,33,51512.21
2023-01-26,S02,Pune,West,Electronics,14338.76,0,0,1,4850.95,18.0,15387.43,26,372807.8
2023-01-26,S02,Pune,West,Grocery,455.51,0,0,1,5815.41,18.1,419.92,31,14120.79
2023-01-26,S02,Pune,West,Home & Kitchen,2243.13,0,0,1,5185.92,13.1,2048.89,17,38133.28
2023-01-26,S03,Delhi,North,Clothing,1662.43,10,1,1,5723.71,12.3,1789.76,27,44885.68
2023-01-26,S03,Delhi,North,Electronics,14861.97,0,0,1,5887.48,17.1,15572.73,26,386411.14
2023-01-26,S03,Delhi,North,Grocery,347.55,25,1,1,6699.25,12.3,463.91,74,25718.49
2023-01-26,S03,Delhi,North,Home & Kitchen,2157.03,0,0,1,4672.34,16.3,2365.78,32,69025.08
2023-01-26,S04,Bengaluru,South,Clothing,1850.6,0,0,1,4182.03,19.5,1729.66,25,46264.88
2023-01-26,S04,Bengaluru,South,Electronics,14425.52,0,0,1,3906.99,14.5,14142.61,25,360638.11
2023-01-26,S04,Bengaluru,South,Grocery,463.64,0,0,1,2693.75,15.8,426.07,33,15300.11
2023-01-26,S04,Bengaluru,South,Home & Kitchen,1645.99,25,1,1,8157.64,11.4,2284.23,50,82299.51
2023-01-27,S01,Mumbai,West,Clothing,1876.99,0,0,0,4284.19,14.7,1795.88,24,45047.83
2023-01-27,S01,Mumbai,West,Electronics,15345.87,0,0,0,5979.87,15.5,13740.67,18,276225.69
2023-01-27,S01,Mumbai,West,Grocery,439.26,0,0,0,6635.76,17.2,459.55,45,19766.58
2023-01-27,S01,Mumbai,West,Home & Kitchen,2220.93,0,0,0,5310.5,13.9,2149.44,32,71069.88
2023-01-27,S02,Pune,West,Clothing,1786.46,0,0,0,4644.5,16.8,1884.89,22,39302.08
2023-01-27,S02,Pune,West,Electronics,15132.7,0,0,0,4598.29,16.9,14960.86,15,226990.5
2023-01-27,S02,Pune,West,Grocery,473.61,0,0,0,7420.07,16.3,459.7,26,12313.89
2023-01-27,S02,Pune,West,Home & Kitchen,2306.98,0,0,0,4559.78,19.1,2260.43,18,41525.57
2023-01-27,S03,Delhi,North,Clothing,1811.29,0,0,0,2059.44,12.0,1746.81,26,47093.67
2023-01-27,S03,Delhi,North,Electronics,11325.13,25,1,0,8900.61,17.6,14604.85,31,351078.94
2023-01-27,S03,Delhi,North,Grocery,386.13,15,1,0,7978.46,14.8,425.59,43,16603.39
2023-01-27,S03,Delhi,North,Home & Kitchen,1699.65,25,1,0,8202.33,12.8,2084.94,32,54388.86
2023-01-27,S04,Bengaluru,South,Clothing,1802.63,0,0,0,4632.68,17.8,1824.85,28,50473.65
2023-01-27,S04,Bengaluru,South,Electronics,15685.45,0,0,0,6036.06,16.9,14509.43,11,172539.95
2023-01-27,S04,Bengaluru,South,Grocery,460.92,0,0,0,6950.25,16.0,453.33,25,11522.98
2023-01-27,S04,Bengaluru,South,Home & Kitchen,2203.31,0,0,0,9041.72,14.5,2320.34,23,50676.23
2023-01-28,S01,Mumbai,West,Clothing,1350.29,25,1,0,7890.96,13.0,1811.7,50,67514.61
2023-01-28,S01,Mumbai,West,Electronics,12536.88,15,1,0,5501.94,11.8,14918.82,33,413717.12
2023-01-28,S01,Mumbai,West,Grocery,467.21,0,0,0,5870.49,17.1,443.11,30,14016.39
2023-01-28,S01,Mumbai,West,Home & Kitchen,2111.08,5,1,0,6044.13,17.5,2295.31,36,75998.77
2023-01-28,S02,Pune,West,Clothing,1322.89,25,1,0,3758.79,14.7,1872.54,54,71436.19
2023-01-28,S02,Pune,West,Electronics,15376.22,0,0,0,4429.35,15.4,,26,399781.6
2023-01-28,S02,Pune,West,Grocery,392.03,5,1,0,5117.2,19.3,441.17,41,16073.29
2023-01-28,S02,Pune,West,Home & Kitchen,1755.58,20,1,0,8087.71,14.0,1969.08,35,61445.21
2023-01-28,S03,Delhi,North,Clothing,1753.21,0,0,0,6649.01,14.3,1802.13,21,36817.36
2023-01-28,S03,Delhi,North,Electronics,15162.36,0,0,0,7141.96,15.8,14369.71,27,409383.64
2023-01-28,S03,Delhi,North,Grocery,432.88,0,0,0,2965.2,17.6,452.41,31,13419.42
2023-01-28,S03,Delhi,North,Home & Kitchen,1693.0,25,1,0,7300.04,15.2,2309.55,53,89728.74
2023-01-28,S04,Bengaluru,South,Clothing,1786.87,0,0,0,5573.07,16.4,1819.08,29,51819.36
2023-01-28,S04,Bengaluru,South,Electronics,15080.12,0,0,0,1115.89,15.6,15054.88,23,346842.81
2023-01-28,S04,Bengaluru,South,Grocery,428.09,0,0,0,3965.1,17.7,431.68,43,18407.86
2023-01-28,S04,Bengaluru,South,Home & Kitchen,2303.27,0,0,0,2812.8,14.8,2321.32,29,66794.82
2023-01-29,S01,Mumbai,West,Clothing,1848.4,0,0,0,4815.23,19.1,1803.21,32,59148.84
2023-01-29,S01,Mumbai,West,Electronics,14028.33,10,1,0,4927.04,17.5,14674.78,24,336679.87
2023-01-29,S01,Mumbai,West,Grocery,450.79,0,0,0,4910.69,14.4,426.66,48,21638.0
2023-01-29,S01,Mumbai,West,Home & Kitchen,2179.33,0,0,0,6014.41,18.7,2064.49,32,69738.54
2023-01-29,S02,Pune,West,Clothing,1853.08,0,0,0,1279.68,16.7,1812.85,20,37061.54
2023-01-29,S02,Pune,West,Electronics,15480.84,0,0,0,3877.47,12.6,14938.23,25,387021.01
2023-01-29,S02,Pune,West,Grocery,451.19,5,1,0,6606.55,17.9,462.63,28,12633.29
2023-01-29,S02,Pune,West,Home & Kitchen,1843.28,15,1,0,6129.62,13.7,2301.79,24,44238.84
2023-01-29,S03,Delhi,North,Clothing,1841.61,0,0,0,2998.75,18.7,1747.17,23,42357.01
2023-01-29,S03,Delhi,North,Electronics,14620.38,0,0,0,4203.77,15.4,14517.02,13,190064.91
2023-01-29,S03,Delhi,North,Grocery,441.18,0,0,0,4495.47,13.7,451.98,49,21617.8
2023-01-29,S03,Delhi,North,Home & Kitchen,2155.44,0,0,0,4184.33,11.0,2292.51,25,53885.98
2023-01-29,S04,Bengaluru,South,Clothing,1296.18,25,1,0,8755.75,16.6,1655.83,49,63512.8
2023-01-29,S04,Bengaluru,South,Electronics,15444.08,0,0,0,5405.18,16.7,15031.14,23,355213.83
2023-01-29,S04,Bengaluru,South,Grocery,441.95,0,0,0,4822.31,19.9,457.79,48,21213.54
2023-01-29,S04,Bengaluru,South,Home & Kitchen,2124.42,0,0,0,5102.36,16.2,2322.62,29,61608.25
2023-01-30,S01,Mumbai,West,Clothing,1711.34,0,0,0,5917.37,16.8,1823.33,32,54762.97
2023-01-30,S01,Mumbai,West,Electronics,14666.77,0,0,0,5012.76,18.4,13436.23,18,264001.82
2023-01-30,S01,Mumbai,West,Grocery,464.1,0,0,0,4058.11,16.6,437.18,22,10210.19
2023-01-30,S01,Mumbai,West,Home & Kitchen,2274.18,0,0,0,6320.13,12.2,2395.29,32,72773.86
2023-01-30,S02,Pune,West,Clothing,1883.7,0,0,0,6739.54,16.3,1829.2,22,41441.33
2023-01-30,S02,Pune,West,Electronics,15239.54,0,0,0,3533.54,17.0,16240.1,15,228593.1
2023-01-30,S02,Pune,West,Grocery,484.56,0,0,0,5908.76,20.4,444.55,27,13083.05
2023-01-30,S02,Pune,West,Home & Kitchen,2276.57,0,0,0,5294.26,15.9,2196.26,16,36425.19
2023-01-30,S03,Delhi,North,Clothing,1781.63,0,0,0,3790.54,16.5,1693.78,30,53448.94
2023-01-30,S03,Delhi,North,Electronics,14258.06,0,0,0,5442.31,18.6,14774.54,18,256645.04
2023-01-30,S03,Delhi,North,Grocery,479.1,0,0,0,5942.33,13.7,477.98,20,9582.04
2023-01-30,S03,Delhi,North,Home & Kitchen,2176.76,0,0,0,4754.42,17.6,2166.87,14,30474.58
2023-01-30,S04,Bengaluru,South,Clothing,1668.71,0,0,0,6515.48,15.6,1820.76,27,45055.07
2023-01-30,S04,Bengaluru,South,Electronics,14507.15,0,0,0,6777.04,14.6,13934.09,22,319157.2
2023-01-30,S04,Bengaluru,South,Grocery,380.01,15,1,0,3586.66,13.3,443.07,33,12540.28
2023-01-30,S04,Bengaluru,South,Home & Kitchen,2208.95,0,0,0,4566.99,16.1,2033.88,22,48596.91
2023-01-31,S01,Mumbai,West,Clothing,1713.49,0,0,0,6006.52,16.9,1920.36,23,39410.33
2023-01-31,S01,Mumbai,West,Electronics,15454.09,0,0,0,6192.4,17.3,15291.78,21,324535.99
2023-01-31,S01,Mumbai,West,Grocery,460.64,0,0,0,4270.6,13.0,434.25,18,8291.55
2023-01-31,S01,Mumbai,West,Home & Kitchen,2289.37,0,0,0,5824.8,12.9,2176.15,26,59523.54
2023-01-31,S02,Pune,West,Clothing,1738.21,0,0,0,5818.55,15.1,1773.88,16,27811.3
2023-01-31,S02,Pune,West,Electronics,15368.24,0,0,0,7084.26,13.5,15204.8,15,230523.57
2023-01-31,S02,Pune,West,Grocery,426.36,0,0,0,4989.16,12.9,482.52,29,12364.45
2023-01-31,S02,Pune,West,Home & Kitchen,2079.33,0,0,0,7272.07,14.5,2248.54,26,54062.61
2023-01-31,S03,Delhi,North,Clothing,1728.46,0,0,0,5125.72,19.2,1835.38,27,46668.53
2023-01-31,S03,Delhi,North,Electronics,15207.14,0,0,0,6126.13,15.2,15431.74,21,319349.91
2023-01-31,S03,Delhi,North,Grocery,393.92,10,1,0,5704.93,15.6,468.92,34,13393.3
2023-01-31,S03,Delhi,North,Home & Kitchen,2194.1,0,0,0,4185.51,20.5,2249.99,15,32911.55
2023-01-31,S04,Bengaluru,South,Clothing,1778.8,0,0,0,2654.72,14.6,1727.91,27,48027.57
2023-01-31,S04,Bengaluru,South,Electronics,14823.08,0,0,0,5773.49,16.8,15571.53,15,222346.16
2023-01-31,S04,Bengaluru,South,Grocery,451.78,0,0,0,6484.3,16.7,449.88,30,13553.5
2023-01-31,S04,Bengaluru,South,Home & Kitchen,2124.92,0,0,0,5669.82,14.6,2125.11,16,33998.7
2023-02-01,S01,Mumbai,West,Clothing,1877.61,0,0,0,4321.34,23.3,1693.84,22,41307.44
2023-02-01,S01,Mumbai,West,Electronics,14388.51,0,0,0,5270.55,15.3,14714.97,29,417266.65
2023-02-01,S01,Mumbai,West,Grocery,411.29,5,1,0,3353.08,20.2,392.38,44,18096.75
2023-02-01,S01,Mumbai,West,Home & Kitchen,2195.43,0,0,0,6325.96,19.1,2296.2,25,54885.77
2023-02-01,S02,Pune,West,Clothing,1349.81,25,1,0,4351.46,19.9,1622.41,29,39144.57
2023-02-01,S02,Pune,West,Electronics,15444.38,0,0,0,3670.21,17.8,14919.84,23,355220.72
2023-02-01,S02,Pune,West,Grocery,450.65,0,0,0,4682.5,17.5,429.51,30,13519.38
2023-02-01,S02,Pune,West,Home & Kitchen,2211.89,0,0,0,1182.61,21.6,2226.08,12,26542.71
2023-02-01,S03,Delhi,North,Clothing,1591.08,15,1,0,8479.38,16.8,2049.43,37,58870.11
2023-02-01,S03,Delhi,North,Electronics,14906.99,0,0,0,5030.23,17.0,13766.65,21,313046.7
2023-02-01,S03,Delhi,North,Grocery,461.12,0,0,0,4736.19,,442.16,32,14755.77
2023-02-01,S03,Delhi,North,Home & Kitchen,2289.39,0,0,0,3208.66,16.0,2122.84,21,48077.16
2023-02-01,S04,Bengaluru,South,Clothing,1663.57,0,0,0,6340.34,12.2,1627.59,28,46579.92
2023-02-01,S04,Bengaluru,South,Electronics,15449.6,0,0,0,4960.23,13.9,16079.59,15,231743.97
2023-02-01,S04,Bengaluru,South,Grocery,436.27,0,0,0,4636.09,21.8,446.36,23,10034.19
2023-02-01,S04,Bengaluru,South,Home & Kitchen,2284.05,0,0,0,2581.95,,2130.38,22,50249.2
2023-02-02,S01,Mumbai,West,Clothing,1805.47,0,0,0,6637.86,17.7,1769.21,29,52358.5
2023-02-02,S01,Mumbai,West,Electronics,15482.97,0,0,0,4015.92,18.4,13425.6,18,278693.39
2023-02-02,S01,Mumbai,West,Grocery,457.42,0,0,0,4599.38,14.3,427.31,46,21041.53
2023-02-02,S01,Mumbai,West,Home & Kitchen,2216.53,0,0,0,5677.06,20.2,2295.97,24,53196.69
2023-02-02,S02,Pune,West,Clothing,1783.24,0,0,0,5677.87,16.6,1831.43,25,44581.01
2023-02-02,S02,Pune,West,Electronics,11276.88,25,1,0,5502.93,17.2,15422.77,29,327029.63
2023-02-02,S02,Pune,West,Grocery,468.51,0,0,0,1904.36,13.6,423.78,23,10775.79
2023-02-02,S02,Pune,West,Home & Kitchen,2154.64,5,1,0,6645.91,16.5,2012.36,20,43092.72
2023-02-02,S03,Delhi,North,Clothing,1688.59,0,0,0,3718.61,15.4,1790.95,26,43903.41
2023-02-02,S03,Delhi,North,Electronics,14824.16,0,0,0,4626.21,16.7,14197.65,13,192714.11
2023-02-02,S03,Delhi,North,Grocery,440.82,0,0,0,4833.99,18.5,440.42,36,15869.47
2023-02-02,S03,Delhi,North,Home & Kitchen,2137.8,0,0,0,,17.5,2010.15,15,32066.97
2023-02-02,S04,Bengaluru,South,Clothing,1794.92,0,0,0,6624.18,18.8,1835.46,29,52052.66
2023-02-02,S04,Bengaluru,South,Electronics,14662.51,0,0,0,1174.41,17.4,16022.74,18,263925.24
2023-02-02,S04,Bengaluru,South,Grocery,431.3,0,0,0,6283.03,14.4,419.54,34,14664.07
2023-02-02,S04,Bengaluru,South,Home & Kitchen,2132.08,0,0,0,3417.25,18.8,2206.41,21,44773.78
2023-02-03,S01,Mumbai,West,Clothing,1805.58,0,0,0,3861.52,14.5,1860.0,20,36111.54
2023-02-03,S01,Mumbai,West,Electronics,14817.24,0,0,0,6839.44,18.8,15629.68,23,340796.52
2023-02-03,S01,Mumbai,West,Grocery,463.58,0,0,0,5219.0,16.4,486.05,39,18079.5
2023-02-03,S01,Mumbai,West,Home & Kitchen,2170.13,0,0,0,5832.34,12.8,2183.25,24,52083.17
2023-02-03,S02,Pune,West,Clothing,1825.08,0,0,0,6235.9,17.3,1838.56,21,38326.67
2023-02-03,S02,Pune,West,Electronics,10534.87,25,1,0,5929.66,14.4,15037.29,30,316045.97
2023-02-03,S02,Pune,West,Grocery,462.4,0,0,0,5125.09,16.0,471.1,20,9248.0
2023-02-03,S02,Pune,West,Home & Kitchen,2237.13,0,0,0,3850.52,18.0,2350.35,21,46979.64
2023-02-03,S03,Delhi,North,Clothing,1807.77,0,0,0,4719.99,13.7,1734.65,30,54232.95
2023-02-03,S03,Delhi,North,Electronics,15744.48,0,0,0,2404.31,22.0,15348.78,19,299145.14
2023-02-03,S03,Delhi,North,Grocery,436.46,0,0,0,5560.19,18.4,453.37,40,17458.36
2023-02-03,S03,Delhi,North,Home & Kitchen,2043.33,0,0,0,5397.03,17.9,2325.15,28,57213.36
2023-02-03,S04,Bengaluru,South,Clothing,1835.7,0,0,0,6136.48,17.2,1691.29,29,53235.41
2023-02-03,S04,Bengaluru,South,Electronics,14247.83,5,1,0,9402.8,18.2,14480.05,32,455930.58
2023-02-03,S04,Bengaluru,South,Grocery,435.78,0,0,0,3961.19,15.1,442.95,31,13509.17
2023-02-03,S04,Bengaluru,South,Home & Kitchen,2324.94,0,0,0,7589.06,16.6,2231.32,20,46498.82
2023-02-04,S01,Mumbai,West,Clothing,1739.62,0,0,0,6166.9,16.7,1843.28,44,76543.27
2023-02-04,S01,Mumbai,West,Electronics,14537.17,0,0,0,7368.78,20.2,16076.25,38,552412.58
2023-02-04,S01,Mumbai,West,Grocery,382.27,15,1,0,9087.76,14.4,458.29,75,28670.15
2023-02-04,S01,Mumbai,West,Home & Kitchen,2241.37,0,0,0,3902.54,18.7,2147.31,33,73965.36
2023-02-04,S02,Pune,West,Clothing,1805.2,0,0,0,3960.47,14.1,,25,45129.93
2023-02-04,S02,Pune,West,Electronics,15521.9,0,0,0,6059.42,17.6,15169.34,24,372525.64
2023-02-04,S02,Pune,West,Grocery,472.63,0,0,0,5893.25,21.6,404.92,40,18905.15
2023-02-04,S02,Pune,West,Home & Kitchen,2061.23,0,0,0,4689.17,15.5,2236.79,29,59775.81
2023-02-04,S03,Delhi,North,Clothing,1794.02,0,0,0,5440.28,15.4,1734.37,34,60996.53
2023-02-04,S03,Delhi,North,Electronics,14868.14,0,0,0,3702.39,15.4,,25,371703.62
2023-02-04,S03,Delhi,North,Grocery,420.55,5,1,0,6200.64,19.0,424.72,36,15139.82
2023-02-04,S03,Delhi,North,Home & Kitchen,2172.05,0,0,0,3904.55,14.8,2124.85,24,52129.16
2023-02-04,S04,Bengaluru,South,Clothing,1801.28,0,0,0,4322.66,19.4,1916.1,31,55839.56
2023-02-04,S04,Bengaluru,South,Electronics,14970.54,0,0,0,7911.43,15.2,,29,434145.73
2023-02-04,S04,Bengaluru,South,Grocery,329.82,25,1,0,3636.42,19.0,,69,22757.62
2023-02-04,S04,Bengaluru,South,Home & Kitchen,2136.29,0,0,0,7196.67,15.1,2317.87,19,40589.51
2023-02-05,S01,Mumbai,West,Clothing,1534.63,15,1,0,5297.63,15.1,1841.35,53,81335.17
2023-02-05,S01,Mumbai,West,Electronics,14902.29,0,0,0,5741.83,15.3,16117.59,31,461970.85
2023-02-05,S01,Mumbai,West,Grocery,446.67,0,0,0,5792.48,15.6,441.53,43,19207.01
2023-02-05,S01,Mumbai,West,Home & Kitchen,2121.19,0,0,0,7715.53,20.3,2195.27,44,93332.45
2023-02-05,S02,Pune,West,Clothing,1779.08,0,0,0,5617.77,18.1,1805.68,28,49814.29
2023-02-05,S02,Pune,West,Electronics,14598.01,0,0,0,3722.25,17.5,14814.96,23,335754.16
2023-02-05,S02,Pune,West,Grocery,455.02,0,0,0,4913.28,18.0,446.13,35,15925.74
2023-02-05,S02,Pune,West,Home & Kitchen,1583.37,25,1,0,6203.32,13.7,2283.2,46,72835.17
2023-02-05,S03,Delhi,North,Clothing,1711.51,0,0,0,3992.63,15.8,1884.12,28,47922.2
2023-02-05,S03,Delhi,North,Electronics,14767.38,0,0,0,3957.01,18.7,15436.71,25,369184.55
2023-02-05,S03,Delhi,North,Grocery,469.85,0,0,0,7337.13,17.5,428.09,28,13155.81
2023-02-05,S03,Delhi,North,Home & Kitchen,1818.41,15,1,0,5890.85,16.8,2398.09,30,54552.35
2023-02-05,S04,Bengaluru,South,Clothing,1647.37,0,0,0,7196.67,18.2,1870.7,37,60952.85
2023-02-05,S04,Bengaluru,South,Electronics,13936.67,0,0,0,6051.35,20.4,14697.62,27,376290.16
2023-02-05,S04,Bengaluru,South,Grocery,445.03,0,0,0,4566.54,17.4,449.32,34,15131.18
2023-02-05,S04,Bengaluru,South,Home & Kitchen,1776.39,20,1,0,3117.33,16.2,2197.06,35,62173.51
2023-02-06,S01,Mumbai,West,Clothing,1738.12,0,0,0,5524.34,16.3,2047.82,29,50405.46
2023-02-06,S01,Mumbai,West,Electronics,12856.08,15,1,0,7752.59,16.6,15269.22,31,398538.61
2023-02-06,S01,Mumbai,West,Grocery,428.78,0,0,0,3702.72,17.1,458.97,42,18008.87
2023-02-06,S01,Mumbai,West,Home & Kitchen,2318.53,0,0,0,3149.49,15.3,2278.4,20,46370.5
2023-02-06,S02,Pune,West,Clothing,1805.06,0,0,0,6510.2,16.1,1887.34,13,23465.81
2023-02-06,S02,Pune,West,Electronics,14491.11,0,0,0,6467.1,17.5,14688.8,20,289822.11
2023-02-06,S02,Pune,West,Grocery,422.56,0,0,0,3826.59,19.0,468.01,30,12676.72
2023-02-06,S02,Pune,West,Home & Kitchen,2192.45,0,0,0,3986.79,15.6,2112.09,14,30694.31
2023-02-06,S03,Delhi,North,Clothing,1363.18,25,1,0,5783.12,12.2,1721.07,42,57253.53
2023-02-06,S03,Delhi,North,Electronics,14189.94,0,0,0,3107.94,13.7,14626.9,15,212849.11
2023-02-06,S03,Delhi,North,Grocery,430.19,0,0,0,3515.87,15.4,439.47,37,15917.06
2023-02-06,S03,Delhi,North,Home & Kitchen,2098.91,0,0,0,3468.99,18.0,2297.13,18,37780.46
2023-02-06,S04,Bengaluru,South,Clothing,1777.08,0,0,0,3653.2,17.0,1822.24,25,44426.98
2023-02-06,S04,Bengaluru,South,Electronics,14969.06,0,0,0,6997.82,13.3,15052.87,24,359257.39
2023-02-06,S04,Bengaluru,South,Grocery,455.75,0,0,0,3472.9,17.6,432.92,26,11849.54
2023-02-06,S04,Bengaluru,South,Home & Kitchen,2233.67,0,0,0,7956.92,18.4,2286.13,21,46907.14
2023-02-07,S01,Mumbai,West,Clothing,1770.89,5,1,0,5168.41,16.3,1855.27,25,44272.16
2023-02-07,S01,Mumbai,West,Electronics,14777.36,0,0,0,6862.94,18.6,15034.54,27,398988.81
2023-02-07,S01,Mumbai,West,Grocery,459.23,0,0,0,2840.95,16.0,406.05,21,9643.81
2023-02-07,S01,Mumbai,West,Home & Kitchen,2275.24,0,0,0,5464.07,20.2,2091.49,20,45504.78
2023-02-07,S02,Pune,West,Clothing,1788.41,0,0,0,2842.47,19.0,1722.06,14,25037.72
2023-02-07,S02,Pune,West,Electronics,10877.6,25,1,0,4956.6,17.4,15747.0,24,261062.4
2023-02-07,S02,Pune,West,Grocery,350.71,25,1,0,2977.41,18.1,400.63,53,18587.6
2023-02-07,S02,Pune,West,Home & Kitchen,2231.34,0,0,0,5342.78,15.6,2226.49,20,44626.82
2023-02-07,S03,Delhi,North,Clothing,1762.55,0,0,0,2614.25,15.4,1916.97,29,51114.04
2023-02-07,S03,Delhi,North,Electronics,14512.74,0,0,0,5164.25,15.2,16181.11,12,174152.87
2023-02-07,S03,Delhi,North,Grocery,458.86,0,0,0,5141.78,14.6,396.41,30,13765.91
2023-02-07,S03,Delhi,North,Home & Kitchen,2197.57,0,0,0,6187.66,17.4,2107.09,30,65927.04
2023-02-07,S04,Bengaluru,South,Clothing,1828.16,0,0,0,6600.15,17.3,1925.27,24,43875.74
2023-02-07,S04,Bengaluru,South,Electronics,14811.51,0,0,0,5003.11,18.4,15826.54,31,459156.88
2023-02-07,S04,Bengaluru,South,Grocery,447.92,0,0,0,3960.72,18.3,439.26,29,12989.68
2023-02-07,S04,Bengaluru,South,Home & Kitchen,2144.18,5,1,0,4661.8,14.1,2161.2,26,55748.78
2023-02-08,S01,Mumbai,West,Clothing,1947.3,0,0,0,5074.96,15.9,1901.78,30,58419.09
2023-02-08,S01,Mumbai,West,Electronics,15249.28,0,0,0,6695.15,17.2,15996.12,25,381231.98
2023-02-08,S01,Mumbai,West,Grocery,430.18,5,1,0,5628.21,19.4,456.35,42,18067.44
2023-02-08,S01,Mumbai,West,Home & Kitchen,2120.87,0,0,0,2994.85,16.7,2067.64,17,36054.8
2023-02-08,S02,Pune,West,Clothing,1508.65,20,1,0,6960.14,14.4,1932.15,27,40733.57
2023-02-08,S02,Pune,West,Electronics,13700.35,15,1,0,5708.59,15.8,13537.24,19,260306.67
2023-02-08,S02,Pune,West,Grocery,458.58,0,0,0,5679.59,18.0,451.45,37,16967.42
2023-02-08,S02,Pune,West,Home & Kitchen,2233.93,0,0,0,5578.05,15.6,2055.91,23,51380.45
2023-02-08,S03,Delhi,North,Clothing,1890.91,0,0,0,4208.46,15.4,1652.69,26,49163.75
2023-02-08,S03,Delhi,North,Electronics,15394.12,0,0,0,6299.84,16.5,15156.5,23,354064.73
2023-02-08,S03,Delhi,North,Grocery,349.85,25,1,0,7267.05,18.2,427.73,50,17492.34
2023-02-08,S03,Delhi,North,Home & Kitchen,1910.3,10,1,0,7150.2,17.2,2264.74,22,42026.66
2023-02-08,S04,Bengaluru,South,Clothing,1867.46,0,0,0,6554.83,15.6,1886.84,33,61626.04
2023-02-08,S04,Bengaluru,South,Electronics,14925.35,0,0,0,6142.0,18.7,16005.48,15,223880.25
2023-02-08,S04,Bengaluru,South,Grocery,349.84,25,1,0,4154.62,18.6,444.93,35,12244.29
2023-02-08,S04,Bengaluru,South,Home & Kitchen,2129.22,0,0,0,6255.73,18.3,2426.5,27,57488.81
2023-02-09,S01,Mumbai,West,Clothing,1552.21,15,1,0,4065.55,14.3,1772.36,41,63640.73
2023-02-09,S01,Mumbai,West,Electronics,14737.65,0,0,0,5921.15,14.8,16261.79,27,397916.62
2023-02-09,S01,Mumbai,West,Grocery,415.67,5,1,0,7461.18,17.5,478.74,49,20367.98
2023-02-09,S01,Mumbai,West,Home & Kitchen,1718.34,20,1,0,5823.37,17.7,2363.26,26,44676.84
2023-02-09,S02,Pune,West,Clothing,1757.14,0,0,0,5546.58,17.9,1711.09,18,31628.58
2023-02-09,S02,Pune,West,Electronics,15198.25,0,0,0,7464.65,18.3,15358.95,23,349559.67
2023-02-09,S02,Pune,West,Grocery,469.8,0,0,0,5049.7,16.0,416.34,29,13624.07
2023-02-09,S02,Pune,West,Home & Kitchen,2199.59,0,0,0,5305.18,13.9,2216.41,18,39592.68
2023-02-09,S03,Delhi,North,Clothing,1854.22,0,0,0,6845.68,17.1,1817.31,28,51918.09
2023-02-09,S03,Delhi,North,Electronics,14673.56,0,0,0,4371.16,16.8,15919.7,21,308144.73
2023-02-09,S03,Delhi,North,Grocery,354.04,20,1,0,3761.39,18.5,442.52,55,19472.12
2023-02-09,S03,Delhi,North,Home & Kitchen,2000.07,10,1,0,8801.94,16.5,2258.07,29,58001.95
2023-02-09,S04,Bengaluru,South,Clothing,1827.11,0,0,0,5749.2,,1719.64,25,45677.84
2023-02-09,S04,Bengaluru,South,Electronics,14676.23,0,0,0,6258.81,15.3,14668.5,23,337553.37
2023-02-09,S04,Bengaluru,South,Grocery,458.38,0,0,0,2831.49,17.9,447.63,29,13293.11
2023-02-09,S04,Bengaluru,South,Home & Kitchen,2121.61,0,0,0,4836.91,15.9,2130.16,20,42432.3
2023-02-10,S01,Mumbai,West,Clothing,1765.71,0,0,0,5371.34,20.3,1710.64,30,52971.39
2023-02-10,S01,Mumbai,West,Electronics,15279.17,0,0,0,5897.52,17.9,15850.18,25,381979.19
2023-02-10,S01,Mumbai,West,Grocery,445.6,0,0,0,4669.08,16.1,447.27,41,18269.65
2023-02-10,S01,Mumbai,West,Home & Kitchen,2227.8,0,0,0,4143.06,15.6,2119.17,21,46783.85
2023-02-10,S02,Pune,West,Clothing,1813.9,0,0,0,7820.68,12.7,1790.29,31,56231.03
2023-02-10,S02,Pune,West,Electronics,14531.27,0,0,0,3546.16,15.7,14642.44,18,261562.91
2023-02-10,S02,Pune,West,Grocery,429.29,0,0,0,7084.93,15.7,408.49,23,9873.7
2023-02-10,S02,Pune,West,Home & Kitchen,2248.2,0,0,0,5167.12,17.3,2096.65,8,17985.57
2023-02-10,S03,Delhi,North,Clothing,1811.94,0,0,0,6223.5,,1859.7,24,43486.62
2023-02-10,S03,Delhi,North,Electronics,15282.83,0,0,0,1694.44,16.5,15388.32,13,198676.78
2023-02-10,S03,Delhi,North,Grocery,463.46,0,0,0,4484.45,14.8,512.01,32,14830.71
2023-02-10,S03,Delhi,North,Home & Kitchen,2120.62,0,0,0,7042.41,15.4,2389.48,26,55135.99
2023-02-10,S04,Bengaluru,South,Clothing,1798.59,0,0,0,2302.92,15.1,1891.19,28,50360.62
2023-02-10,S04,Bengaluru,South,Electronics,11535.99,20,1,0,5885.84,17.7,14610.53,24,276863.85
2023-02-10,S04,Bengaluru,South,Grocery,445.8,0,0,0,5901.88,18.2,392.31,33,14711.38
2023-02-10,S04,Bengaluru,South,Home & Kitchen,2169.28,0,0,0,5393.56,19.1,2128.29,17,36877.78
2023-02-11,S01,Mumbai,West,Clothing,1663.18,0,0,0,5066.28,17.7,1771.71,38,63200.93
2023-02-11,S01,Mumbai,West,Electronics,15199.0,0,0,0,5779.49,18.2,14293.85,34,516766.0
2023-02-11,S01,Mumbai,West,Grocery,452.09,0,0,0,5812.98,16.8,410.13,35,15823.0
2023-02-11,S01,Mumbai,West,Home & Kitchen,2177.68,0,0,0,5203.63,19.1,2238.95,29,63152.59
2023-02-11,S02,Pune,West,Clothing,1736.14,5,1,0,7002.66,18.3,1861.28,34,59028.9
2023-02-11,S02,Pune,West,Electronics,14692.46,0,0,0,6081.36,14.9,13571.09,20,293849.25
2023-02-11,S02,Pune,West,Grocery,433.58,0,0,0,2825.9,16.0,426.02,18,7804.51
2023-02-11,S02,Pune,West,Home & Kitchen,2228.84,0,0,0,4823.6,16.4,2750.8,31,69093.89
2023-02-11,S03,Delhi,North,Clothing,1665.45,0,0,0,4334.35,17.7,1868.62,32,53294.35
2023-02-11,S03,Delhi,North,Electronics,14418.37,0,0,0,4822.44,16.9,,29,418132.85
2023-02-11,S03,Delhi,North,Grocery,392.15,15,1,0,6312.95,14.6,435.51,52,20392.06
2023-02-11,S03,Delhi,North,Home & Kitchen,2394.92,0,0,0,3617.54,18.4,2146.22,32,76637.3
2023-02-11,S04,Bengaluru,South,Clothing,1824.17,0,0,0,5303.14,15.2,1738.43,29,52900.8
2023-02-11,S04,Bengaluru,South,Electronics,11707.13,20,1,0,4511.76,15.3,16123.74,33,386335.2
2023-02-11,S04,Bengaluru,South,Grocery,456.06,0,0,0,5448.48,14.7,435.84,36,16418.32
2023-02-11,S04,Bengaluru,South,Home & Kitchen,2245.73,0,0,0,5236.5,17.5,2229.55,27,60634.8
2023-02-12,S01,Mumbai,West,Clothing,1709.04,0,0,0,4189.77,16.6,1864.08,37,63234.44
2023-02-12,S01,Mumbai,West,Electronics,14972.58,0,0,0,3353.99,17.2,15151.01,18,269506.52
2023-02-12,S01,Mumbai,West,Grocery,442.46,0,0,0,4728.31,19.5,440.69,43,19025.71
2023-02-12,S01,Mumbai,West,Home & Kitchen,2235.94,0,0,0,5512.64,18.7,2177.76,28,62606.42
2023-02-12,S02,Pune,West,Clothing,1641.31,10,1,0,5260.41,16.7,1753.65,35,57445.85
2023-02-12,S02,Pune,West,Electronics,14999.67,0,0,0,6506.92,18.4,14269.04,20,299993.48
2023-02-12,S02,Pune,West,Grocery,450.22,0,0,0,4294.54,11.6,445.87,24,10805.33
2023-02-12,S02,Pune,West,Home & Kitchen,2191.51,0,0,0,4853.1,14.0,2266.57,23,50404.77
2023-02-12,S03,Delhi,North,Clothing,1769.99,0,0,0,3480.39,13.8,1862.3,31,54869.79
2023-02-12,S03,Delhi,North,Electronics,14608.86,0,0,0,5410.98,15.7,14435.68,27,394439.26
2023-02-12,S03,Delhi,North,Grocery,439.11,0,0,0,7254.34,17.0,,35,15368.89
2023-02-12,S03,Delhi,North,Home & Kitchen,2269.91,0,0,0,3710.07,20.6,2174.45,19,43128.26
2023-02-12,S04,Bengaluru,South,Clothing,1898.39,0,0,0,6248.75,16.7,1882.76,32,60748.52
2023-02-12,S04,Bengaluru,South,Electronics,14024.8,5,1,0,7575.09,17.6,14924.3,28,392694.43
2023-02-12,S04,Bengaluru,South,Grocery,448.6,0,0,0,3227.48,19.0,450.21,40,17944.16
2023-02-12,S04,Bengaluru,South,Home & Kitchen,2200.38,0,0,0,6452.75,18.1,2327.65,25,55009.55
2023-02-13,S01,Mumbai,West,Clothing,1883.96,0,0,0,4917.46,18.6,1836.61,30,56518.88
2023-02-13,S01,Mumbai,West,Electronics,14801.38,0,0,0,6051.08,17.5,15329.64,14,207219.29
2023-02-13,S01,Mumbai,West,Grocery,450.04,0,0,0,6075.5,18.9,478.78,35,15751.26
2023-02-13,S01,Mumbai,West,Home & Kitchen,2176.28,0,0,0,3565.5,20.5,2182.63,28,60935.84
2023-02-13,S02,Pune,West,Clothing,1783.91,0,0,0,4557.22,17.9,1867.41,32,57085.25
2023-02-13,S02,Pune,West,Electronics,12957.47,15,1,0,6557.82,18.9,14972.97,24,310979.27
2023-02-13,S02,Pune,West,Grocery,468.0,0,0,0,3018.04,16.9,434.12,27,12635.91
2023-02-13,S02,Pune,West,Home & Kitchen,2235.48,0,0,0,5119.09,17.3,2346.39,17,38003.19
2023-02-13,S03,Delhi,North,Clothing,1765.83,0,0,0,4681.46,14.8,1823.94,25,44145.78
2023-02-13,S03,Delhi,North,Electronics,14597.38,0,0,0,5309.55,19.6,15875.54,19,277350.21
2023-02-13,S03,Delhi,North,Grocery,437.18,0,0,0,5204.59,17.3,445.54,27,11803.8
2023-02-13,S03,Delhi,North,Home & Kitchen,2151.62,0,0,0,5527.05,13.1,2247.66,20,43032.46
2023-02-13,S04,Bengaluru,South,Clothing,1800.27,0,0,0,5072.3,18.6,1762.23,18,32404.82
2023-02-13,S04,Bengaluru,South,Electronics,15273.12,0,0,0,7818.05,16.6,12749.48,20,305462.39
2023-02-13,S04,Bengaluru,South,Grocery,353.63,20,1,0,8893.01,20.2,479.77,49,17328.09
2023-02-13,S04,Bengaluru,South,Home & Kitchen,2271.31,0,0,0,4265.35,18.8,2115.18,16,36340.94
2023-02-14,S01,Mumbai,West,Clothing,1569.98,10,1,0,6241.21,18.0,1836.29,37,58089.31
2023-02-14,S01,Mumbai,West,Electronics,15068.19,0,0,0,2966.28,16.6,13642.79,11,165750.13
2023-02-14,S01,Mumbai,West,Grocery,426.38,0,0,0,2604.11,14.8,455.82,47,20039.67
2023-02-14,S01,Mumbai,West,Home & Kitchen,2070.57,10,1,0,5947.05,20.0,2357.34,29,60046.64
2023-02-14,S02,Pune,West,Clothing,1873.89,0,0,0,8035.09,15.9,,28,52468.83
2023-02-14,S02,Pune,West,Electronics,14369.4,5,1,0,5788.44,18.3,15076.11,17,244279.76
2023-02-14,S02,Pune,West,Grocery,471.76,0,0,0,6537.98,17.6,474.91,37,17454.99
2023-02-14,S02,Pune,West,Home & Kitchen,1617.95,25,1,0,4303.65,18.6,2172.55,32,51774.41
2023-02-14,S03,Delhi,North,Clothing,1865.36,0,0,0,2804.51,18.9,1903.82,26,48499.35
2023-02-14,S03,Delhi,North,Electronics,15214.54,0,0,0,3918.28,15.1,15161.82,24,365149.05
2023-02-14,S03,Delhi,North,Grocery,447.92,0,0,0,,18.9,459.9,32,14333.49
2023-02-14,S03,Delhi,North,Home & Kitchen,2149.1,0,0,0,3670.51,12.8,2202.0,26,55876.58
2023-02-14,S04,Bengaluru,South,Clothing,1718.5,0,0,0,4876.72,18.4,1686.52,24,41244.0
2023-02-14,S04,Bengaluru,South,Electronics,14748.08,0,0,0,6862.91,17.0,15329.97,17,250717.34
2023-02-14,S04,Bengaluru,South,Grocery,383.17,15,1,0,4347.72,19.3,502.59,49,18775.45
2023-02-14,S04,Bengaluru,South,Home & Kitchen,2144.97,0,0,0,7836.53,19.1,2167.95,15,32174.58
2023-02-15,S01,Mumbai,West,Clothing,1779.97,0,0,0,4075.46,,1780.71,26,46279.35
2023-02-15,S01,Mumbai,West,Electronics,15247.61,0,0,0,3808.1,20.0,15352.02,21,320199.9
2023-02-15,S01,Mumbai,West,Grocery,468.22,0,0,0,7406.27,15.7,418.09,28,13110.08
2023-02-15,S01,Mumbai,West,Home & Kitchen,2200.55,0,0,0,7090.51,17.1,2190.63,35,77019.19
2023-02-15,S02,Pune,West,Clothing,1687.2,0,0,0,4467.72,15.2,1810.63,20,33744.01
2023-02-15,S02,Pune,West,Electronics,14582.13,0,0,0,8188.56,16.7,15555.0,15,218731.91
2023-02-15,S02,Pune,West,Grocery,440.2,0,0,0,6858.55,15.8,451.85,29,12765.87
2023-02-15,S02,Pune,West,Home & Kitchen,2242.03,0,0,0,6905.18,19.5,2243.89,24,53808.72
2023-02-15,S03,Delhi,North,Clothing,1809.61,0,0,0,4704.85,16.6,1710.81,18,32572.99
2023-02-15,S03,Delhi,North,Electronics,14904.64,0,0,0,3192.51,18.6,14284.65,8,119237.13
2023-02-15,S03,Delhi,North,Grocery,451.46,0,0,0,6235.19,18.4,425.64,37,16704.03
2023-02-15,S03,Delhi,North,Home & Kitchen,1968.71,10,1,0,6423.43,14.6,2047.07,32,62998.75
2023-02-15,S04,Bengaluru,South,Clothing,1773.47,0,0,0,4439.03,14.0,1838.4,23,40789.73
2023-02-15,S04,Bengaluru,South,Electronics,15049.47,0,0,0,5511.28,15.9,14398.98,17,255840.91
2023-02-15,S04,Bengaluru,South,Grocery,341.7,25,1,0,7197.52,18.1,489.15,68,23235.76
2023-02-15,S04,Bengaluru,South,Home & Kitchen,2183.28,0,0,0,6704.32,18.6,2160.52,19,41482.36
2023-02-16,S01,Mumbai,West,Clothing,1743.62,5,1,0,5768.23,18.4,1766.36,34,59283.02
2023-02-16,S01,Mumbai,West,Electronics,15927.81,0,0,0,6955.35,15.3,16704.74,20,318556.19
2023-02-16,S01,Mumbai,West,Grocery,450.21,0,0,0,3331.27,18.0,503.27,35,15757.52
2023-02-16,S01,Mumbai,West,Home & Kitchen,2359.76,0,0,0,3031.6,23.3,2160.75,20,47195.13
2023-02-16,S02,Pune,West,Clothing,1740.93,0,0,0,5879.22,16.2,1783.7,30,52227.82
2023-02-16,S02,Pune,West,Electronics,13628.44,10,1,0,5975.08,13.2,15606.01,24,327082.66
2023-02-16,S02,Pune,West,Grocery,333.38,25,1,0,9460.65,,439.0,54,18002.78
2023-02-16,S02,Pune,West,Home & Kitchen,2144.1,0,0,0,4863.33,12.2,2299.59,19,40737.98
2023-02-16,S03,Delhi,North,Clothing,1817.11,0,0,0,4384.95,18.8,1742.03,24,43610.7
2023-02-16,S03,Delhi,North,Electronics,14500.21,0,0,0,6329.6,18.4,13417.51,22,319004.72
2023-02-16,S03,Delhi,North,Grocery,445.01,0,0,0,866.3,16.9,415.22,32,14240.27
2023-02-16,S03,Delhi,North,Home & Kitchen,2248.58,0,0,0,4480.68,16.2,2311.63,24,53965.97
2023-02-16,S04,Bengaluru,South,Clothing,1494.72,15,1,0,5051.0,18.8,1756.65,36,53809.9
2023-02-16,S04,Bengaluru,South,Electronics,15090.51,0,0,0,5395.73,15.9,14786.8,21,316900.68
2023-02-16,S04,Bengaluru,South,Grocery,417.19,10,1,0,961.65,20.8,427.9,31,12932.96
2023-02-16,S04,Bengaluru,South,Home & Kitchen,2194.93,0,0,0,4509.68,15.1,2087.14,21,46093.45
2023-02-17,S01,Mumbai,West,Clothing,1880.04,0,0,0,3491.67,17.3,1783.81,24,45121.05
2023-02-17,S01,Mumbai,West,Electronics,15422.74,0,0,0,6260.33,15.9,15479.95,17,262186.57
2023-02-17,S01,Mumbai,West,Grocery,326.37,25,1,0,7428.72,17.8,421.79,64,20887.62
2023-02-17,S01,Mumbai,West,Home & Kitchen,2239.78,0,0,0,3718.92,19.8,2170.33,17,38076.2
2023-02-17,S02,Pune,West,Clothing,1835.83,0,0,0,4642.43,17.5,1748.09,19,34880.82
2023-02-17,S02,Pune,West,Electronics,14724.97,0,0,0,5306.12,20.0,13839.96,13,191424.55
2023-02-17,S02,Pune,West,Grocery,488.77,0,0,0,5782.14,18.1,420.53,29,14174.37
2023-02-17,S02,Pune,West,Home & Kitchen,2232.17,0,0,0,4394.94,15.6,2082.0,22,49107.77
2023-02-17,S03,Delhi,North,Clothing,1762.19,5,1,0,5196.11,16.8,1763.73,27,47579.16
2023-02-17,S03,Delhi,North,Electronics,15321.52,0,0,0,5527.59,15.2,15104.95,23,352394.9
2023-02-17,S03,Delhi,North,Grocery,457.63,0,0,0,5120.57,19.1,480.99,39,17847.5
2023-02-17,S03,Delhi,North,Home & Kitchen,2170.44,0,0,0,6374.96,16.5,2375.8,27,58601.95
2023-02-17,S04,Bengaluru,South,Clothing,1735.95,0,0,0,4857.23,17.4,1897.23,25,43398.76
2023-02-17,S04,Bengaluru,South,Electronics,14756.6,0,0,0,5481.95,15.5,15444.87,24,354158.32
2023-02-17,S04,Bengaluru,South,Grocery,431.79,10,1,0,5153.69,17.4,456.85,40,17271.79
2023-02-17,S04,Bengaluru,South,Home & Kitchen,2191.5,0,0,0,5115.14,18.4,2139.81,12,26298.05
2023-02-18,S01,Mumbai,West,Clothing,1789.22,0,0,0,8518.6,18.4,1865.2,33,59044.34
2023-02-18,S01,Mumbai,West,Electronics,15439.2,0,0,0,7231.1,17.1,16105.06,24,370540.69
2023-02-18,S01,Mumbai,West,Grocery,416.79,0,0,0,4591.72,15.0,444.53,40,16671.76
2023-02-18,S01,Mumbai,West,Home & Kitchen,2110.94,0,0,0,6291.13,18.2,2144.62,35,73882.88
2023-02-18,S02,Pune,West,Clothing,1752.47,0,0,0,6621.89,18.2,2002.6,27,47316.8
2023-02-18,S02,Pune,West,Electronics,11603.33,25,1,0,5394.25,13.2,15283.13,37,429323.35
2023-02-18,S02,Pune,West,Grocery,442.54,0,0,0,6183.9,18.8,455.04,33,14603.74
2023-02-18,S02,Pune,West,Home & Kitchen,2230.55,0,0,0,5593.77,14.3,2126.02,24,53533.16
2023-02-18,S03,Delhi,North,Clothing,1510.45,20,1,0,5745.92,17.4,1933.52,57,86095.37
2023-02-18,S03,Delhi,North,Electronics,15222.43,0,0,0,3978.15,16.3,16130.9,27,411005.73
2023-02-18,S03,Delhi,North,Grocery,439.55,0,0,0,4346.45,16.4,420.07,34,14944.83
2023-02-18,S03,Delhi,North,Home & Kitchen,2123.33,0,0,0,6417.89,17.3,2216.87,31,65823.29
2023-02-18,S04,Bengaluru,South,Clothing,1760.33,0,0,0,6797.48,18.5,1917.59,31,54570.29
2023-02-18,S04,Bengaluru,South,Electronics,13121.56,15,1,0,1887.01,18.3,13613.29,36,472376.26
2023-02-18,S04,Bengaluru,South,Grocery,467.19,0,0,0,1946.37,19.1,469.87,26,12146.84
2023-02-18,S04,Bengaluru,South,Home & Kitchen,2238.84,0,0,0,5237.37,14.2,2125.13,18,40299.06
2023-02-19,S01,Mumbai,West,Clothing,1689.24,5,1,0,7906.41,18.6,1875.67,42,70948.1
2023-02-19,S01,Mumbai,West,Electronics,14750.85,10,1,0,5510.99,18.8,15137.19,22,324518.64
2023-02-19,S01,Mumbai,West,Grocery,463.89,0,0,0,4826.26,18.6,426.66,51,23658.56
2023-02-19,S01,Mumbai,West,Home & Kitchen,2337.71,0,0,0,5116.33,15.1,,25,58442.72
2023-02-19,S02,Pune,West,Clothing,1749.32,0,0,0,6696.01,17.7,1724.42,31,54228.93
2023-02-19,S02,Pune,West,Electronics,15025.33,0,0,0,5226.62,18.2,15546.41,21,315532.0
2023-02-19,S02,Pune,West,Grocery,459.12,0,0,0,5654.13,14.7,496.33,39,17905.57
2023-02-19,S02,Pune,West,Home & Kitchen,2180.27,0,0,0,4827.97,15.8,2306.98,19,41425.21
2023-02-19,S03,Delhi,North,Clothing,1878.78,0,0,0,5805.17,18.1,1841.96,41,77029.83
2023-02-19,S03,Delhi,North,Electronics,15153.19,0,0,0,2748.22,17.1,14319.64,27,409136.24
2023-02-19,S03,Delhi,North,Grocery,437.69,0,0,0,7254.74,16.5,483.38,64,28012.36
2023-02-19,S03,Delhi,North,Home & Kitchen,2104.23,0,0,0,4540.41,17.2,2060.01,25,52605.76
2023-02-19,S04,Bengaluru,South,Clothing,1947.77,0,0,0,3944.95,18.1,1644.51,23,44798.66
2023-02-19,S04,Bengaluru,South,Electronics,14831.23,0,0,0,4840.38,20.4,15573.19,28,415274.33
2023-02-19,S04,Bengaluru,South,Grocery,436.53,0,0,0,3431.94,20.5,459.84,42,18334.32
2023-02-19,S04,Bengaluru,South,Home & Kitchen,2281.74,0,0,0,4445.94,14.6,,32,73015.81
2023-02-20,S01,Mumbai,West,Clothing,1803.87,0,0,0,5409.64,17.4,1709.44,27,48704.42
2023-02-20,S01,Mumbai,West,Electronics,15232.18,0,0,0,3271.63,14.1,14945.09,23,350340.17
2023-02-20,S01,Mumbai,West,Grocery,457.53,0,0,0,4638.35,15.3,426.69,37,16928.77
2023-02-20,S01,Mumbai,West,Home & Kitchen,2272.51,0,0,0,5226.73,14.0,2145.06,26,59085.33
2023-02-20,S02,Pune,West,Clothing,1774.77,0,0,0,4966.0,15.2,1594.25,12,21297.26
2023-02-20,S02,Pune,West,Electronics,14658.3,0,0,0,6446.18,21.3,15164.19,20,293165.99
2023-02-20,S02,Pune,West,Grocery,443.9,0,0,0,5859.66,15.5,434.18,34,15092.6
2023-02-20,S02,Pune,West,Home & Kitchen,2241.91,0,0,0,6863.94,19.8,2176.01,9,20177.16
2023-02-20,S03,Delhi,North,Clothing,1829.49,0,0,0,3442.03,16.0,1861.37,26,47566.86
2023-02-20,S03,Delhi,North,Electronics,15132.86,0,0,0,5333.91,20.4,14294.39,22,332922.91
2023-02-20,S03,Delhi,North,Grocery,450.05,0,0,0,6047.99,18.8,441.65,29,13051.55
2023-02-20,S03,Delhi,North,Home & Kitchen,2198.76,0,0,0,2255.82,16.8,2187.56,22,48372.77
2023-02-20,S04,Bengaluru,South,Clothing,1743.56,0,0,0,5588.7,13.7,1799.96,26,45332.55
2023-02-20,S04,Bengaluru,South,Electronics,14747.51,0,0,0,4676.11,21.6,13863.67,18,265455.18
2023-02-20,S04,Bengaluru,South,Grocery,385.61,10,1,0,6421.39,16.3,444.13,39,15038.92
2023-02-20,S04,Bengaluru,South,Home & Kitchen,2161.28,0,0,0,4550.95,16.8,2218.56,29,62677.09
2023-02-21,S01,Mumbai,West,Clothing,1412.89,20,1,0,8109.8,16.6,1868.61,35,49451.01
2023-02-21,S01,Mumbai,West,Electronics,13696.28,10,1,0,5567.21,14.5,15285.95,21,287621.89
2023-02-21,S01,Mumbai,West,Grocery,384.92,15,1,0,6460.09,19.7,439.83,51,19630.8
2023-02-21,S01,Mumbai,West,Home & Kitchen,2113.84,5,1,0,7840.14,14.2,,23,48618.21
2023-02-21,S02,Pune,West,Clothing,1757.58,0,0,0,4389.86,20.7,1727.67,24,42181.81
2023-02-21,S02,Pune,West,Electronics,15310.03,0,0,0,4587.04,17.4,15376.83,15,229650.44
2023-02-21,S02,Pune,West,Grocery,365.13,20,1,0,6088.34,18.6,436.83,42,15335.35
2023-02-21,S02,Pune,West,Home & Kitchen,2301.82,0,0,0,6342.02,15.6,,21,48338.18
2023-02-21,S03,Delhi,North,Clothing,1785.32,0,0,0,6436.48,15.7,1783.88,30,53559.63
2023-02-21,S03,Delhi,North,Electronics,14615.72,0,0,0,3653.68,16.3,14762.81,19,277698.6
2023-02-21,S03,Delhi,North,Grocery,407.78,10,1,0,7574.53,19.0,431.39,40,16311.04
2023-02-21,S03,Delhi,North,Home & Kitchen,1829.35,15,1,0,7818.66,19.6,2099.98,31,56709.85
2023-02-21,S04,Bengaluru,South,Clothing,1682.88,5,1,0,1158.96,17.5,1858.53,27,45437.84
2023-02-21,S04,Bengaluru,South,Electronics,15497.19,0,0,0,3189.01,18.9,14442.92,16,247955.06
2023-02-21,S04,Bengaluru,South,Grocery,467.46,0,0,0,5177.5,19.7,451.75,24,11219.15
2023-02-21,S04,Bengaluru,South,Home & Kitchen,1843.96,15,1,0,7512.51,19.4,2145.1,27,49786.97
2023-02-22,S01,Mumbai,West,Clothing,1326.76,25,1,0,2437.35,20.1,1741.44,54,71645.06
2023-02-22,S01,Mumbai,West,Electronics,15316.81,0,0,0,5153.05,13.0,14388.13,20,306336.14
2023-02-22,S01,Mumbai,West,Grocery,438.58,5,1,0,6823.54,18.1,464.31,45,19735.93
2023-02-22,S01,Mumbai,West,Home & Kitchen,2242.68,0,0,0,3808.9,15.2,2278.26,27,60552.3
2023-02-22,S02,Pune,West,Clothing,1834.4,0,0,0,4354.09,17.7,1811.82,19,34853.65
2023-02-22,S02,Pune,West,Electronics,11379.35,25,1,0,2204.65,17.7,13550.61,29,330001.01
2023-02-22,S02,Pune,West,Grocery,438.3,0,0,0,5928.24,18.2,426.13,24,10519.31
2023-02-22,S02,Pune,West,Home & Kitchen,2132.68,0,0,0,5139.41,16.1,2130.59,20,42653.58
2023-02-22,S03,Delhi,North,Clothing,1732.31,5,1,0,8025.45,15.7,1873.51,29,50237.06
2023-02-22,S03,Delhi,North,Electronics,15566.36,0,0,0,5574.04,24.3,15825.93,13,202362.69
2023-02-22,S03,Delhi,North,Grocery,467.71,0,0,0,5779.44,19.0,438.38,23,10757.35
2023-02-22,S03,Delhi,North,Home & Kitchen,2218.69,0,0,0,4083.36,15.2,2171.5,14,31061.64
2023-02-22,S04,Bengaluru,South,Clothing,1949.34,0,0,0,4211.83,20.0,1811.27,14,27290.82
2023-02-22,S04,Bengaluru,South,Electronics,15061.64,0,0,0,6581.45,17.0,15238.63,14,210862.97
2023-02-22,S04,Bengaluru,South,Grocery,448.32,0,0,0,3585.19,14.8,454.45,28,12553.07
2023-02-22,S04,Bengaluru,South,Home & Kitchen,1997.74,10,1,0,7130.78,16.7,2406.15,20,39954.74
2023-02-23,S01,Mumbai,West,Clothing,1822.24,0,0,0,1163.48,16.1,1842.2,38,69245.18
2023-02-23,S01,Mumbai,West,Electronics,14545.97,0,0,0,5118.48,17.1,14277.17,24,349103.17
2023-02-23,S01,Mumbai,West,Grocery,461.62,0,0,0,6587.54,14.8,479.04,31,14310.29
2023-02-23,S01,Mumbai,West,Home & Kitchen,2121.52,0,0,0,4221.0,19.8,2162.03,23,48795.03
2023-02-23,S02,Pune,West,Clothing,1848.84,0,0,0,2409.11,15.8,1766.08,30,55465.14
2023-02-23,S02,Pune,West,Electronics,11829.05,20,1,0,6924.43,17.8,14257.34,23,272068.11
2023-02-23,S02,Pune,West,Grocery,438.69,0,0,0,8209.99,19.8,476.64,35,15354.12
2023-02-23,S02,Pune,West,Home & Kitchen,2262.98,0,0,0,6408.37,15.4,2065.53,18,40733.59
2023-02-23,S03,Delhi,North,Clothing,1798.22,0,0,0,8299.6,16.9,1660.32,39,70130.52
2023-02-23,S03,Delhi,North,Electronics,12711.35,15,1,0,,18.6,13622.41,25,317783.82
2023-02-23,S03,Delhi,North,Grocery,456.13,0,0,0,5157.17,16.7,486.05,34,15508.54
2023-02-23,S03,Delhi,North,Home & Kitchen,1544.75,25,1,0,5957.74,18.9,2220.4,41,63334.64
2023-02-23,S04,Bengaluru,South,Clothing,1829.3,0,0,0,6070.41,14.7,1813.14,23,42073.79
2023-02-23,S04,Bengaluru,South,Electronics,13923.71,0,0,0,5422.8,19.0,14077.18,19,264550.5
2023-02-23,S04,Bengaluru,South,Grocery,440.49,0,0,0,4801.61,15.3,432.05,41,18060.23
2023-02-23,S04,Bengaluru,South,Home & Kitchen,2222.09,0,0,0,4248.3,15.3,2400.14,16,35553.49
2023-02-24,S01,Mumbai,West,Clothing,1810.01,0,0,0,4401.06,17.9,1782.72,20,36200.11
2023-02-24,S01,Mumbai,West,Electronics,14800.24,0,0,0,6700.52,14.8,15949.73,23,340405.62
2023-02-24,S01,Mumbai,West,Grocery,452.62,0,0,0,7111.92,16.0,441.31,37,16747.12
2023-02-24,S01,Mumbai,West,Home & Kitchen,2080.91,0,0,0,4036.04,18.0,2307.98,22,45780.05
2023-02-24,S02,Pune,West,Clothing,1714.53,5,1,0,6181.01,17.9,1891.67,28,48006.86
2023-02-24,S02,Pune,West,Electronics,15328.54,0,0,0,3382.5,17.5,16024.54,17,260585.2
2023-02-24,S02,Pune,West,Grocery,444.99,0,0,0,5328.02,19.7,470.86,24,10679.87
2023-02-24,S02,Pune,West,Home & Kitchen,2271.71,0,0,0,5352.9,20.3,1984.47,14,31803.92
2023-02-24,S03,Delhi,North,Clothing,1842.44,0,0,0,5444.49,18.2,,28,51588.43
2023-02-24,S03,Delhi,North,Electronics,15120.6,0,0,0,8115.36,,14512.37,23,347773.89
2023-02-24,S03,Delhi,North,Grocery,459.58,0,0,0,6253.34,17.2,,24,11029.85
2023-02-24,S03,Delhi,North,Home & Kitchen,2231.19,0,0,0,4794.93,21.0,2272.17,19,42392.54
2023-02-24,S04,Bengaluru,South,Clothing,1816.84,0,0,0,6508.35,15.2,1824.3,21,38153.7
2023-02-24,S04,Bengaluru,South,Electronics,13803.54,0,0,0,1074.48,17.7,14079.78,19,262267.29
2023-02-24,S04,Bengaluru,South,Grocery,472.03,0,0,0,5192.29,15.1,451.99,26,12272.69
2023-02-24,S04,Bengaluru,South,Home & Kitchen,1816.97,20,1,0,6189.15,18.2,2390.0,29,52692.09
2023-02-25,S01,Mumbai,West,Clothing,1915.11,0,0,0,2932.15,17.9,1940.92,43,82349.59
2023-02-25,S01,Mumbai,West,Electronics,14772.22,0,0,0,4458.09,16.3,16029.26,29,428394.49
2023-02-25,S01,Mumbai,West,Grocery,446.57,0,0,0,5497.73,16.0,427.27,59,26347.52
2023-02-25,S01,Mumbai,West,Home & Kitchen,2197.24,0,0,0,4477.7,15.8,2025.41,29,63720.09
2023-02-25,S02,Pune,West,Clothing,1856.95,0,0,0,5120.59,17.6,1888.4,34,63136.29
2023-02-25,S02,Pune,West,Electronics,15283.1,0,0,0,6112.81,21.8,14790.22,20,305662.05
2023-02-25,S02,Pune,West,Grocery,442.64,0,0,0,5036.01,21.9,439.96,43,19033.5
2023-02-25,S02,Pune,West,Home & Kitchen,2186.32,0,0,0,3268.83,12.5,2013.43,17,37167.45
2023-02-25,S03,Delhi,North,Clothing,1769.34,0,0,0,7209.55,16.3,1780.44,30,53080.2
2023-02-25,S03,Delhi,North,Electronics,15172.31,0,0,0,4883.15,18.8,14245.68,23,348963.21
2023-02-25,S03,Delhi,North,Grocery,445.34,0,0,0,4968.01,15.3,441.4,38,16923.01
2023-02-25,S03,Delhi,North,Home & Kitchen,2178.82,0,0,0,5576.18,14.1,2354.57,22,47934.02
2023-02-25,S04,Bengaluru,South,Clothing,1370.37,25,1,0,3997.29,13.1,1655.84,49,67148.32
2023-02-25,S04,Bengaluru,South,Electronics,12573.64,20,1,0,6422.73,16.3,15251.24,49,616108.27
2023-02-25,S04,Bengaluru,South,Grocery,447.46,0,0,0,3777.94,12.8,418.32,43,19240.92
2023-02-25,S04,Bengaluru,South,Home & Kitchen,2206.2,0,0,0,3540.89,16.0,2151.26,34,75010.77
2023-02-26,S01,Mumbai,West,Clothing,1823.7,0,0,0,4645.09,15.9,1762.37,40,72947.91
2023-02-26,S01,Mumbai,West,Electronics,15291.43,0,0,0,5528.05,18.4,14256.67,28,428159.94
2023-02-26,S01,Mumbai,West,Grocery,444.37,0,0,0,7570.51,17.4,460.77,51,22662.8
2023-02-26,S01,Mumbai,West,Home & Kitchen,2291.0,0,0,0,7009.28,16.8,2351.32,39,89348.95
2023-02-26,S02,Pune,West,Clothing,1725.13,0,0,0,3775.8,16.7,1771.34,29,50028.84
2023-02-26,S02,Pune,West,Electronics,15540.82,0,0,0,4998.01,15.4,16667.33,24,372979.68
2023-02-26,S02,Pune,West,Grocery,445.89,0,0,0,5297.11,16.5,436.52,35,15606.3
2023-02-26,S02,Pune,West,Home & Kitchen,2252.86,0,0,0,6334.8,16.0,2205.03,13,29287.17
2023-02-26,S03,Delhi,North,Clothing,1848.79,0,0,0,6464.67,19.4,1757.31,40,73951.48
2023-02-26,S03,Delhi,North,Electronics,14574.79,0,0,0,8001.14,13.6,15421.58,27,393519.46
2023-02-26,S03,Delhi,North,Grocery,445.43,0,0,0,6926.41,18.9,471.94,41,18262.78
2023-02-26,S03,Delhi,North,Home & Kitchen,2084.21,0,0,0,4066.42,13.2,2268.98,28,58357.96
2023-02-26,S04,Bengaluru,South,Clothing,1808.32,0,0,0,5424.66,16.2,1943.8,28,50632.85
2023-02-26,S04,Bengaluru,South,Electronics,15037.31,0,0,0,6914.64,21.0,15396.99,27,406007.24
2023-02-26,S04,Bengaluru,South,Grocery,448.51,0,0,0,5750.46,15.6,499.85,56,25116.41
2023-02-26,S04,Bengaluru,South,Home & Kitchen,2186.57,0,0,0,7604.47,17.9,2314.19,24,52477.7
2023-02-27,S01,Mumbai,West,Clothing,1862.16,0,0,0,5308.48,15.5,1816.08,32,59589.18
2023-02-27,S01,Mumbai,West,Electronics,14921.62,0,0,0,3517.06,15.8,15726.0,16,238745.94
2023-02-27,S01,Mumbai,West,Grocery,455.68,0,0,0,5139.46,16.7,461.43,29,13214.8
2023-02-27,S01,Mumbai,West,Home & Kitchen,2114.81,5,1,0,2938.06,16.6,2342.47,30,63444.33
2023-02-27,S02,Pune,West,Clothing,1804.1,0,0,0,2247.78,16.5,1648.6,13,23453.27
2023-02-27,S02,Pune,West,Electronics,15319.56,0,0,0,6414.66,15.1,14041.18,16,245113.0
2023-02-27,S02,Pune,West,Grocery,342.82,25,1,0,5731.63,20.2,428.76,48,16455.56
2023-02-27,S02,Pune,West,Home & Kitchen,2183.2,0,0,0,2149.33,15.3,2273.88,20,43663.96
2023-02-27,S03,Delhi,North,Clothing,1802.51,0,0,0,5285.66,20.6,1771.09,30,54075.35
2023-02-27,S03,Delhi,North,Electronics,15853.38,0,0,0,5122.87,19.4,14892.96,24,380481.03
2023-02-27,S03,Delhi,North,Grocery,441.42,0,0,0,3396.47,15.9,460.66,36,15891.12
2023-02-27,S03,Delhi,North,Home & Kitchen,2223.91,0,0,0,3322.0,17.4,2083.62,11,24462.96
2023-02-27,S04,Bengaluru,South,Clothing,1506.94,15,1,0,7401.86,14.1,1859.5,35,52742.97
2023-02-27,S04,Bengaluru,South,Electronics,14921.76,0,0,0,4106.32,19.0,14866.74,19,283513.36
2023-02-27,S04,Bengaluru,South,Grocery,441.38,0,0,0,4943.24,17.2,438.5,27,11917.16
2023-02-27,S04,Bengaluru,South,Home & Kitchen,2315.48,0,0,0,6189.49,17.2,2436.33,24,55571.52
2023-02-28,S01,Mumbai,West,Clothing,1742.15,0,0,0,6380.62,16.4,1854.59,25,43553.77
2023-02-28,S01,Mumbai,West,Electronics,11296.65,25,1,0,6810.57,17.5,14934.78,33,372789.46
2023-02-28,S01,Mumbai,West,Grocery,468.86,0,0,0,6616.16,14.8,455.41,39,18285.54
2023-02-28,S01,Mumbai,West,Home & Kitchen,2312.81,0,0,0,3208.67,18.7,2446.0,24,55507.33
2023-02-28,S02,Pune,West,Clothing,1872.79,0,0,0,5309.43,19.0,1684.52,25,46819.74
2023-02-28,S02,Pune,West,Electronics,14903.72,0,0,0,3577.48,16.4,16172.83,13,193748.41
2023-02-28,S02,Pune,West,Grocery,475.52,0,0,0,5369.63,15.2,443.49,32,15216.64
2023-02-28,S02,Pune,West,Home & Kitchen,2282.91,0,0,0,500.0,13.6,2477.08,16,36526.55
2023-02-28,S03,Delhi,North,Clothing,1820.85,0,0,0,3174.38,15.3,1849.22,29,52804.55
2023-02-28,S03,Delhi,North,Electronics,11240.87,25,1,0,4799.53,14.4,14740.07,29,325985.09
2023-02-28,S03,Delhi,North,Grocery,452.47,0,0,0,6556.79,13.1,496.74,44,19908.59
2023-02-28,S03,Delhi,North,Home & Kitchen,2232.91,0,0,0,5227.33,18.4,2275.0,34,75918.78
2023-02-28,S04,Bengaluru,South,Clothing,1815.36,0,0,0,3785.3,15.4,1741.48,27,49014.82
2023-02-28,S04,Bengaluru,South,Electronics,14001.66,0,0,0,3462.85,15.6,15464.66,19,266031.54
2023-02-28,S04,Bengaluru,South,Grocery,316.91,25,1,0,4708.73,16.5,459.54,57,18063.61
2023-02-28,S04,Bengaluru,South,Home & Kitchen,1999.64,10,1,0,5888.1,15.0,2157.23,17,33993.85
2023-03-01,S01,Mumbai,West,Clothing,1554.1,15,1,0,3951.12,19.0,1721.34,42,65272.4
2023-03-01,S01,Mumbai,West,Electronics,12391.48,20,1,0,6005.6,19.4,15254.86,36,446093.41
2023-03-01,S01,Mumbai,West,Grocery,448.61,0,0,0,5643.08,17.2,456.2,43,19290.26
2023-03-01,S01,Mumbai,West,Home & Kitchen,1829.76,20,1,0,3541.77,18.2,2311.27,35,64041.62
2023-03-01,S02,Pune,West,Clothing,1852.75,0,0,0,5498.93,23.5,1797.1,23,42613.25
2023-03-01,S02,Pune,West,Electronics,14239.26,0,0,0,,23.5,14541.97,19,270545.97
2023-03-01,S02,Pune,West,Grocery,442.03,0,0,0,4725.5,24.8,472.95,30,13260.85
2023-03-01,S02,Pune,West,Home & Kitchen,2019.23,0,0,0,6046.99,22.2,2195.45,12,24230.75
2023-03-01,S03,Delhi,North,Clothing,1735.4,0,0,0,6342.88,22.4,1821.45,33,57268.25
2023-03-01,S03,Delhi,North,Electronics,14264.28,5,1,0,4100.13,21.7,14864.94,17,242492.71
2023-03-01,S03,Delhi,North,Grocery,451.97,0,0,0,4455.87,19.1,476.22,35,15818.79
2023-03-01,S03,Delhi,North,Home & Kitchen,2146.76,0,0,0,6239.74,20.1,2168.57,20,42935.13
2023-03-01,S04,Bengaluru,South,Clothing,1827.61,0,0,0,2484.68,20.5,1732.59,19,34724.52
2023-03-01,S04,Bengaluru,South,Electronics,11947.35,20,1,0,3679.61,21.9,18021.26,46,549577.9
2023-03-01,S04,Bengaluru,South,Grocery,437.54,0,0,0,7478.61,17.4,452.54,46,20127.06
2023-03-01,S04,Bengaluru,South,Home & Kitchen,2247.29,0,0,0,5294.75,22.2,2176.72,20,44945.84
2023-03-02,S01,Mumbai,West,Clothing,1760.96,0,0,0,5599.45,17.1,1793.44,27,47545.89
2023-03-02,S01,Mumbai,West,Electronics,15388.42,0,0,0,3875.28,21.3,15345.16,23,353933.61
2023-03-02,S01,Mumbai,West,Grocery,352.45,25,1,0,5011.43,21.1,447.47,53,18679.81
2023-03-02,S01,Mumbai,West,Home & Kitchen,2201.36,0,0,0,7102.54,20.7,2248.1,22,48429.92
2023-03-02,S02,Pune,West,Clothing,1877.56,0,0,0,5591.97,15.9,1659.19,17,31918.52
2023-03-02,S02,Pune,West,Electronics,15083.99,0,0,0,4489.95,18.8,15646.83,22,331847.8
2023-03-02,S02,Pune,West,Grocery,436.66,0,0,0,6715.97,20.9,450.93,43,18776.2
2023-03-02,S02,Pune,West,Home & Kitchen,2295.36,0,0,0,5665.34,16.4,2059.2,16,36725.8
2023-03-02,S03,Delhi,North,Clothing,1785.22,0,0,0,5359.6,20.0,1907.43,36,64268.09
2023-03-02,S03,Delhi,North,Electronics,14814.37,0,0,0,3684.46,18.8,15588.62,29,429616.64
2023-03-02,S03,Delhi,North,Grocery,451.31,0,0,0,6019.18,18.3,434.33,45,20308.83
2023-03-02,S03,Delhi,North,Home & Kitchen,2242.66,0,0,0,4815.19,15.7,2180.98,21,47095.9
2023-03-02,S04,Bengaluru,South,Clothing,1706.62,0,0,0,2968.46,21.6,1877.99,18,30719.21
2023-03-02,S04,Bengaluru,South,Electronics,14525.39,0,0,0,5149.71,21.1,13882.62,23,334084.08
2023-03-02,S04,Bengaluru,South,Grocery,441.41,0,0,0,4137.85,15.1,450.32,36,15890.91
2023-03-02,S04,Bengaluru,South,Home & Kitchen,2095.91,0,0,0,6248.87,16.6,2152.47,25,52397.69
2023-03-03,S01,Mumbai,West,Clothing,1548.15,15,1,0,6025.9,18.7,1776.01,57,88244.62
2023-03-03,S01,Mumbai,West,Electronics,14927.23,0,0,0,4646.26,21.0,15745.76,41,612016.25
2023-03-03,S01,Mumbai,West,Grocery,455.04,0,0,0,5271.85,20.6,452.21,34,15471.28
2023-03-03,S01,Mumbai,West,Home & Kitchen,2278.13,0,0,0,4078.4,20.6,2342.03,25,56953.2
2023-03-03,S02,Pune,West,Clothing,1768.14,0,0,0,3515.09,22.5,1766.9,30,53044.13
2023-03-03,S02,Pune,West,Electronics,12880.74,15,1,0,3331.89,20.9,14778.46,34,437945.16
2023-03-03,S02,Pune,West,Grocery,450.13,0,0,0,6566.09,21.1,478.97,29,13053.72
2023-03-03,S02,Pune,West,Home & Kitchen,2126.59,0,0,0,5565.13,19.1,2196.87,24,51038.15
2023-03-03,S03,Delhi,North,Clothing,1824.11,0,0,0,7681.03,20.8,1612.23,36,65668.05
2023-03-03,S03,Delhi,North,Electronics,15517.49,0,0,0,5643.62,18.4,15841.2,19,294832.27
2023-03-03,S03,Delhi,North,Grocery,447.26,0,0,0,2642.4,14.6,479.31,35,15654.27
2023-03-03,S03,Delhi,North,Home & Kitchen,1898.86,10,1,0,5772.74,16.6,2198.46,21,39876.09
2023-03-03,S04,Bengaluru,South,Clothing,1773.2,0,0,0,2597.35,16.1,1823.61,26,46103.32
2023-03-03,S04,Bengaluru,South,Electronics,14857.99,0,0,0,3910.84,18.1,13320.46,17,252585.76
2023-03-03,S04,Bengaluru,South,Grocery,427.86,0,0,0,3127.59,18.5,461.33,38,16258.74
2023-03-03,S04,Bengaluru,South,Home & Kitchen,1971.83,10,1,0,5068.67,18.1,2224.44,22,43380.22
2023-03-04,S01,Mumbai,West,Clothing,1837.18,0,0,0,5521.26,20.5,1753.76,44,80835.91
2023-03-04,S01,Mumbai,West,Electronics,14698.5,0,0,0,4723.74,18.6,15062.04,33,485050.57
2023-03-04,S01,Mumbai,West,Grocery,455.14,0,0,0,5754.76,20.2,445.91,54,24577.52
2023-03-04,S01,Mumbai,West,Home & Kitchen,2300.49,0,0,0,4509.99,18.3,2131.16,40,92019.65
2023-03-04,S02,Pune,West,Clothing,1757.05,5,1,0,6714.19,20.0,1927.92,25,43926.3
2023-03-04,S02,Pune,West,Electronics,15023.04,0,0,0,6667.13,22.1,15086.76,23,345529.89
2023-03-04,S02,Pune,West,Grocery,438.51,0,0,0,8248.9,22.0,433.8,50,21925.34
2023-03-04,S02,Pune,West,Home & Kitchen,1654.45,25,1,0,8501.2,19.8,2277.32,56,92649.4
2023-03-04,S03,Delhi,North,Clothing,1521.63,15,1,0,7332.37,19.7,1933.94,55,83689.8
2023-03-04,S03,Delhi,North,Electronics,15536.48,0,0,0,5193.74,23.5,15768.47,30,466094.31
2023-03-04,S03,Delhi,North,Grocery,449.42,0,0,0,5404.54,18.9,406.75,49,22021.8
2023-03-04,S03,Delhi,North,Home & Kitchen,1536.4,25,1,0,3864.26,19.0,2214.86,43,66065.1
2023-03-04,S04,Bengaluru,South,Clothing,1706.16,0,0,0,6053.44,19.1,1832.76,39,66540.38
2023-03-04,S04,Bengaluru,South,Electronics,12471.39,15,1,0,3353.03,20.1,15842.54,37,461441.54
2023-03-04,S04,Bengaluru,South,Grocery,451.08,0,0,0,6216.74,18.3,472.92,50,22553.75
2023-03-04,S04,Bengaluru,South,Home & Kitchen,2274.59,0,0,0,5007.32,21.2,2401.07,45,102356.36
2023-03-05,S01,Mumbai,West,Clothing,1802.69,0,0,0,4220.34,22.5,1760.42,43,77515.8
2023-03-05,S01,Mumbai,West,Electronics,15510.87,0,0,0,4594.77,19.7,16057.62,19,294706.6
2023-03-05,S01,Mumbai,West,Grocery,482.47,0,0,0,4951.7,20.5,474.08,40,19298.76
2023-03-05,S01,Mumbai,West,Home & Kitchen,2194.71,0,0,0,2578.05,23.2,2156.5,25,54867.7
2023-03-05,S02,Pune,West,Clothing,1776.95,0,0,0,4732.13,20.5,1830.85,32,56862.53
2023-03-05,S02,Pune,West,Electronics,13645.11,0,0,0,2561.87,21.6,15446.66,22,300192.34
2023-03-05,S02,Pune,West,Grocery,363.74,15,1,0,5957.63,17.3,397.96,60,21824.21
2023-03-05,S02,Pune,West,Home & Kitchen,1609.71,25,1,0,5955.51,18.5,2313.32,38,61168.96
2023-03-05,S03,Delhi,North,Clothing,1338.62,20,1,0,7900.48,22.4,1741.53,49,65592.3
2023-03-05,S03,Delhi,North,Electronics,15071.23,0,0,0,2242.04,19.8,15431.55,29,437065.73
2023-03-05,S03,Delhi,North,Grocery,472.37,0,0,0,4773.32,21.6,467.33,46,21728.91
2023-03-05,S03,Delhi,North,Home & Kitchen,2188.79,0,0,0,5771.1,20.8,2311.39,31,67852.45
2023-03-05,S04,Bengaluru,South,Clothing,1749.24,0,0,0,5139.91,19.5,1849.88,26,45480.32
2023-03-05,S04,Bengaluru,South,Electronics,14869.69,0,0,0,7430.16,19.9,14113.07,25,371742.37
2023-03-05,S04,Bengaluru,South,Grocery,453.6,0,0,0,5674.95,23.8,450.02,46,20865.71
2023-03-05,S04,Bengaluru,South,Home & Kitchen,1876.46,15,1,0,7287.75,25.6,2207.62,45,84440.51
2023-03-06,S01,Mumbai,West,Clothing,1930.0,0,0,0,7074.7,21.1,1900.08,32,61759.86
2023-03-06,S01,Mumbai,West,Electronics,15348.25,0,0,0,7657.01,22.1,15232.06,23,353009.77
2023-03-06,S01,Mumbai,West,Grocery,472.31,0,0,0,5619.28,18.8,500.14,35,16530.89
2023-03-06,S01,Mumbai,West,Home & Kitchen,2185.89,0,0,0,4606.42,19.4,2192.93,25,54647.27
2023-03-06,S02,Pune,West,Clothing,1832.14,0,0,0,6296.73,22.7,1804.11,31,56796.29
2023-03-06,S02,Pune,West,Electronics,15305.47,0,0,0,6645.97,22.0,14539.99,14,214276.63
2023-03-06,S02,Pune,West,Grocery,464.37,0,0,0,5432.96,17.9,508.62,27,12537.92
2023-03-06,S02,Pune,West,Home & Kitchen,1724.08,25,1,0,5319.15,16.5,2302.64,26,44826.01
2023-03-06,S03,Delhi,North,Clothing,1733.36,0,0,0,,20.7,1918.44,27,46800.77
2023-03-06,S03,Delhi,North,Electronics,13623.36,5,1,0,7836.29,16.9,16037.93,34,463194.22
2023-03-06,S03,Delhi,North,Grocery,453.7,0,0,0,4931.99,20.8,435.27,45,20416.65
2023-03-06,S03,Delhi,North,Home & Kitchen,1606.1,25,1,0,7055.45,19.3,2254.65,35,56213.44
2023-03-06,S04,Bengaluru,South,Clothing,1826.01,0,0,0,4340.16,19.7,1820.49,24,43824.16
2023-03-06,S04,Bengaluru,South,Electronics,15087.1,0,0,0,5305.78,14.8,15277.16,31,467700.22
2023-03-06,S04,Bengaluru,South,Grocery,462.28,0,0,0,1690.68,,466.14,21,9707.91
2023-03-06,S04,Bengaluru,South,Home & Kitchen,2195.51,0,0,0,3208.94,16.4,2138.52,20,43910.18
2023-03-07,S01,Mumbai,West,Clothing,1877.11,0,0,0,4844.74,14.8,1746.13,21,39419.33
2023-03-07,S01,Mumbai,West,Electronics,14277.18,0,0,0,4852.33,20.8,15468.14,25,356929.61
2023-03-07,S01,Mumbai,West,Grocery,472.66,0,0,0,6298.04,20.4,454.04,48,22687.74
2023-03-07,S01,Mumbai,West,Home & Kitchen,2209.27,0,0,0,6299.78,18.0,2350.58,35,77324.44
2023-03-07,S02,Pune,West,Clothing,1870.79,0,0,0,3537.77,14.7,1706.33,21,39286.53
2023-03-07,S02,Pune,West,Electronics,14589.58,0,0,0,5636.6,22.8,15600.83,21,306381.13
2023-03-07,S02,Pune,West,Grocery,451.09,0,0,0,5370.46,20.2,454.83,30,13532.61
2023-03-07,S02,Pune,West,Home & Kitchen,2184.88,0,0,0,6194.96,19.7,2263.01,26,56806.94
2023-03-07,S03,Delhi,North,Clothing,1818.46,0,0,0,5366.88,19.3,1762.42,29,52735.28
2023-03-07,S03,Delhi,North,Electronics,11194.49,25,1,0,8658.43,21.9,14301.29,38,425390.77
2023-03-07,S03,Delhi,North,Grocery,389.19,15,1,0,2818.43,20.8,463.4,55,21405.71
2023-03-07,S03,Delhi,North,Home & Kitchen,2117.77,0,0,0,4839.12,20.4,2069.59,26,55061.99
2023-03-07,S04,Bengaluru,South,Clothing,1330.93,25,1,0,4377.7,21.6,1630.8,45,59891.74
2023-03-07,S04,Bengaluru,South,Electronics,15167.75,0,0,0,4213.79,17.2,15455.36,17,257851.8
2023-03-07,S04,Bengaluru,South,Grocery,395.81,10,1,0,2123.49,23.5,458.68,50,19790.32
2023-03-07,S04,Bengaluru,South,Home & Kitchen,2075.48,0,0,0,5839.91,19.6,2189.54,29,60188.88
2023-03-08,S01,Mumbai,West,Clothing,1863.57,0,0,1,7661.27,21.3,1850.98,47,87587.85
2023-03-08,S01,Mumbai,West,Electronics,14859.08,0,0,1,4634.16,17.2,14375.05,30,445772.42
2023-03-08,S01,Mumbai,West,Grocery,439.23,0,0,1,4964.94,25.1,449.85,56,24597.0
2023-03-08,S01,Mumbai,West,Home & Kitchen,1938.77,5,1,1,6455.32,21.7,2105.85,44,85306.03
2023-03-08,S02,Pune,West,Clothing,1757.12,0,0,1,6725.3,21.6,1816.36,35,61499.21
2023-03-08,S02,Pune,West,Electronics,15308.58,0,0,1,4701.7,20.6,14800.59,27,413331.53
2023-03-08,S02,Pune,West,Grocery,452.41,0,0,1,5299.39,20.7,467.52,42,19001.21
2023-03-08,S02,Pune,West,Home & Kitchen,2164.22,0,0,1,3929.31,18.5,2210.48,28,60598.19
2023-03-08,S03,Delhi,North,Clothing,1881.23,0,0,1,2114.6,19.2,,28,52674.47
2023-03-08,S03,Delhi,North,Electronics,14970.75,0,0,1,2226.82,17.6,15290.76,26,389239.61
2023-03-08,S03,Delhi,North,Grocery,456.33,0,0,1,5049.33,22.9,494.18,52,23729.15
2023-03-08,S03,Delhi,North,Home & Kitchen,1678.25,25,1,1,4246.16,20.4,2034.77,49,82234.09
2023-03-08,S04,Bengaluru,South,Clothing,1784.88,0,0,1,6636.19,21.6,1763.14,37,66040.65
2023-03-08,S04,Bengaluru,South,Electronics,14970.6,0,0,1,7510.62,22.2,14974.0,27,404206.31
2023-03-08,S04,Bengaluru,South,Grocery,424.72,0,0,1,5452.1,18.6,419.05,43,18263.06
2023-03-08,S04,Bengaluru,South,Home & Kitchen,2191.42,0,0,1,8757.73,15.2,2330.39,37,81082.51
2023-03-09,S01,Mumbai,West,Clothing,1841.27,0,0,0,3814.42,18.9,1828.31,32,58920.69
2023-03-09,S01,Mumbai,West,Electronics,15074.48,0,0,0,1853.82,21.3,16618.99,26,391936.53
2023-03-09,S01,Mumbai,West,Grocery,479.59,0,0,0,584.17,22.3,455.76,24,11510.27
2023-03-09,S01,Mumbai,West,Home & Kitchen,2218.51,0,0,0,4838.2,20.1,2094.17,28,62118.24
2023-03-09,S02,Pune,West,Clothing,1699.79,0,0,0,7264.98,22.6,1776.73,21,35695.56
2023-03-09,S02,Pune,West,Electronics,15765.31,0,0,0,5517.67,19.1,15133.54,14,220714.31
2023-03-09,S02,Pune,West,Grocery,423.98,0,0,0,6694.99,24.2,432.28,28,11871.53
2023-03-09,S02,Pune,West,Home & Kitchen,2273.93,0,0,0,4642.84,21.6,2281.05,14,31835.05
2023-03-09,S03,Delhi,North,Clothing,1787.44,0,0,0,5831.76,17.6,1703.09,30,53623.21
2023-03-09,S03,Delhi,North,Electronics,14796.76,0,0,0,6518.04,22.7,16761.44,21,310731.95
2023-03-09,S03,Delhi,North,Grocery,447.65,0,0,0,5194.53,18.8,412.42,42,18801.21
2023-03-09,S03,Delhi,North,Home & Kitchen,2214.18,0,0,0,5122.75,,2271.52,29,64211.08
2023-03-09,S04,Bengaluru,South,Clothing,1650.78,0,0,0,4663.88,21.8,1850.3,26,42920.38
2023-03-09,S04,Bengaluru,South,Electronics,15047.97,0,0,0,5411.46,18.5,15208.38,24,361151.34
2023-03-09,S04,Bengaluru,South,Grocery,445.58,0,0,0,3678.07,22.1,448.75,24,10693.86
2023-03-09,S04,Bengaluru,South,Home & Kitchen,1826.14,20,1,0,3042.2,19.6,1888.92,29,52958.05
2023-03-10,S01,Mumbai,West,Clothing,1895.22,0,0,0,6114.24,20.9,1674.27,45,85284.97
2023-03-10,S01,Mumbai,West,Electronics,14582.95,5,1,0,4390.43,17.8,15352.37,31,452071.44
2023-03-10,S01,Mumbai,West,Grocery,448.89,0,0,0,7517.41,19.4,435.2,42,18853.38
2023-03-10,S01,Mumbai,West,Home & Kitchen,2247.55,0,0,0,2652.67,20.8,2226.02,17,38208.33
2023-03-10,S02,Pune,West,Clothing,1899.77,0,0,0,5174.12,18.6,1821.48,20,37995.37
2023-03-10,S02,Pune,West,Electronics,13397.62,10,1,0,6571.92,20.3,13016.12,15,200964.25
2023-03-10,S02,Pune,West,Grocery,331.58,25,1,0,3075.03,18.1,419.34,48,15915.81
2023-03-10,S02,Pune,West,Home & Kitchen,1911.07,15,1,0,6454.63,21.0,2069.67,20,38221.46
2023-03-10,S03,Delhi,North,Clothing,1773.6,0,0,0,6826.65,18.9,1690.55,37,65623.11
2023-03-10,S03,Delhi,North,Electronics,14557.5,0,0,0,7524.64,20.0,13622.45,22,320265.03
2023-03-10,S03,Delhi,North,Grocery,457.25,0,0,0,2327.59,17.7,470.77,37,16918.17
2023-03-10,S03,Delhi,North,Home & Kitchen,2308.25,0,0,0,5248.83,17.7,2259.26,34,78480.64
2023-03-10,S04,Bengaluru,South,Clothing,1379.88,20,1,0,6551.72,20.5,1858.01,61,84172.93
2023-03-10,S04,Bengaluru,South,Electronics,14197.0,0,0,0,4797.82,21.2,16281.98,21,298137.07
2023-03-10,S04,Bengaluru,South,Grocery,433.11,0,0,0,5192.01,20.5,443.22,32,13859.56
2023-03-10,S04,Bengaluru,South,Home & Kitchen,1650.63,25,1,0,7651.68,18.6,2242.77,46,75928.85
2023-03-11,S01,Mumbai,West,Clothing,1722.4,0,0,0,4910.5,20.0,1846.73,47,80952.97
2023-03-11,S01,Mumbai,West,Electronics,15409.55,0,0,0,4605.39,22.8,15534.75,23,354419.55
2023-03-11,S01,Mumbai,West,Grocery,446.93,0,0,0,4553.61,19.0,467.21,56,25028.02
2023-03-11,S01,Mumbai,West,Home & Kitchen,1657.15,25,1,0,5409.69,17.6,2278.93,49,81200.51
2023-03-11,S02,Pune,West,Clothing,1826.36,0,0,0,5605.51,17.2,1865.44,30,54790.77
2023-03-11,S02,Pune,West,Electronics,13677.59,10,1,0,5279.23,19.3,14747.0,25,341939.65
2023-03-11,S02,Pune,West,Grocery,387.8,10,1,0,6829.28,23.1,453.48,58,22492.23
2023-03-11,S02,Pune,West,Home & Kitchen,1633.49,25,1,0,6598.57,23.9,1979.1,41,66972.89
2023-03-11,S03,Delhi,North,Clothing,1856.82,0,0,0,7087.89,22.4,1852.3,33,61275.12
2023-03-11,S03,Delhi,North,Electronics,14300.59,0,0,0,2305.91,17.5,14599.33,29,414717.19
2023-03-11,S03,Delhi,North,Grocery,450.28,0,0,0,3273.96,21.0,468.9,40,18011.24
2023-03-11,S03,Delhi,North,Home & Kitchen,1782.02,20,1,0,5926.24,,2338.72,40,71280.7
2023-03-11,S04,Bengaluru,South,Clothing,1561.51,10,1,0,4339.07,19.5,1757.34,33,51529.89
2023-03-11,S04,Bengaluru,South,Electronics,14962.23,0,0,0,5327.0,22.5,14540.86,26,389018.11
2023-03-11,S04,Bengaluru,South,Grocery,449.64,0,0,0,4139.88,18.4,462.01,32,14388.6
2023-03-11,S04,Bengaluru,South,Home & Kitchen,2231.64,0,0,0,3170.8,20.0,2175.29,25,55791.11
2023-03-12,S01,Mumbai,West,Clothing,1874.0,0,0,0,4508.39,19.6,1672.78,31,58093.85
2023-03-12,S01,Mumbai,West,Electronics,15127.76,0,0,0,3971.22,22.0,13793.86,23,347938.43
2023-03-12,S01,Mumbai,West,Grocery,420.85,0,0,0,3765.08,14.3,459.93,44,18517.41
2023-03-12,S01,Mumbai,West,Home & Kitchen,2222.75,0,0,0,5220.37,21.6,2122.66,35,77796.2
2023-03-12,S02,Pune,West,Clothing,1794.22,0,0,0,6175.84,23.3,1880.83,30,53826.53
2023-03-12,S02,Pune,West,Electronics,15014.75,0,0,0,5447.22,25.0,15947.66,18,270265.5
2023-03-12,S02,Pune,West,Grocery,449.72,0,0,0,7993.65,19.5,405.19,39,17539.22
2023-03-12,S02,Pune,West,Home & Kitchen,2134.58,0,0,0,4500.46,20.2,2430.26,34,72575.77
2023-03-12,S03,Delhi,North,Clothing,1800.59,0,0,0,4467.61,22.2,1560.24,35,63020.59
2023-03-12,S03,Delhi,North,Electronics,15662.01,0,0,0,4299.11,21.6,14223.12,21,328902.3
2023-03-12,S03,Delhi,North,Grocery,433.12,0,0,0,5236.53,20.7,464.86,54,23388.54
2023-03-12,S03,Delhi,North,Home & Kitchen,2236.48,0,0,0,3375.31,22.9,2189.17,32,71567.43
2023-03-12,S04,Bengaluru,South,Clothing,1705.11,0,0,0,3211.19,19.0,1796.79,44,75024.69
2023-03-12,S04,Bengaluru,South,Electronics,15093.11,0,0,0,4207.05,15.9,15957.58,30,452793.42
2023-03-12,S04,Bengaluru,South,Grocery,461.71,0,0,0,5530.27,20.5,463.96,46,21238.8
2023-03-12,S04,Bengaluru,South,Home & Kitchen,1961.13,10,1,0,3520.81,22.7,2128.65,39,76483.97
2023-03-13,S01,Mumbai,West,Clothing,1571.83,10,1,0,7138.17,19.8,1856.53,39,61301.2
2023-03-13,S01,Mumbai,West,Electronics,15263.36,0,0,0,7072.56,20.6,14382.97,18,274740.51
2023-03-13,S01,Mumbai,West,Grocery,454.4,0,0,0,3313.83,22.1,440.54,38,17267.39
2023-03-13,S01,Mumbai,West,Home & Kitchen,2197.13,0,0,0,3512.26,24.3,2273.75,24,52731.13
2023-03-13,S02,Pune,West,Clothing,1791.25,0,0,0,3461.45,16.5,1811.6,19,34033.78
2023-03-13,S02,Pune,West,Electronics,15236.51,0,0,0,6096.77,18.9,15521.01,24,365676.3
2023-03-13,S02,Pune,West,Grocery,451.81,0,0,0,7044.42,19.4,443.99,30,13554.4
2023-03-13,S02,Pune,West,Home & Kitchen,2125.67,0,0,0,4264.28,21.2,2194.83,20,42513.36
2023-03-13,S03,Delhi,North,Clothing,1840.13,0,0,0,2279.39,18.7,1690.63,29,53363.67
2023-03-13,S03,Delhi,North,Electronics,15333.72,0,0,0,3725.68,21.0,15216.54,16,245339.5
2023-03-13,S03,Delhi,North,Grocery,442.16,0,0,0,5610.36,17.5,427.95,30,13264.84
2023-03-13,S03,Delhi,North,Home & Kitchen,2142.37,0,0,0,5380.49,18.4,2230.8,26,55701.5
2023-03-13,S04,Bengaluru,South,Clothing,1808.08,0,0,0,6500.08,21.2,1904.7,30,54242.41
2023-03-13,S04,Bengaluru,South,Electronics,14964.32,0,0,0,4790.59,23.2,14017.54,23,344179.29
2023-03-13,S04,Bengaluru,South,Grocery,442.84,0,0,0,5870.71,19.6,451.06,41,18156.41
2023-03-13,S04,Bengaluru,South,Home & Kitchen,2178.44,0,0,0,4414.39,21.6,2006.78,18,39211.9
2023-03-14,S01,Mumbai,West,Clothing,1769.53,0,0,0,4551.24,20.0,1754.35,27,47777.19
2023-03-14,S01,Mumbai,West,Electronics,15028.86,0,0,0,4752.59,20.3,15928.41,30,450865.85
2023-03-14,S01,Mumbai,West,Grocery,435.37,0,0,0,4495.33,21.6,470.3,44,19156.49
2023-03-14,S01,Mumbai,West,Home & Kitchen,2068.2,0,0,0,5982.34,17.5,2350.52,23,47568.52
2023-03-14,S02,Pune,West,Clothing,1686.81,0,0,0,4270.6,20.8,1846.07,20,33736.11
2023-03-14,S02,Pune,West,Electronics,15046.55,0,0,0,3582.98,21.0,15664.91,21,315977.56
2023-03-14,S02,Pune,West,Grocery,451.8,0,0,0,6872.85,19.7,473.0,27,12198.7
2023-03-14,S02,Pune,West,Home & Kitchen,2284.15,0,0,0,3320.12,19.3,2258.73,16,36546.47
2023-03-14,S03,Delhi,North,Clothing,1784.03,0,0,0,4193.59,17.8,1869.0,24,42816.75
2023-03-14,S03,Delhi,North,Electronics,15015.5,0,0,0,6460.84,15.8,16078.37,25,375387.57
2023-03-14,S03,Delhi,North,Grocery,381.53,20,1,0,5908.89,19.6,447.99,51,19458.02
2023-03-14,S03,Delhi,North,Home & Kitchen,1544.06,25,1,0,6292.8,18.7,2252.52,52,80291.17
2023-03-14,S04,Bengaluru,South,Clothing,1802.33,0,0,0,5104.83,18.3,1926.52,31,55872.16
2023-03-14,S04,Bengaluru,South,Electronics,15668.64,0,0,0,5876.12,19.7,15263.21,19,297704.12
2023-03-14,S04,Bengaluru,South,Grocery,449.03,0,0,0,1918.58,19.4,457.07,36,16165.11
2023-03-14,S04,Bengaluru,South,Home & Kitchen,2204.15,0,0,0,5798.75,19.2,2267.94,27,59512.02
2023-03-15,S01,Mumbai,West,Clothing,1830.32,0,0,0,1007.05,22.7,1800.75,33,60400.4
2023-03-15,S01,Mumbai,West,Electronics,14696.77,0,0,0,6932.67,19.6,15215.17,37,543780.37
2023-03-15,S01,Mumbai,West,Grocery,455.51,0,0,0,4155.88,18.9,450.43,36,16398.41
2023-03-15,S01,Mumbai,West,Home & Kitchen,2309.73,0,0,0,6327.6,20.7,2332.05,39,90079.52
2023-03-15,S02,Pune,West,Clothing,1358.45,25,1,0,6331.6,22.0,1753.92,33,44828.97
2023-03-15,S02,Pune,West,Electronics,14767.36,0,0,0,5519.29,17.0,15039.99,17,251045.1
2023-03-15,S02,Pune,West,Grocery,441.0,0,0,0,6263.09,19.4,460.09,28,12347.89
2023-03-15,S02,Pune,West,Home & Kitchen,1893.5,15,1,0,4583.09,23.4,1891.81,18,34083.04
2023-03-15,S03,Delhi,North,Clothing,1778.07,0,0,0,4883.24,21.9,1762.71,21,37339.37
2023-03-15,S03,Delhi,North,Electronics,14707.6,0,0,0,4377.97,19.9,15403.13,21,308859.65
2023-03-15,S03,Delhi,North,Grocery,465.75,0,0,0,5067.39,21.1,428.33,27,12575.31
2023-03-15,S03,Delhi,North,Home & Kitchen,2330.54,0,0,0,5628.14,20.2,2029.02,20,46610.85
2023-03-15,S04,Bengaluru,South,Clothing,1843.25,0,0,0,5235.22,18.3,1829.78,21,38708.16
2023-03-15,S04,Bengaluru,South,Electronics,14881.09,0,0,0,7521.98,20.8,15365.1,27,401789.33
2023-03-15,S04,Bengaluru,South,Grocery,422.34,0,0,0,3226.38,16.7,451.94,33,13937.12
2023-03-15,S04,Bengaluru,South,Home & Kitchen,2233.34,0,0,0,5854.0,21.3,2167.74,31,69233.49
2023-03-16,S01,Mumbai,West,Clothing,1866.59,0,0,0,500.0,20.0,1683.51,24,44798.25
2023-03-16,S01,Mumbai,West,Electronics,14138.31,5,1,0,6111.07,21.4,13564.67,21,296904.5
2023-03-16,S01,Mumbai,West,Grocery,390.89,10,1,0,4673.38,17.1,428.17,49,19153.46
2023-03-16,S01,Mumbai,West,Home & Kitchen,2175.72,0,0,0,4207.03,18.4,2238.86,32,69623.15
2023-03-16,S02,Pune,West,Clothing,1771.35,0,0,0,8040.34,20.8,1901.93,23,40741.04
2023-03-16,S02,Pune,West,Electronics,14592.78,0,0,0,1060.51,20.3,16257.21,20,291855.52
2023-03-16,S02,Pune,West,Grocery,438.48,0,0,0,4106.33,21.0,455.74,31,13593.03
2023-03-16,S02,Pune,West,Home & Kitchen,2211.45,0,0,0,7728.63,20.0,2369.94,22,48651.79
2023-03-16,S03,Delhi,North,Clothing,1567.73,15,1,0,6735.86,20.9,1720.6,40,62709.12
2023-03-16,S03,Delhi,North,Electronics,15162.05,0,0,0,4318.16,20.6,14837.01,18,272916.89
2023-03-16,S03,Delhi,North,Grocery,401.37,10,1,0,6048.42,20.5,459.67,44,17660.23
2023-03-16,S03,Delhi,North,Home & Kitchen,2009.27,10,1,0,5754.71,17.9,2022.65,29,58268.78
2023-03-16,S04,Bengaluru,South,Clothing,1868.59,0,0,0,5467.48,21.0,1879.99,27,50451.8
2023-03-16,S04,Bengaluru,South,Electronics,14404.05,0,0,0,4176.3,23.9,14942.77,23,331293.1
2023-03-16,S04,Bengaluru,South,Grocery,444.75,0,0,0,7130.84,23.9,435.58,39,17345.15
2023-03-16,S04,Bengaluru,South,Home & Kitchen,2251.68,0,0,0,4826.43,20.1,2250.31,24,54040.21
2023-03-17,S01,Mumbai,West,Clothing,1303.28,25,1,0,8290.36,22.2,1811.01,58,75590.25
2023-03-17,S01,Mumbai,West,Electronics,15008.55,0,0,0,,19.3,15778.72,27,405230.74
2023-03-17,S01,Mumbai,West,Grocery,474.27,0,0,0,3976.81,17.7,457.91,45,21342.1
2023-03-17,S01,Mumbai,West,Home & Kitchen,2159.23,0,0,0,6088.75,25.4,2190.03,22,47503.0
2023-03-17,S02,Pune,West,Clothing,1442.27,20,1,0,3847.01,21.1,1720.16,30,43268.01
2023-03-17,S02,Pune,West,Electronics,14929.92,5,1,0,2526.72,19.4,15216.33,14,209018.94
2023-03-17,S02,Pune,West,Grocery,447.39,0,0,0,3875.24,19.2,489.23,22,9842.61
2023-03-17,S02,Pune,West,Home & Kitchen,2232.49,0,0,0,4601.63,19.8,2327.15,15,33487.31
2023-03-17,S03,Delhi,North,Clothing,1836.31,0,0,0,1955.84,16.0,1937.05,28,51416.81
2023-03-17,S03,Delhi,North,Electronics,15091.86,0,0,0,5631.9,20.5,15409.26,29,437663.9
2023-03-17,S03,Delhi,North,Grocery,459.11,0,0,0,4182.73,21.5,420.65,30,13773.35
2023-03-17,S03,Delhi,North,Home & Kitchen,2305.85,0,0,0,6925.33,17.7,2280.95,28,64563.9
2023-03-17,S04,Bengaluru,South,Clothing,1874.12,0,0,0,6461.8,21.5,1831.99,31,58097.76
2023-03-17,S04,Bengaluru,South,Electronics,14999.79,0,0,0,5941.87,21.9,15727.66,17,254996.35
2023-03-17,S04,Bengaluru,South,Grocery,471.66,0,0,0,5397.86,21.1,476.48,28,13206.46
2023-03-17,S04,Bengaluru,South,Home & Kitchen,2247.22,0,0,0,3397.97,17.8,2075.88,19,42697.24
2023-03-18,S01,Mumbai,West,Clothing,1772.32,0,0,0,6845.39,21.9,1883.43,39,69120.58
2023-03-18,S01,Mumbai,West,Electronics,14984.39,0,0,0,4866.81,20.5,14592.16,27,404578.65
2023-03-18,S01,Mumbai,West,Grocery,457.45,0,0,0,5794.61,20.9,455.33,77,35223.36
2023-03-18,S01,Mumbai,West,Home & Kitchen,2289.63,0,0,0,4835.39,22.5,2390.92,26,59530.3
2023-03-18,S02,Pune,West,Clothing,1801.64,0,0,0,7456.59,19.5,1781.33,32,57652.35
2023-03-18,S02,Pune,West,Electronics,15197.35,0,0,0,5846.79,21.4,14504.92,24,364736.37
2023-03-18,S02,Pune,West,Grocery,386.6,15,1,0,4664.35,17.2,458.45,50,19329.84
2023-03-18,S02,Pune,West,Home & Kitchen,2071.39,0,0,0,5283.88,21.1,2027.78,29,60070.28
2023-03-18,S03,Delhi,North,Clothing,1782.68,0,0,0,4843.17,25.8,1968.69,36,64176.32
2023-03-18,S03,Delhi,North,Electronics,12596.56,15,1,0,8807.31,19.6,14782.71,37,466072.71
2023-03-18,S03,Delhi,North,Grocery,452.95,0,0,0,4732.64,18.7,440.16,39,17665.14
2023-03-18,S03,Delhi,North,Home & Kitchen,2015.91,5,1,0,5996.59,19.3,2240.61,31,62493.18
2023-03-18,S04,Bengaluru,South,Clothing,1819.1,0,0,0,6727.19,20.0,1863.52,38,69125.7
2023-03-18,S04,Bengaluru,South,Electronics,14741.58,0,0,0,2787.64,19.6,15032.46,19,280090.03
2023-03-18,S04,Bengaluru,South,Grocery,457.53,0,0,0,5781.06,17.8,461.93,50,22876.64
2023-03-18,S04,Bengaluru,South,Home & Kitchen,2178.4,0,0,0,4787.89,19.8,1990.97,23,50103.12
2023-03-19,S01,Mumbai,West,Clothing,1805.27,0,0,0,7831.01,21.3,1727.37,35,63184.34
2023-03-19,S01,Mumbai,West,Electronics,14151.49,0,0,0,5005.69,21.7,16058.49,37,523605.21
2023-03-19,S01,Mumbai,West,Grocery,480.78,0,0,0,8045.55,19.8,471.61,45,21635.02
2023-03-19,S01,Mumbai,West,Home & Kitchen,2264.59,0,0,0,6720.71,20.6,2201.69,38,86054.58
2023-03-19,S02,Pune,West,Clothing,1536.72,5,1,0,5652.19,20.9,1911.3,44,67615.72
2023-03-19,S02,Pune,West,Electronics,15373.73,0,0,0,4373.26,21.4,15641.36,20,307474.63
2023-03-19,S02,Pune,West,Grocery,442.18,0,0,0,3292.32,19.5,407.15,45,19898.13
2023-03-19,S02,Pune,West,Home & Kitchen,2178.58,0,0,0,2763.08,18.7,2165.1,26,56643.11
2023-03-19,S03,Delhi,North,Clothing,1739.29,0,0,0,3443.76,20.0,1800.04,40,69571.69
2023-03-19,S03,Delhi,North,Electronics,15175.36,0,0,0,4907.53,21.5,15145.76,28,424910.07
2023-03-19,S03,Delhi,North,Grocery,473.53,0,0,0,2897.63,17.2,464.18,41,19414.63
2023-03-19,S03,Delhi,North,Home & Kitchen,2266.43,0,0,0,7092.52,19.5,2348.14,36,81591.45
2023-03-19,S04,Bengaluru,South,Clothing,1810.27,0,0,0,3303.2,21.3,1799.12,41,74221.01
2023-03-19,S04,Bengaluru,South,Electronics,14223.8,0,0,0,5758.8,18.9,15249.38,28,398266.38
2023-03-19,S04,Bengaluru,South,Grocery,439.45,0,0,0,8222.02,20.8,491.75,48,21093.68
2023-03-19,S04,Bengaluru,South,Home & Kitchen,2214.24,0,0,0,2280.43,20.9,2065.54,24,53141.66
2023-03-20,S01,Mumbai,West,Clothing,1789.94,0,0,0,4973.71,16.4,1745.35,23,41168.53
2023-03-20,S01,Mumbai,West,Electronics,14821.13,0,0,0,7578.19,18.9,14934.12,20,296422.65
2023-03-20,S01,Mumbai,West,Grocery,348.95,20,1,0,7477.03,21.4,468.71,52,18145.47
2023-03-20,S01,Mumbai,West,Home & Kitchen,2218.02,0,0,0,8051.23,17.5,2303.44,29,64322.65
2023-03-20,S02,Pune,West,Clothing,1826.46,0,0,0,4948.34,18.6,1756.65,24,43834.99
2023-03-20,S02,Pune,West,Electronics,15179.58,0,0,0,3719.84,22.8,15691.95,16,242873.25
2023-03-20,S02,Pune,West,Grocery,371.74,15,1,0,7703.9,20.9,446.65,45,16728.45
2023-03-20,S02,Pune,West,Home & Kitchen,2180.33,0,0,0,8844.82,19.0,2229.29,25,54508.35
2023-03-20,S03,Delhi,North,Clothing,1709.86,0,0,0,7169.77,23.4,1914.64,42,71814.3
2023-03-20,S03,Delhi,North,Electronics,12945.99,15,1,0,5152.68,21.1,15463.96,26,336595.67
2023-03-20,S03,Delhi,North,Grocery,448.25,0,0,0,4123.01,18.2,433.51,31,13895.77
2023-03-20,S03,Delhi,North,Home & Kitchen,2219.07,0,0,0,5334.3,21.5,2402.81,25,55476.63
2023-03-20,S04,Bengaluru,South,Clothing,1815.2,0,0,0,4589.79,19.5,1745.81,19,34488.86
2023-03-20,S04,Bengaluru,South,Electronics,14862.95,0,0,0,7705.55,19.1,14470.53,31,460751.32
2023-03-20,S04,Bengaluru,South,Grocery,434.85,0,0,0,6520.81,19.3,444.75,30,13045.39
2023-03-20,S04,Bengaluru,South,Home & Kitchen,2116.63,0,0,0,6264.31,27.3,2175.34,27,57149.11
2023-03-21,S01,Mumbai,West,Clothing,1569.2,15,1,0,3673.26,22.2,1840.92,36,56491.2
2023-03-21,S01,Mumbai,West,Electronics,15025.29,0,0,0,1520.58,18.8,15153.53,20,300505.85
2023-03-21,S01,Mumbai,West,Grocery,470.91,0,0,0,6683.9,20.2,447.54,32,15069.25
2023-03-21,S01,Mumbai,West,Home & Kitchen,2250.78,0,0,0,3359.5,18.0,2415.41,36,81028.02
2023-03-21,S02,Pune,West,Clothing,1810.2,0,0,0,6827.07,18.8,1679.33,24,43444.9
2023-03-21,S02,Pune,West,Electronics,15439.1,0,0,0,4920.46,22.7,15472.19,14,216147.34
2023-03-21,S02,Pune,West,Grocery,328.44,25,1,0,8643.05,17.2,493.32,58,19049.58
2023-03-21,S02,Pune,West,Home & Kitchen,1811.82,20,1,0,4449.36,21.1,2060.98,34,61601.78
2023-03-21,S03,Delhi,North,Clothing,1716.98,0,0,0,1497.61,20.3,1936.53,29,49792.34
2023-03-21,S03,Delhi,North,Electronics,14543.84,5,1,0,5488.16,20.1,16314.62,19,276333.05
2023-03-21,S03,Delhi,North,Grocery,453.03,0,0,0,4936.37,21.7,441.08,38,17215.16
2023-03-21,S03,Delhi,North,Home & Kitchen,2270.11,0,0,0,3262.53,18.2,2166.96,16,36321.8
2023-03-21,S04,Bengaluru,South,Clothing,1745.25,0,0,0,3433.71,19.7,1966.51,21,36650.15
2023-03-21,S04,Bengaluru,South,Electronics,15664.12,0,0,0,5035.34,18.9,14251.32,18,281954.21
2023-03-21,S04,Bengaluru,South,Grocery,359.72,20,1,0,5900.02,22.8,435.95,55,19784.85
2023-03-21,S04,Bengaluru,South,Home & Kitchen,2217.24,0,0,0,4413.39,22.6,2000.23,29,64299.88
2023-03-22,S01,Mumbai,West,Clothing,1985.54,0,0,0,4370.62,19.1,1843.17,40,79421.6
2023-03-22,S01,Mumbai,West,Electronics,14873.38,0,0,0,1997.68,17.6,15884.22,19,282594.29
2023-03-22,S01,Mumbai,West,Grocery,425.66,0,0,0,4433.88,21.9,439.38,40,17026.54
2023-03-22,S01,Mumbai,West,Home & Kitchen,2123.77,0,0,0,6154.23,21.5,2291.88,33,70084.44
2023-03-22,S02,Pune,West,Clothing,1817.46,0,0,0,8032.17,20.1,1763.03,31,56341.15
2023-03-22,S02,Pune,West,Electronics,14596.81,0,0,0,4406.07,19.9,14697.8,18,262742.67
2023-03-22,S02,Pune,West,Grocery,441.11,0,0,0,5651.64,21.2,443.04,27,11910.0
2023-03-22,S02,Pune,West,Home & Kitchen,2103.04,0,0,0,3237.39,21.5,2253.76,16,33648.64
2023-03-22,S03,Delhi,North,Clothing,1765.81,0,0,0,6519.04,17.9,1798.53,22,38847.72
2023-03-22,S03,Delhi,North,Electronics,14600.34,0,0,0,5987.22,19.5,15337.08,22,321207.45
2023-03-22,S03,Delhi,North,Grocery,329.43,25,1,0,8224.69,22.1,429.6,53,17459.77
2023-03-22,S03,Delhi,North,Home & Kitchen,2238.31,0,0,0,6253.72,20.1,,36,80579.07
2023-03-22,S04,Bengaluru,South,Clothing,1814.63,0,0,0,5247.32,20.7,1961.97,34,61697.58
2023-03-22,S04,Bengaluru,South,Electronics,14833.99,0,0,0,4133.87,22.5,14232.58,17,252177.85
2023-03-22,S04,Bengaluru,South,Grocery,456.87,0,0,0,3052.05,19.4,401.51,36,16447.31
2023-03-22,S04,Bengaluru,South,Home & Kitchen,2068.19,0,0,0,6660.83,21.4,2215.88,23,47568.28
2023-03-23,S01,Mumbai,West,Clothing,1822.64,0,0,0,5017.14,21.4,1580.92,26,47388.73
2023-03-23,S01,Mumbai,West,Electronics,14888.93,0,0,0,4185.24,17.9,14326.88,24,357334.3
2023-03-23,S01,Mumbai,West,Grocery,452.81,0,0,0,5157.0,20.7,450.04,38,17206.74
2023-03-23,S01,Mumbai,West,Home & Kitchen,2194.66,0,0,0,6957.45,17.3,2090.32,34,74618.47
2023-03-23,S02,Pune,West,Clothing,1790.1,0,0,0,5634.27,16.9,1925.26,30,53702.86
2023-03-23,S02,Pune,West,Electronics,15037.43,0,0,0,3517.09,18.1,15211.1,18,270673.77
2023-03-23,S02,Pune,West,Grocery,443.89,0,0,0,6207.18,22.4,491.94,35,15536.12
2023-03-23,S02,Pune,West,Home & Kitchen,2042.59,10,1,0,5889.87,21.2,2315.02,30,61277.6
2023-03-23,S03,Delhi,North,Clothing,1817.1,0,0,0,4760.71,20.4,1753.9,31,56329.98
2023-03-23,S03,Delhi,North,Electronics,15194.07,0,0,0,3002.93,20.3,15163.27,29,440627.93
2023-03-23,S03,Delhi,North,Grocery,448.19,0,0,0,4817.53,19.7,455.78,32,14341.94
2023-03-23,S03,Delhi,North,Home & Kitchen,2184.89,0,0,0,4453.71,22.5,2050.78,25,54622.24
2023-03-23,S04,Bengaluru,South,Clothing,1772.2,0,0,0,4396.72,18.4,1802.51,22,38988.31
2023-03-23,S04,Bengaluru,South,Electronics,15487.48,0,0,0,4202.66,21.1,14540.23,19,294262.04
2023-03-23,S04,Bengaluru,South,Grocery,439.64,0,0,0,6798.22,19.9,501.07,47,20663.05
2023-03-23,S04,Bengaluru,South,Home & Kitchen,2100.46,0,0,0,3541.39,16.4,2383.36,23,48310.68
2023-03-24,S01,Mumbai,West,Clothing,1760.3,0,0,0,3489.44,18.1,1981.39,24,42247.19
2023-03-24,S01,Mumbai,West,Electronics,15219.6,0,0,0,5021.79,16.3,14255.36,29,441368.29
2023-03-24,S01,Mumbai,West,Grocery,441.47,0,0,0,5639.72,21.7,458.17,59,26046.91
2023-03-24,S01,Mumbai,West,Home & Kitchen,2285.46,0,0,0,3543.98,17.3,2063.71,17,38852.75
2023-03-24,S02,Pune,West,Clothing,1442.11,20,1,0,8096.54,21.2,1595.63,41,59126.65
2023-03-24,S02,Pune,West,Electronics,15227.47,0,0,0,2541.43,18.3,16044.99,22,335004.31
2023-03-24,S02,Pune,West,Grocery,435.17,0,0,0,5440.2,23.0,473.03,39,16971.81
2023-03-24,S02,Pune,West,Home & Kitchen,2318.43,0,0,0,3661.28,19.8,2235.66,14,32458.05
2023-03-24,S03,Delhi,North,Clothing,1539.05,10,1,0,2315.59,17.1,1807.98,37,56944.85
2023-03-24,S03,Delhi,North,Electronics,15529.91,0,0,0,,18.8,16526.55,23,357187.85
2023-03-24,S03,Delhi,North,Grocery,371.69,10,1,0,9710.59,23.0,446.9,62,23045.08
2023-03-24,S03,Delhi,North,Home & Kitchen,2107.61,5,1,0,5200.61,22.3,2256.99,24,50582.65
2023-03-24,S04,Bengaluru,South,Clothing,1560.24,10,1,0,5415.45,21.4,,32,49927.75
2023-03-24,S04,Bengaluru,South,Electronics,15322.9,0,0,0,5725.94,20.4,14039.1,19,291135.17
2023-03-24,S04,Bengaluru,South,Grocery,447.38,0,0,0,6838.71,18.7,461.13,39,17447.88
2023-03-24,S04,Bengaluru,South,Home & Kitchen,2213.56,0,0,0,5807.14,20.3,1925.73,23,50911.9
2023-03-25,S01,Mumbai,West,Clothing,1729.99,0,0,0,7472.86,17.6,1847.57,52,89959.4
2023-03-25,S01,Mumbai,West,Electronics,12337.3,15,1,0,7242.19,21.5,14852.63,53,653876.84
2023-03-25,S01,Mumbai,West,Grocery,443.95,0,0,0,4010.66,15.8,460.88,50,22197.63
2023-03-25,S01,Mumbai,West,Home & Kitchen,2155.31,0,0,0,4137.32,20.0,2167.26,35,75435.8
2023-03-25,S02,Pune,West,Clothing,1357.0,25,1,0,4343.45,15.0,1809.22,55,74634.93
2023-03-25,S02,Pune,West,Electronics,15581.7,0,0,0,2047.76,20.6,15358.16,22,342797.43
2023-03-25,S02,Pune,West,Grocery,421.79,5,1,0,7023.77,20.7,440.81,44,18558.6
2023-03-25,S02,Pune,West,Home & Kitchen,2086.54,0,0,0,5547.47,20.5,2027.72,24,50076.96
2023-03-25,S03,Delhi,North,Clothing,1713.58,0,0,0,7516.14,19.7,1669.09,32,54834.55
2023-03-25,S03,Delhi,North,Electronics,15133.37,0,0,0,3593.4,18.0,13533.03,27,408600.88
2023-03-25,S03,Delhi,North,Grocery,453.51,0,0,0,7894.94,19.7,433.52,45,20407.77
2023-03-25,S03,Delhi,North,Home & Kitchen,2176.7,0,0,0,6557.14,19.8,1973.59,31,67477.58
2023-03-25,S04,Bengaluru,South,Clothing,1702.91,0,0,0,4644.42,19.5,1815.44,31,52790.07
2023-03-25,S04,Bengaluru,South,Electronics,16065.1,0,0,0,5090.25,19.6,16400.78,23,369497.22
2023-03-25,S04,Bengaluru,South,Grocery,423.93,0,0,0,5198.84,21.0,467.02,44,18653.09
2023-03-25,S04,Bengaluru,South,Home & Kitchen,2235.68,0,0,0,2346.08,22.8,2121.82,27,60363.36
2023-03-26,S01,Mumbai,West,Clothing,1782.44,0,0,0,8359.25,24.0,1862.72,38,67732.58
2023-03-26,S01,Mumbai,West,Electronics,11413.9,20,1,0,6851.56,23.6,15620.38,37,422314.48
2023-03-26,S01,Mumbai,West,Grocery,443.03,0,0,0,4361.4,17.5,456.78,50,22151.36
2023-03-26,S01,Mumbai,West,Home & Kitchen,2134.11,0,0,0,4120.43,20.3,2278.04,30,64023.3
2023-03-26,S02,Pune,West,Clothing,1814.81,0,0,0,4205.8,20.7,1742.94,26,47185.07
2023-03-26,S02,Pune,West,Electronics,16202.88,0,0,0,6108.19,20.3,13891.68,32,518492.3
2023-03-26,S02,Pune,West,Grocery,466.69,0,0,0,1824.43,16.4,425.69,29,13533.95
2023-03-26,S02,Pune,West,Home & Kitchen,2201.1,0,0,0,2732.53,21.9,2085.96,22,48424.18
2023-03-26,S03,Delhi,North,Clothing,1820.39,0,0,0,7025.33,17.8,1851.12,49,89199.03
2023-03-26,S03,Delhi,North,Electronics,15993.69,0,0,0,3195.5,17.8,14930.99,20,319873.89
2023-03-26,S03,Delhi,North,Grocery,463.55,0,0,0,5104.55,19.0,435.81,42,19469.0
2023-03-26,S03,Delhi,North,Home & Kitchen,2255.25,0,0,0,,20.4,2093.26,29,65402.28
2023-03-26,S04,Bengaluru,South,Clothing,1669.12,0,0,0,4566.08,19.6,1804.8,35,58419.29
2023-03-26,S04,Bengaluru,South,Electronics,11403.19,25,1,0,5271.77,21.5,14768.98,39,444724.45
2023-03-26,S04,Bengaluru,South,Grocery,368.78,20,1,0,9341.45,20.0,487.97,74,27289.53
2023-03-26,S04,Bengaluru,South,Home & Kitchen,2120.33,0,0,0,7023.53,21.1,2180.87,28,59369.1
2023-03-27,S01,Mumbai,West,Clothing,1749.23,0,0,0,5717.42,18.1,1787.08,35,61222.93
2023-03-27,S01,Mumbai,West,Electronics,11132.49,25,1,0,5308.36,22.9,14001.84,26,289444.81
2023-03-27,S01,Mumbai,West,Grocery,437.65,0,0,0,6281.83,19.3,447.96,38,16630.75
2023-03-27,S01,Mumbai,West,Home & Kitchen,2205.19,0,0,0,4800.83,20.8,2248.93,32,70566.01
2023-03-27,S02,Pune,West,Clothing,1734.4,5,1,0,3565.59,20.9,1784.91,25,43359.94
2023-03-27,S02,Pune,West,Electronics,15183.38,0,0,0,4366.25,20.5,14528.43,15,227750.75
2023-03-27,S02,Pune,West,Grocery,446.02,0,0,0,5472.02,21.3,457.65,33,14718.8
2023-03-27,S02,Pune,West,Home & Kitchen,2232.96,0,0,0,6705.57,17.8,2186.38,21,46892.09
2023-03-27,S03,Delhi,North,Clothing,1884.71,0,0,0,6874.99,19.6,1770.35,33,62195.47
2023-03-27,S03,Delhi,North,Electronics,14918.82,0,0,0,2082.98,19.8,14444.04,23,343132.92
2023-03-27,S03,Delhi,North,Grocery,472.85,0,0,0,4379.36,17.2,453.56,35,16549.58
2023-03-27,S03,Delhi,North,Home & Kitchen,2147.47,0,0,0,2372.31,18.2,2233.95,17,36507.03
2023-03-27,S04,Bengaluru,South,Clothing,1786.14,0,0,0,8766.27,20.2,1808.68,34,60728.8
2023-03-27,S04,Bengaluru,South,Electronics,12027.52,20,1,0,7176.21,16.2,14993.18,36,432990.69
2023-03-27,S04,Bengaluru,South,Grocery,438.44,0,0,0,5424.45,22.5,452.82,30,13153.2
2023-03-27,S04,Bengaluru,South,Home & Kitchen,1677.62,25,1,0,6793.26,22.3,2178.67,39,65427.35
2023-03-28,S01,Mumbai,West,Clothing,1825.25,0,0,0,4983.7,22.3,1633.02,16,29203.96
2023-03-28,S01,Mumbai,West,Electronics,15343.85,0,0,0,6528.57,16.7,13748.97,27,414283.99
2023-03-28,S01,Mumbai,West,Grocery,432.99,0,0,0,6635.44,22.2,472.43,43,18618.75
2023-03-28,S01,Mumbai,West,Home & Kitchen,2206.74,0,0,0,4465.45,19.1,2442.78,23,50754.92
2023-03-28,S02,Pune,West,Clothing,1361.45,25,1,0,5071.94,18.4,1768.63,43,58542.43
2023-03-28,S02,Pune,West,Electronics,14702.5,0,0,0,6454.32,18.9,14493.55,21,308752.6
2023-03-28,S02,Pune,West,Grocery,433.28,0,0,0,4361.69,21.9,478.59,35,15164.64
2023-03-28,S02,Pune,West,Home & Kitchen,2257.62,0,0,0,6409.79,20.0,2172.55,17,38379.57
2023-03-28,S03,Delhi,North,Clothing,1858.79,0,0,0,5139.68,20.5,1805.08,34,63199.01
2023-03-28,S03,Delhi,North,Electronics,14227.02,0,0,0,4227.51,18.3,14821.19,16,227632.4
2023-03-28,S03,Delhi,North,Grocery,456.49,0,0,0,8399.04,19.8,426.19,38,17346.74
2023-03-28,S03,Delhi,North,Home & Kitchen,2153.64,0,0,0,4671.32,20.6,2127.52,20,43072.71
2023-03-28,S04,Bengaluru,South,Clothing,1763.17,0,0,0,2081.36,21.7,1905.65,21,37026.65
2023-03-28,S04,Bengaluru,South,Electronics,12032.18,20,1,0,4419.95,23.7,14139.19,17,204547.08
2023-03-28,S04,Bengaluru,South,Grocery,458.56,0,0,0,5098.45,20.6,433.67,28,12839.61
2023-03-28,S04,Bengaluru,South,Home & Kitchen,2189.28,0,0,0,4456.73,21.0,2344.15,30,65678.29
2023-03-29,S01,Mumbai,West,Clothing,1824.41,0,0,0,3057.55,20.2,1860.72,36,65678.73
2023-03-29,S01,Mumbai,West,Electronics,15759.4,0,0,0,6545.29,21.4,15617.79,23,362466.17
2023-03-29,S01,Mumbai,West,Grocery,444.03,0,0,0,5101.12,23.8,434.83,36,15984.98
2023-03-29,S01,Mumbai,West,Home & Kitchen,2242.74,0,0,0,4702.57,21.8,2247.86,27,60553.97
2023-03-29,S02,Pune,West,Clothing,1899.89,0,0,0,5847.85,17.5,1886.44,26,49397.02
2023-03-29,S02,Pune,West,Electronics,14461.96,0,0,0,4351.02,22.9,14434.26,21,303701.17
2023-03-29,S02,Pune,West,Grocery,335.61,20,1,0,5927.71,18.6,414.48,46,15437.98
2023-03-29,S02,Pune,West,Home & Kitchen,1954.28,5,1,0,5786.37,14.2,2174.78,25,48857.1
2023-03-29,S03,Delhi,North,Clothing,1700.55,0,0,0,3992.66,20.6,1803.78,40,68022.07
2023-03-29,S03,Delhi,North,Electronics,14618.0,0,0,0,6618.09,19.7,15452.98,16,233887.96
2023-03-29,S03,Delhi,North,Grocery,445.07,0,0,0,6119.0,22.1,449.0,37,16467.49
2023-03-29,S03,Delhi,North,Home & Kitchen,2189.39,0,0,0,5452.18,23.1,2194.8,26,56924.14
2023-03-29,S04,Bengaluru,South,Clothing,1407.52,20,1,0,5704.43,15.6,1703.88,32,45040.62
2023-03-29,S04,Bengaluru,South,Electronics,15125.32,0,0,0,6297.58,19.5,16533.29,22,332756.96
2023-03-29,S04,Bengaluru,South,Grocery,454.7,0,0,0,,24.9,470.0,33,15005.23
2023-03-29,S04,Bengaluru,South,Home & Kitchen,1819.98,20,1,0,5214.55,22.0,2153.0,44,80079.03
2023-03-30,S01,Mumbai,West,Clothing,1774.99,0,0,0,7319.65,19.2,1749.13,25,44374.72
2023-03-30,S01,Mumbai,West,Electronics,13816.76,10,1,0,6331.3,22.8,14547.77,29,400686.1
2023-03-30,S01,Mumbai,West,Grocery,451.57,0,0,0,3207.26,19.7,505.79,29,13095.43
2023-03-30,S01,Mumbai,West,Home & Kitchen,2109.04,0,0,0,6256.98,18.3,2163.98,35,73816.47
2023-03-30,S02,Pune,West,Clothing,1760.8,0,0,0,5318.22,19.2,1804.84,22,38737.49
2023-03-30,S02,Pune,West,Electronics,14592.83,0,0,0,5532.45,17.1,13416.54,17,248078.17
2023-03-30,S02,Pune,West,Grocery,474.79,0,0,0,5338.65,19.9,452.71,28,13294.15
2023-03-30,S02,Pune,West,Home & Kitchen,2222.28,0,0,0,2516.72,21.5,2170.89,12,26667.39
2023-03-30,S03,Delhi,North,Clothing,1821.15,0,0,0,5097.66,17.1,1723.72,28,50992.3
2023-03-30,S03,Delhi,North,Electronics,14698.81,0,0,0,2024.93,22.7,15735.5,21,308675.09
2023-03-30,S03,Delhi,North,Grocery,438.91,0,0,0,5657.94,22.5,450.75,36,15800.78
2023-03-30,S03,Delhi,North,Home & Kitchen,2240.6,0,0,0,6301.33,22.6,2177.23,22,49293.11
2023-03-30,S04,Bengaluru,South,Clothing,1737.52,0,0,0,2736.75,17.5,,27,46912.95
2023-03-30,S04,Bengaluru,South,Electronics,11906.43,20,1,0,5432.98,18.1,14808.92,30,357193.02
2023-03-30,S04,Bengaluru,South,Grocery,456.24,0,0,0,5741.83,19.7,444.5,34,15512.11
2023-03-30,S04,Bengaluru,South,Home & Kitchen,2296.22,0,0,0,,16.5,2167.72,26,59701.66
2023-03-31,S01,Mumbai,West,Clothing,1907.19,0,0,0,5114.46,19.9,1848.95,40,76287.5
2023-03-31,S01,Mumbai,West,Electronics,14339.28,0,0,0,6443.99,19.1,14705.83,24,344142.75
2023-03-31,S01,Mumbai,West,Grocery,349.28,25,1,0,5467.93,18.8,467.17,58,20258.38
2023-03-31,S01,Mumbai,West,Home & Kitchen,2031.74,0,0,0,2156.28,21.3,2075.33,29,58920.49
2023-03-31,S02,Pune,West,Clothing,1423.8,20,1,0,9108.78,21.3,1890.95,37,52680.67
2023-03-31,S02,Pune,West,Electronics,14651.65,0,0,0,4811.89,18.8,16417.93,26,380942.8
2023-03-31,S02,Pune,West,Grocery,465.38,0,0,0,3926.6,21.0,404.07,19,8842.24
2023-03-31,S02,Pune,West,Home & Kitchen,2185.56,0,0,0,3781.62,18.4,2001.56,16,34969.01
2023-03-31,S03,Delhi,North,Clothing,1851.61,0,0,0,5819.07,18.7,1796.78,35,64806.46
2023-03-31,S03,Delhi,North,Electronics,15251.36,0,0,0,5814.08,19.6,14609.7,28,427038.11
2023-03-31,S03,Delhi,North,Grocery,443.58,0,0,0,3917.76,22.1,,27,11976.75
2023-03-31,S03,Delhi,North,Home & Kitchen,2203.52,0,0,0,5217.27,20.0,2077.68,20,44070.31
2023-03-31,S04,Bengaluru,South,Clothing,1769.57,0,0,0,5229.86,22.1,1884.09,25,44239.33
2023-03-31,S04,Bengaluru,South,Electronics,11816.96,20,1,0,7186.02,22.3,14558.13,32,378142.8
2023-03-31,S04,Bengaluru,South,Grocery,446.51,0,0,0,6144.35,18.4,408.73,37,16520.77
2023-03-31,S04,Bengaluru,South,Home & Kitchen,2052.57,0,0,0,4997.27,23.3,2159.61,30,61577.15
2023-04-01,S01,Mumbai,West,Clothing,1760.29,0,0,0,4566.25,21.4,1780.31,28,49288.0
2023-04-01,S01,Mumbai,West,Electronics,12661.12,15,1,0,6490.76,24.2,13607.39,42,531767.02
2023-04-01,S01,Mumbai,West,Grocery,340.49,25,1,0,3405.6,20.1,424.63,83,28260.71
2023-04-01,S01,Mumbai,West,Home & Kitchen,2260.8,0,0,0,3539.16,24.4,2329.85,39,88171.25
2023-04-01,S02,Pune,West,Clothing,1891.42,0,0,0,8082.07,24.7,1915.57,27,51068.33
2023-04-01,S02,Pune,West,Electronics,13694.51,0,0,0,5066.67,21.8,14342.78,32,438224.41
2023-04-01,S02,Pune,West,Grocery,453.84,0,0,0,3386.59,27.6,442.36,34,15430.63
2023-04-01,S02,Pune,West,Home & Kitchen,2072.24,5,1,0,6112.55,22.5,2288.62,29,60094.92
2023-04-01,S03,Delhi,North,Clothing,1684.59,5,1,0,,20.0,1677.65,41,69068.32
2023-04-01,S03,Delhi,North,Electronics,15374.32,0,0,0,4026.75,24.3,15501.85,23,353609.46
2023-04-01,S03,Delhi,North,Grocery,407.0,5,1,0,5230.49,25.0,438.07,52,21163.97
2023-04-01,S03,Delhi,North,Home & Kitchen,1960.56,10,1,0,1948.78,24.7,1972.76,29,56856.36
2023-04-01,S04,Bengaluru,South,Clothing,1740.69,0,0,0,2859.2,25.0,1816.82,39,67886.86
2023-04-01,S04,Bengaluru,South,Electronics,15207.47,0,0,0,6259.62,26.2,14627.2,30,456224.04
2023-04-01,S04,Bengaluru,South,Grocery,472.21,0,0,0,1774.24,22.6,483.79,47,22193.86
2023-04-01,S04,Bengaluru,South,Home & Kitchen,2210.64,5,1,0,3131.33,25.6,2252.92,28,61897.8
2023-04-02,S01,Mumbai,West,Clothing,1793.55,0,0,0,5721.76,24.0,1821.42,47,84296.88
2023-04-02,S01,Mumbai,West,Electronics,15115.49,0,0,0,4157.78,20.0,14490.77,40,604619.42
2023-04-02,S01,Mumbai,West,Grocery,465.75,0,0,0,5112.8,25.7,454.17,50,23287.41
2023-04-02,S01,Mumbai,West,Home & Kitchen,2128.52,0,0,0,6004.89,25.2,2199.33,47,100040.59
2023-04-02,S02,Pune,West,Clothing,1522.9,15,1,0,5754.29,21.8,1802.69,41,62439.05
2023-04-02,S02,Pune,West,Electronics,11756.76,20,1,0,6167.47,23.6,14397.04,35,411486.75
2023-04-02,S02,Pune,West,Grocery,465.7,0,0,0,3881.07,23.5,412.77,42,19559.25
2023-04-02,S02,Pune,West,Home & Kitchen,1869.25,20,1,0,3821.08,23.8,2269.0,38,71031.35
2023-04-02,S03,Delhi,North,Clothing,1787.21,0,0,0,3713.29,25.2,1756.59,40,71488.35
2023-04-02,S03,Delhi,North,Electronics,15061.25,0,0,0,3404.91,23.5,14326.77,29,436776.16
2023-04-02,S03,Delhi,North,Grocery,446.6,0,0,0,3499.26,27.2,463.61,53,23669.81
2023-04-02,S03,Delhi,North,Home & Kitchen,2269.72,0,0,0,3543.51,22.5,2277.01,31,70361.17
2023-04-02,S04,Bengaluru,South,Clothing,1804.96,0,0,0,4886.29,23.1,1916.65,39,70393.51
2023-04-02,S04,Bengaluru,South,Electronics,14715.31,0,0,0,2086.3,23.9,14841.75,25,367882.85
2023-04-02,S04,Bengaluru,South,Grocery,441.21,0,0,0,5538.69,22.6,424.98,33,14560.04
2023-04-02,S04,Bengaluru,South,Home & Kitchen,2260.54,0,0,0,4503.92,26.3,2380.98,26,58774.12
2023-04-03,S01,Mumbai,West,Clothing,1467.61,20,1,0,4945.72,21.8,1730.25,58,85121.49
2023-04-03,S01,Mumbai,West,Electronics,15079.92,0,0,0,6046.73,24.5,14994.32,26,392077.82
2023-04-03,S01,Mumbai,West,Grocery,365.54,15,1,0,6459.73,22.9,467.39,56,20470.12
2023-04-03,S01,Mumbai,West,Home & Kitchen,2159.74,0,0,0,5829.16,26.4,2034.32,32,69111.7
2023-04-03,S02,Pune,West,Clothing,1850.31,0,0,0,3980.47,24.2,1767.65,17,31455.24
2023-04-03,S02,Pune,West,Electronics,15322.53,0,0,0,4331.44,26.5,13543.72,19,291128.13
2023-04-03,S02,Pune,West,Grocery,457.12,0,0,0,2827.5,25.8,462.65,32,14627.92
2023-04-03,S02,Pune,West,Home & Kitchen,2185.77,0,0,0,3428.27,25.2,2257.46,16,34972.37
2023-04-03,S03,Delhi,North,Clothing,1818.01,0,0,0,5739.72,24.4,1699.8,22,39996.21
2023-04-03,S03,Delhi,North,Electronics,15131.67,0,0,0,5515.81,26.6,14039.63,24,363160.03
2023-04-03,S03,Delhi,North,Grocery,433.45,0,0,0,7231.99,22.1,471.64,50,21672.69
2023-04-03,S03,Delhi,North,Home & Kitchen,2238.84,0,0,0,3110.49,22.1,2180.44,32,71643.01
2023-04-03,S04,Bengaluru,South,Clothing,1839.78,0,0,0,3886.47,24.1,1809.97,18,33116.0
2023-04-03,S04,Bengaluru,South,Electronics,14159.89,0,0,0,4893.75,26.7,14772.14,23,325677.49
2023-04-03,S04,Bengaluru,South,Grocery,472.42,0,0,0,4249.7,22.4,433.04,41,19369.05
2023-04-03,S04,Bengaluru,South,Home & Kitchen,2240.15,0,0,0,4534.55,24.3,2200.25,33,73924.92
2023-04-04,S01,Mumbai,West,Clothing,1848.17,0,0,0,5220.31,23.2,1877.8,31,57293.3
2023-04-04,S01,Mumbai,West,Electronics,15242.69,0,0,0,5165.92,21.9,15697.78,22,335339.12
2023-04-04,S01,Mumbai,West,Grocery,444.15,0,0,0,4593.93,29.9,442.14,35,15545.42
2023-04-04,S01,Mumbai,West,Home & Kitchen,2055.91,0,0,0,3412.19,23.1,2202.45,22,45229.94
2023-04-04,S02,Pune,West,Clothing,1716.95,5,1,0,8088.06,24.5,1833.95,30,51508.54
2023-04-04,S02,Pune,West,Electronics,13530.54,10,1,0,3786.68,23.4,,23,311202.35
2023-04-04,S02,Pune,West,Grocery,448.98,0,0,0,3267.19,24.6,434.5,28,12571.4
2023-04-04,S02,Pune,West,Home & Kitchen,2229.69,0,0,0,6573.95,28.8,2247.27,24,53512.57
2023-04-04,S03,Delhi,North,Clothing,1826.34,0,0,0,5293.13,21.7,1721.1,35,63921.95
2023-04-04,S03,Delhi,North,Electronics,15861.78,0,0,0,6965.85,27.3,15053.14,22,348959.25
2023-04-04,S03,Delhi,North,Grocery,441.94,0,0,0,5752.31,26.4,464.56,30,13258.12
2023-04-04,S03,Delhi,North,Home & Kitchen,2169.68,0,0,0,2172.21,23.3,2237.35,17,36884.61
2023-04-04,S04,Bengaluru,South,Clothing,1773.6,0,0,0,6598.78,25.2,1835.63,32,56755.23
2023-04-04,S04,Bengaluru,South,Electronics,14410.37,0,0,0,2706.49,26.0,,25,360259.19
2023-04-04,S04,Bengaluru,South,Grocery,453.43,0,0,0,4151.37,27.0,467.19,40,18137.02
2023-04-04,S04,Bengaluru,South,Home & Kitchen,2178.31,0,0,0,6526.74,25.1,2368.47,30,65349.23
2023-04-05,S01,Mumbai,West,Clothing,1588.64,15,1,0,3403.56,25.9,1693.05,36,57191.07
2023-04-05,S01,Mumbai,West,Electronics,14587.33,0,0,0,5002.01,24.4,14421.58,34,495969.15
2023-04-05,S01,Mumbai,West,Grocery,459.6,0,0,0,5362.57,22.5,416.36,43,19762.74
2023-04-05,S01,Mumbai,West,Home & Kitchen,2267.51,0,0,0,5839.55,22.7,2090.47,35,79362.93
2023-04-05,S02,Pune,West,Clothing,1787.7,0,0,0,6896.34,24.4,1851.32,29,51843.25
2023-04-05,S02,Pune,West,Electronics,14883.62,0,0,0,6149.2,24.2,14931.85,21,312556.0
2023-04-05,S02,Pune,West,Grocery,433.26,0,0,0,3473.16,24.4,476.06,32,13864.24
2023-04-05,S02,Pune,West,Home & Kitchen,2192.06,0,0,0,5232.38,20.9,2168.75,14,30688.81
2023-04-05,S03,Delhi,North,Clothing,1820.36,0,0,0,6388.92,26.8,1596.82,38,69173.86
2023-04-05,S03,Delhi,North,Electronics,14626.01,0,0,0,7246.99,23.1,14836.1,33,482658.34
2023-04-05,S03,Delhi,North,Grocery,447.24,0,0,0,4534.56,24.6,454.72,36,16100.69
2023-04-05,S03,Delhi,North,Home & Kitchen,2131.2,0,0,0,4744.77,24.5,2193.56,23,49017.64
2023-04-05,S04,Bengaluru,South,Clothing,1394.07,25,1,0,3303.91,27.1,1785.11,58,80856.31
2023-04-05,S04,Bengaluru,South,Electronics,15741.1,0,0,0,2403.55,24.8,15645.15,19,299080.83
2023-04-05,S04,Bengaluru,South,Grocery,451.67,0,0,0,4643.41,23.5,404.39,27,12195.08
2023-04-05,S04,Bengaluru,South,Home & Kitchen,2234.46,0,0,0,4218.72,25.5,2210.41,27,60330.53
2023-04-06,S01,Mumbai,West,Clothing,1823.14,0,0,0,6630.63,24.5,2002.1,44,80218.11
2023-04-06,S01,Mumbai,West,Electronics,15029.22,0,0,0,7209.43,20.9,16243.03,35,526022.85
2023-04-06,S01,Mumbai,West,Grocery,340.97,25,1,0,6750.42,28.2,426.62,68,23186.29
2023-04-06,S01,Mumbai,West,Home & Kitchen,2223.12,0,0,0,6990.3,20.6,2153.18,28,62247.43
2023-04-06,S02,Pune,West,Clothing,1853.26,0,0,0,5661.87,22.0,1696.2,36,66717.27
2023-04-06,S02,Pune,West,Electronics,14270.12,0,0,0,7390.32,25.3,14736.81,17,242592.06
2023-04-06,S02,Pune,West,Grocery,475.77,0,0,0,2847.37,26.7,437.84,31,14748.76
2023-04-06,S02,Pune,West,Home & Kitchen,2215.92,0,0,0,5185.0,22.3,2133.22,25,55398.03
2023-04-06,S03,Delhi,North,Clothing,1839.11,0,0,0,7284.56,24.9,1761.37,27,49656.0
2023-04-06,S03,Delhi,North,Electronics,14967.21,0,0,0,5425.55,25.5,16117.9,25,374180.17
2023-04-06,S03,Delhi,North,Grocery,454.45,0,0,0,4291.58,24.4,417.91,33,14996.73
2023-04-06,S03,Delhi,North,Home & Kitchen,2188.41,0,0,0,5766.36,25.4,2191.6,31,67840.62
2023-04-06,S04,Bengaluru,South,Clothing,1758.04,0,0,0,2950.34,23.2,1925.37,27,47467.07
2023-04-06,S04,Bengaluru,South,Electronics,12627.97,15,1,0,5577.77,20.7,14164.6,38,479863.01
2023-04-06,S04,Bengaluru,South,Grocery,446.89,0,0,0,3954.79,24.6,451.73,39,17428.61
2023-04-06,S04,Bengaluru,South,Home & Kitchen,2224.52,0,0,0,3454.33,23.6,2060.99,18,40041.43
2023-04-07,S01,Mumbai,West,Clothing,1671.07,10,1,0,5812.06,21.0,2001.42,49,81882.64
2023-04-07,S01,Mumbai,West,Electronics,15189.15,0,0,0,1323.69,25.1,14486.58,26,394917.78
2023-04-07,S01,Mumbai,West,Grocery,438.37,0,0,0,,25.5,462.2,51,22357.08
2023-04-07,S01,Mumbai,West,Home & Kitchen,2220.47,0,0,0,4926.46,20.0,2200.68,27,59952.77
2023-04-07,S02,Pune,West,Clothing,1827.99,0,0,0,6058.34,24.3,1821.25,39,71291.8
2023-04-07,S02,Pune,West,Electronics,15472.68,0,0,0,7488.82,23.3,14776.5,18,278508.32
2023-04-07,S02,Pune,West,Grocery,377.48,15,1,0,6951.8,22.3,435.79,57,21516.64
2023-04-07,S02,Pune,West,Home & Kitchen,2236.47,0,0,0,5791.19,24.5,2088.06,16,35783.58
2023-04-07,S03,Delhi,North,Clothing,1539.9,15,1,0,7541.41,23.8,1843.7,32,49276.75
2023-04-07,S03,Delhi,North,Electronics,11097.31,25,1,0,5873.49,28.2,16596.34,40,443892.31
2023-04-07,S03,Delhi,North,Grocery,427.71,0,0,0,3513.08,21.2,487.7,43,18391.52
2023-04-07,S03,Delhi,North,Home & Kitchen,2158.85,0,0,0,6456.82,23.8,2217.98,27,58288.85
2023-04-07,S04,Bengaluru,South,Clothing,1695.74,0,0,0,3265.68,26.6,1882.03,29,49176.59
2023-04-07,S04,Bengaluru,South,Electronics,15345.75,0,0,0,5460.69,24.3,15607.08,30,460372.38
2023-04-07,S04,Bengaluru,South,Grocery,451.51,0,0,0,6075.21,21.5,455.28,31,13996.94
2023-04-07,S04,Bengaluru,South,Home & Kitchen,2257.01,0,0,0,4897.42,22.4,2322.48,26,58682.18
2023-04-08,S01,Mumbai,West,Clothing,1764.08,0,0,0,6738.2,25.7,1946.94,49,86440.12
2023-04-08,S01,Mumbai,West,Electronics,11528.66,25,1,0,3448.17,26.0,,49,564904.53
2023-04-08,S01,Mumbai,West,Grocery,462.61,0,0,0,3197.7,21.9,410.52,41,18967.01
2023-04-08,S01,Mumbai,West,Home & Kitchen,1998.03,10,1,0,4185.67,23.6,2100.43,42,83917.06
2023-04-08,S02,Pune,West,Clothing,1287.87,25,1,0,6988.47,25.8,1777.18,50,64393.63
2023-04-08,S02,Pune,West,Electronics,14468.8,5,1,0,5004.11,24.8,15440.85,34,491939.21
2023-04-08,S02,Pune,West,Grocery,444.84,0,0,0,3649.26,24.5,413.66,48,21352.21
2023-04-08,S02,Pune,West,Home & Kitchen,2258.96,0,0,0,4754.27,22.5,2369.72,30,67768.81
2023-04-08,S03,Delhi,North,Clothing,1766.21,0,0,0,3271.55,23.1,1816.0,42,74180.65
2023-04-08,S03,Delhi,North,Electronics,14471.76,0,0,0,5587.33,21.7,14543.59,36,520983.31
2023-04-08,S03,Delhi,North,Grocery,445.37,0,0,0,4895.25,24.7,,38,16923.98
2023-04-08,S03,Delhi,North,Home & Kitchen,2149.04,0,0,0,5744.62,24.9,2178.84,22,47278.81
2023-04-08,S04,Bengaluru,South,Clothing,1592.51,15,1,0,6653.32,25.1,1702.15,47,74848.12
2023-04-08,S04,Bengaluru,South,Electronics,14685.99,0,0,0,2682.73,24.0,14002.21,22,323091.72
2023-04-08,S04,Bengaluru,South,Grocery,450.13,0,0,0,3182.88,24.0,473.66,40,18005.3
2023-04-08,S04,Bengaluru,South,Home & Kitchen,2224.44,0,0,0,5876.85,21.8,2197.55,27,60059.86
2023-04-09,S01,Mumbai,West,Clothing,1849.58,0,0,0,4698.3,24.0,1914.79,43,79531.79
2023-04-09,S01,Mumbai,West,Electronics,13173.68,10,1,0,3863.27,22.4,16153.02,34,447905.26
2023-04-09,S01,Mumbai,West,Grocery,442.83,0,0,0,4620.1,24.5,417.39,58,25684.01
2023-04-09,S01,Mumbai,West,Home & Kitchen,1548.02,25,1,0,7574.92,23.8,2146.36,75,116101.65
2023-04-09,S02,Pune,West,Clothing,1809.37,0,0,0,3516.86,25.1,1762.17,32,57899.8
2023-04-09,S02,Pune,West,Electronics,14994.18,0,0,0,3900.24,24.5,14639.98,21,314877.8
2023-04-09,S02,Pune,West,Grocery,450.51,0,0,0,2205.24,24.1,458.8,40,18020.23
2023-04-09,S02,Pune,West,Home & Kitchen,2148.72,0,0,0,4910.74,25.7,2197.74,42,90246.24
2023-04-09,S03,Delhi,North,Clothing,1775.9,0,0,0,4980.51,22.7,1897.55,38,67484.27
2023-04-09,S03,Delhi,North,Electronics,14088.78,0,0,0,8715.44,26.0,13641.35,33,464929.9
2023-04-09,S03,Delhi,North,Grocery,459.26,0,0,0,5256.06,26.3,457.02,47,21585.28
2023-04-09,S03,Delhi,North,Home & Kitchen,2249.47,0,0,0,4162.88,18.9,2162.76,29,65234.7
2023-04-09,S04,Bengaluru,South,Clothing,1689.56,0,0,0,5292.58,22.2,1859.72,29,48997.3
2023-04-09,S04,Bengaluru,South,Electronics,15400.16,0,0,0,5406.99,23.5,15129.93,36,554405.91
2023-04-09,S04,Bengaluru,South,Grocery,473.53,0,0,0,2278.43,19.3,463.21,44,20835.29
2023-04-09,S04,Bengaluru,South,Home & Kitchen,2237.49,0,0,0,5141.43,23.7,2357.33,36,80549.75
2023-04-10,S01,Mumbai,West,Clothing,1848.86,0,0,0,4795.7,22.9,1792.39,25,46221.38
2023-04-10,S01,Mumbai,West,Electronics,14844.68,0,0,0,4455.11,21.7,15158.6,16,237514.87
2023-04-10,S01,Mumbai,West,Grocery,439.51,0,0,0,5614.76,25.5,462.08,40,17580.22
2023-04-10,S01,Mumbai,West,Home & Kitchen,2134.98,0,0,0,7584.57,21.8,2118.15,18,38429.62
2023-04-10,S02,Pune,West,Clothing,1746.27,0,0,0,3172.14,24.8,1737.81,26,45402.93
2023-04-10,S02,Pune,West,Electronics,14008.87,0,0,0,4168.58,21.7,13508.32,23,322203.93
2023-04-10,S02,Pune,West,Grocery,450.74,0,0,0,4398.12,21.0,461.07,33,14874.33
2023-04-10,S02,Pune,West,Home & Kitchen,2210.07,0,0,0,5683.98,23.7,2017.34,26,57461.91
2023-04-10,S03,Delhi,North,Clothing,1757.92,0,0,0,5580.47,22.4,1714.26,48,84380.39
2023-04-10,S03,Delhi,North,Electronics,13245.92,15,1,0,5473.18,20.5,,22,291410.16
2023-04-10,S03,Delhi,North,Grocery,468.9,0,0,0,1586.75,19.7,434.14,37,17349.17
2023-04-10,S03,Delhi,North,Home & Kitchen,2274.4,0,0,0,6623.54,24.3,2089.45,25,56860.02
2023-04-10,S04,Bengaluru,South,Clothing,1769.73,0,0,0,4533.04,22.8,1896.96,28,49552.52
2023-04-10,S04,Bengaluru,South,Electronics,15181.05,0,0,0,3688.47,23.3,14231.73,22,333983.07
2023-04-10,S04,Bengaluru,South,Grocery,433.61,0,0,0,4769.93,24.7,465.95,43,18645.14
2023-04-10,S04,Bengaluru,South,Home & Kitchen,1687.43,25,1,0,6105.18,22.3,2290.72,36,60747.63
2023-04-11,S01,Mumbai,West,Clothing,1881.7,0,0,0,3181.52,25.5,1904.99,29,54569.18
2023-04-11,S01,Mumbai,West,Electronics,13783.28,0,0,0,4618.09,19.7,14585.98,32,441065.03
2023-04-11,S01,Mumbai,West,Grocery,456.57,0,0,0,7368.07,23.5,444.99,44,20089.25
2023-04-11,S01,Mumbai,West,Home & Kitchen,2170.19,0,0,0,3670.79,22.3,2121.1,27,58595.02
2023-04-11,S02,Pune,West,Clothing,1868.64,0,0,0,4923.65,27.3,1743.69,28,52321.98
2023-04-11,S02,Pune,West,Electronics,14779.15,0,0,0,4736.24,23.1,14031.35,26,384257.96
2023-04-11,S02,Pune,West,Grocery,457.76,0,0,0,3330.17,26.5,471.14,20,9155.17
2023-04-11,S02,Pune,West,Home & Kitchen,2212.41,0,0,0,6213.47,25.8,2196.79,28,61947.35
2023-04-11,S03,Delhi,North,Clothing,1775.1,0,0,0,6213.79,26.3,1756.92,35,62128.6
2023-04-11,S03,Delhi,North,Electronics,14656.11,0,0,0,6702.41,24.1,14373.23,14,205185.54
2023-04-11,S03,Delhi,North,Grocery,449.0,0,0,0,3553.71,25.6,445.17,33,14816.88
2023-04-11,S03,Delhi,North,Home & Kitchen,2196.08,0,0,0,4684.43,22.8,2473.08,22,48313.81
2023-04-11,S04,Bengaluru,South,Clothing,1842.3,0,0,0,5936.11,26.4,1800.68,37,68164.98
2023-04-11,S04,Bengaluru,South,Electronics,15895.97,0,0,0,5101.85,25.5,14454.16,24,381503.22
2023-04-11,S04,Bengaluru,South,Grocery,447.38,0,0,0,6993.71,23.0,469.82,39,17447.72
2023-04-11,S04,Bengaluru,South,Home & Kitchen,2072.9,0,0,0,5069.55,22.5,2302.55,21,43530.81
2023-04-12,S01,Mumbai,West,Clothing,1709.9,0,0,0,6139.64,23.7,1791.34,30,51297.13
2023-04-12,S01,Mumbai,West,Electronics,14720.34,0,0,0,2739.01,23.5,14883.65,24,353288.21
2023-04-12,S01,Mumbai,West,Grocery,450.08,0,0,0,4592.11,25.7,434.34,36,16203.0
2023-04-12,S01,Mumbai,West,Home & Kitchen,2150.58,0,0,0,5058.88,27.0,2089.12,41,88173.9
2023-04-12,S02,Pune,West,Clothing,1894.69,0,0,0,4698.63,24.3,1913.01,32,60630.2
2023-04-12,S02,Pune,West,Electronics,15195.17,0,0,0,4921.31,24.7,13992.4,20,303903.47
2023-04-12,S02,Pune,West,Grocery,456.2,0,0,0,7188.62,25.7,464.74,30,13686.13
2023-04-12,S02,Pune,West,Home & Kitchen,2091.23,0,0,0,5747.15,23.5,1970.73,20,41824.59
2023-04-12,S03,Delhi,North,Clothing,1830.33,0,0,0,6287.15,24.5,1882.54,43,78704.32
2023-04-12,S03,Delhi,North,Electronics,14887.32,0,0,0,4111.44,23.7,15155.48,19,282859.14
2023-04-12,S03,Delhi,North,Grocery,455.68,5,1,0,4782.19,19.4,476.54,31,14126.05
2023-04-12,S03,Delhi,North,Home & Kitchen,2199.62,0,0,0,5090.69,21.5,2310.77,31,68188.31
2023-04-12,S04,Bengaluru,South,Clothing,1866.9,0,0,0,1576.61,26.8,1866.49,21,39204.98
2023-04-12,S04,Bengaluru,South,Electronics,15592.47,0,0,0,8794.2,21.5,15360.78,30,467774.12
2023-04-12,S04,Bengaluru,South,Grocery,437.22,0,0,0,4202.02,27.2,482.61,37,16177.27
2023-04-12,S04,Bengaluru,South,Home & Kitchen,2181.99,0,0,0,4760.34,26.9,2116.1,24,52367.78
2023-04-13,S01,Mumbai,West,Clothing,1751.01,0,0,0,3686.24,21.7,1660.18,34,59534.41
2023-04-13,S01,Mumbai,West,Electronics,14764.01,0,0,0,3522.26,22.8,16014.81,19,280516.25
2023-04-13,S01,Mumbai,West,Grocery,332.21,25,1,0,6991.51,25.6,438.87,76,25247.62
2023-04-13,S01,Mumbai,West,Home & Kitchen,2182.08,0,0,0,6635.23,25.8,2146.9,25,54552.01
2023-04-13,S02,Pune,West,Clothing,1901.19,0,0,0,5415.42,22.3,1767.24,32,60838.22
2023-04-13,S02,Pune,West,Electronics,14987.14,0,0,0,3503.11,26.6,15206.49,15,224807.17
2023-04-13,S02,Pune,West,Grocery,442.21,0,0,0,5199.37,24.1,459.03,35,15477.43
2023-04-13,S02,Pune,West,Home & Kitchen,2137.06,0,0,0,7190.58,25.1,2227.28,21,44878.22
2023-04-13,S03,Delhi,North,Clothing,1758.27,0,0,0,4912.94,21.9,1792.21,31,54506.39
2023-04-13,S03,Delhi,North,Electronics,12914.7,15,1,0,4504.87,20.6,14804.11,35,452014.54
2023-04-13,S03,Delhi,North,Grocery,459.45,0,0,0,6628.23,21.2,467.61,38,17459.25
2023-04-13,S03,Delhi,North,Home & Kitchen,2151.17,0,0,0,4006.6,24.9,2364.01,25,53779.25
2023-04-13,S04,Bengaluru,South,Clothing,1432.98,20,1,0,5531.14,23.9,1920.96,56,80246.73
2023-04-13,S04,Bengaluru,South,Electronics,15331.06,0,0,0,4523.97,26.4,15885.72,18,275959.07
2023-04-13,S04,Bengaluru,South,Grocery,442.23,0,0,0,4592.12,25.7,439.23,35,15478.16
2023-04-13,S04,Bengaluru,South,Home & Kitchen,1650.88,25,1,0,4992.11,27.2,2094.23,40,66035.23
2023-04-14,S01,Mumbai,West,Clothing,1475.56,20,1,0,5124.44,27.7,1935.29,57,84106.9
2023-04-14,S01,Mumbai,West,Electronics,14541.19,0,0,0,3708.74,20.9,16099.65,27,392612.05
2023-04-14,S01,Mumbai,West,Grocery,331.86,25,1,0,7580.67,25.2,416.91,66,21902.87
2023-04-14,S01,Mumbai,West,Home & Kitchen,2216.25,0,0,0,5173.04,21.5,2101.58,36,79784.97
2023-04-14,S02,Pune,West,Clothing,1819.31,0,0,0,4803.16,22.3,1902.94,33,60037.09
2023-04-14,S02,Pune,West,Electronics,15086.37,0,0,0,2780.4,26.6,15697.51,25,377159.3
2023-04-14,S02,Pune,West,Grocery,450.35,0,0,0,2794.28,23.5,463.41,25,11258.74
2023-04-14,S02,Pune,West,Home & Kitchen,2258.8,0,0,0,5036.95,22.1,2215.73,16,36140.82
2023-04-14,S03,Delhi,North,Clothing,1857.78,0,0,0,4264.36,26.6,1816.65,36,66880.0
2023-04-14,S03,Delhi,North,Electronics,14464.5,0,0,0,7653.35,26.2,14056.12,34,491793.1
2023-04-14,S03,Delhi,North,Grocery,450.83,0,0,0,4169.34,23.8,443.0,37,16680.8
2023-04-14,S03,Delhi,North,Home & Kitchen,1597.37,25,1,0,5558.93,26.9,2339.59,49,78270.98
2023-04-14,S04,Bengaluru,South,Clothing,1769.03,0,0,0,4946.65,26.2,1795.0,29,51301.88
2023-04-14,S04,Bengaluru,South,Electronics,14735.07,0,0,0,3292.43,23.9,16366.9,26,383111.71
2023-04-14,S04,Bengaluru,South,Grocery,450.24,0,0,0,4557.11,25.6,427.21,37,16658.71
2023-04-14,S04,Bengaluru,South,Home & Kitchen,2175.77,0,0,0,3821.63,23.3,2195.63,28,60921.66
2023-04-15,S01,Mumbai,West,Clothing,1656.83,0,0,0,,24.0,1901.59,50,82841.32
2023-04-15,S01,Mumbai,West,Electronics,15074.53,0,0,0,8686.14,24.9,14387.41,34,512533.87
2023-04-15,S01,Mumbai,West,Grocery,435.56,0,0,0,4705.06,24.0,460.9,61,26569.02
2023-04-15,S01,Mumbai,West,Home & Kitchen,2266.42,0,0,0,2379.06,23.1,2264.52,27,61193.47
2023-04-15,S02,Pune,West,Clothing,1775.08,0,0,0,2445.1,24.4,1811.79,31,55027.34
2023-04-15,S02,Pune,West,Electronics,15308.45,0,0,0,5074.91,28.2,16099.35,28,428636.62
2023-04-15,S02,Pune,West,Grocery,343.0,25,1,0,7023.65,24.0,465.68,70,24009.91
2023-04-15,S02,Pune,West,Home & Kitchen,2169.53,0,0,0,2979.24,27.9,2140.39,30,65085.97
2023-04-15,S03,Delhi,North,Clothing,1746.63,0,0,0,6513.03,23.8,1990.28,48,83838.28
2023-04-15,S03,Delhi,North,Electronics,12430.84,15,1,0,6004.78,24.3,16339.6,49,609110.99
2023-04-15,S03,Delhi,North,Grocery,466.79,0,0,0,2308.45,27.2,484.37,47,21938.95
2023-04-15,S03,Delhi,North,Home & Kitchen,2252.52,0,0,0,4368.22,24.0,2169.28,36,81090.71
2023-04-15,S04,Bengaluru,South,Clothing,1913.39,0,0,0,5241.55,,1834.82,30,57401.65
2023-04-15,S04,Bengaluru,South,Electronics,14470.91,0,0,0,4973.13,22.3,15279.82,35,506481.81
2023-04-15,S04,Bengaluru,South,Grocery,470.31,0,0,0,8767.62,22.3,428.39,53,24926.63
2023-04-15,S04,Bengaluru,South,Home & Kitchen,1706.52,25,1,0,6049.44,26.6,2050.73,36,61434.9
2023-04-16,S01,Mumbai,West,Clothing,1826.57,0,0,0,5181.84,23.8,1797.18,44,80369.01
2023-04-16,S01,Mumbai,West,Electronics,14974.82,0,0,0,7702.61,23.1,14968.17,28,419295.09
2023-04-16,S01,Mumbai,West,Grocery,444.66,0,0,0,6722.61,21.7,431.85,53,23566.84
2023-04-16,S01,Mumbai,West,Home & Kitchen,2102.31,0,0,0,5665.13,24.8,2222.09,41,86194.57
2023-04-16,S02,Pune,West,Clothing,1817.37,0,0,0,1831.71,21.1,1698.06,32,58156.0
2023-04-16,S02,Pune,West,Electronics,15069.63,0,0,0,500.0,25.0,13773.83,18,271253.39
2023-04-16,S02,Pune,West,Grocery,330.8,25,1,0,6152.96,25.4,470.42,84,27786.98
2023-04-16,S02,Pune,West,Home & Kitchen,2372.39,0,0,0,6632.41,20.6,2096.66,29,68799.37
2023-04-16,S03,Delhi,North,Clothing,1810.97,0,0,0,5566.44,22.2,1777.12,38,68817.05
2023-04-16,S03,Delhi,North,Electronics,14990.21,0,0,0,5336.85,22.1,15497.14,31,464696.65
2023-04-16,S03,Delhi,North,Grocery,443.15,0,0,0,3348.58,23.7,427.29,49,21714.56
2023-04-16,S03,Delhi,North,Home & Kitchen,2116.15,0,0,0,2927.74,25.8,2180.01,32,67716.67
2023-04-16,S04,Bengaluru,South,Clothing,1849.63,0,0,0,5072.67,23.9,1760.95,45,83233.5
2023-04-16,S04,Bengaluru,South,Electronics,14936.88,0,0,0,4714.81,23.4,14995.91,25,373422.01
2023-04-16,S04,Bengaluru,South,Grocery,456.52,0,0,0,6406.71,24.7,463.63,48,21912.76
2023-04-16,S04,Bengaluru,South,Home & Kitchen,1846.21,20,1,0,6584.68,23.6,2081.04,45,83079.52
2023-04-17,S01,Mumbai,West,Clothing,1857.23,0,0,0,2440.85,23.2,1689.73,17,31572.9
2023-04-17,S01,Mumbai,West,Electronics,13983.35,0,0,0,4382.38,21.8,15067.62,29,405517.26
2023-04-17,S01,Mumbai,West,Grocery,464.85,0,0,0,6803.26,23.8,437.95,46,21383.11
2023-04-17,S01,Mumbai,West,Home & Kitchen,2199.42,0,0,0,3531.79,22.7,2331.42,29,63783.09
2023-04-17,S02,Pune,West,Clothing,1749.25,0,0,0,6106.15,23.4,1817.17,32,55976.16
2023-04-17,S02,Pune,West,Electronics,11469.27,25,1,0,5818.82,23.2,15465.2,38,435832.08
2023-04-17,S02,Pune,West,Grocery,446.05,5,1,0,5570.5,24.1,415.63,35,15611.87
2023-04-17,S02,Pune,West,Home & Kitchen,1924.03,15,1,0,5558.84,22.6,2261.87,38,73113.07
2023-04-17,S03,Delhi,North,Clothing,1660.62,10,1,0,6506.68,28.0,1756.43,39,64764.22
2023-04-17,S03,Delhi,North,Electronics,14802.77,0,0,0,5820.42,24.7,16319.26,27,399674.88
2023-04-17,S03,Delhi,North,Grocery,414.06,5,1,0,9104.0,24.9,412.18,49,20288.99
2023-04-17,S03,Delhi,North,Home & Kitchen,1727.29,20,1,0,7146.66,23.2,2200.32,39,67364.47
2023-04-17,S04,Bengaluru,South,Clothing,1858.1,0,0,0,5352.07,24.4,1852.3,34,63175.31
2023-04-17,S04,Bengaluru,South,Electronics,13507.71,10,1,0,5377.98,24.4,14277.51,14,189107.94
2023-04-17,S04,Bengaluru,South,Grocery,437.09,0,0,0,4094.72,27.9,443.09,40,17483.48
2023-04-17,S04,Bengaluru,South,Home & Kitchen,1657.79,25,1,0,6118.26,23.2,2117.38,34,56364.7
2023-04-18,S01,Mumbai,West,Clothing,1591.99,10,1,0,5584.55,26.4,1747.24,31,49351.63
2023-04-18,S01,Mumbai,West,Electronics,15096.98,0,0,0,4454.63,22.9,14260.32,31,468006.34
2023-04-18,S01,Mumbai,West,Grocery,385.31,15,1,0,8484.69,24.4,457.8,69,26586.13
2023-04-18,S01,Mumbai,West,Home & Kitchen,2246.96,0,0,0,3093.92,22.4,2407.54,24,53927.09
2023-04-18,S02,Pune,West,Clothing,1926.66,0,0,0,4005.81,24.9,1693.09,18,34679.82
2023-04-18,S02,Pune,West,Electronics,14620.4,0,0,0,3582.88,23.9,14538.7,15,219306.04
2023-04-18,S02,Pune,West,Grocery,359.78,20,1,0,8834.31,22.7,439.61,53,19068.41
2023-04-18,S02,Pune,West,Home & Kitchen,1895.35,15,1,0,4616.36,21.2,2190.87,31,58755.81
2023-04-18,S03,Delhi,North,Clothing,1824.24,0,0,0,3943.02,21.8,,45,82090.58
2023-04-18,S03,Delhi,North,Electronics,14425.85,0,0,0,3661.03,25.8,13649.18,22,317368.63
2023-04-18,S03,Delhi,North,Grocery,462.54,0,0,0,4440.83,22.2,406.59,31,14338.73
2023-04-18,S03,Delhi,North,Home & Kitchen,2157.0,0,0,0,5251.52,28.1,2159.94,28,60396.08
2023-04-18,S04,Bengaluru,South,Clothing,1825.61,0,0,0,5648.13,21.2,1719.33,20,36512.24
2023-04-18,S04,Bengaluru,South,Electronics,13334.38,10,1,0,6061.69,26.9,13657.97,33,440034.63
2023-04-18,S04,Bengaluru,South,Grocery,446.04,0,0,0,4683.63,22.5,436.0,31,13827.18
2023-04-18,S04,Bengaluru,South,Home & Kitchen,2210.16,0,0,0,2302.61,24.7,2065.1,17,37572.74
2023-04-19,S01,Mumbai,West,Clothing,1776.77,0,0,0,6192.85,23.0,1636.1,30,53303.09
2023-04-19,S01,Mumbai,West,Electronics,13853.14,5,1,0,3931.43,26.1,14958.24,39,540272.52
2023-04-19,S01,Mumbai,West,Grocery,462.94,0,0,0,5687.65,20.2,444.23,40,18517.64
2023-04-19,S01,Mumbai,West,Home & Kitchen,2139.01,0,0,0,2408.38,23.3,2274.51,32,68448.34
2023-04-19,S02,Pune,West,Clothing,1864.5,0,0,0,4651.81,26.3,1854.64,21,39154.4
2023-04-19,S02,Pune,West,Electronics,14449.75,0,0,0,6170.23,23.8,17192.59,20,288995.05
2023-04-19,S02,Pune,West,Grocery,471.58,0,0,0,3536.72,23.0,413.48,27,12732.64
2023-04-19,S02,Pune,West,Home & Kitchen,2299.69,0,0,0,6068.52,25.6,1986.41,13,29895.92
2023-04-19,S03,Delhi,North,Clothing,1275.18,25,1,0,9779.67,22.3,1773.97,59,75235.45
2023-04-19,S03,Delhi,North,Electronics,15273.23,0,0,0,4342.59,20.5,15954.51,31,473470.25
2023-04-19,S03,Delhi,North,Grocery,457.16,0,0,0,3442.31,23.6,467.89,48,21943.87
2023-04-19,S03,Delhi,North,Home & Kitchen,2227.99,0,0,0,6192.33,,2296.57,21,46787.74
2023-04-19,S04,Bengaluru,South,Clothing,1832.61,0,0,0,7896.85,23.5,1864.29,28,51313.12
2023-04-19,S04,Bengaluru,South,Electronics,15317.31,0,0,0,4722.75,25.4,15465.25,27,413567.44
2023-04-19,S04,Bengaluru,South,Grocery,465.56,0,0,0,,22.3,473.72,24,11173.42
2023-04-19,S04,Bengaluru,South,Home & Kitchen,2208.55,0,0,0,6393.76,22.5,2188.08,32,70673.53
2023-04-20,S01,Mumbai,West,Clothing,1742.0,0,0,0,4432.49,20.9,1885.06,27,47033.91
2023-04-20,S01,Mumbai,West,Electronics,15218.56,0,0,0,2137.8,25.2,15003.99,23,350026.88
2023-04-20,S01,Mumbai,West,Grocery,456.97,0,0,0,8540.21,24.3,434.15,38,17364.74
2023-04-20,S01,Mumbai,West,Home & Kitchen,2187.27,0,0,0,6785.61,26.2,2249.45,24,52494.55
2023-04-20,S02,Pune,West,Clothing,1816.44,0,0,0,4163.04,20.9,1781.3,31,56309.78
2023-04-20,S02,Pune,West,Electronics,13693.33,10,1,0,,23.2,16037.67,38,520346.58
2023-04-20,S02,Pune,West,Grocery,431.21,0,0,0,6552.72,24.0,457.47,34,14661.01
2023-04-20,S02,Pune,West,Home & Kitchen,2251.0,0,0,0,5556.16,25.1,2332.43,16,36016.0
2023-04-20,S03,Delhi,North,Clothing,1536.12,15,1,0,6448.28,24.0,1891.96,47,72197.48
2023-04-20,S03,Delhi,North,Electronics,14791.09,0,0,0,4036.93,17.7,14888.23,17,251448.6
2023-04-20,S03,Delhi,North,Grocery,440.89,5,1,0,2987.56,23.9,434.34,42,18517.48
2023-04-20,S03,Delhi,North,Home & Kitchen,2186.97,0,0,0,3944.04,23.8,2110.52,21,45926.39
2023-04-20,S04,Bengaluru,South,Clothing,1360.42,25,1,0,7259.41,22.9,1942.73,65,88427.17
2023-04-20,S04,Bengaluru,South,Electronics,15034.88,0,0,0,3143.51,26.4,14809.95,29,436011.56
2023-04-20,S04,Bengaluru,South,Grocery,442.11,0,0,0,7788.91,24.1,462.45,34,15031.73
2023-04-20,S04,Bengaluru,South,Home & Kitchen,2097.61,0,0,0,2939.03,23.3,2202.36,19,39854.53
2023-04-21,S01,Mumbai,West,Clothing,1594.65,10,1,0,5595.48,22.6,1655.7,39,62191.46
2023-04-21,S01,Mumbai,West,Electronics,14423.17,0,0,0,4824.68,23.7,15855.16,23,331732.84
2023-04-21,S01,Mumbai,West,Grocery,441.73,0,0,0,4077.08,23.8,405.24,36,15902.45
2023-04-21,S01,Mumbai,West,Home & Kitchen,1673.09,25,1,0,4497.52,26.4,2281.44,47,78635.43
2023-04-21,S02,Pune,West,Clothing,1853.84,0,0,0,3630.43,24.2,1876.97,17,31515.29
2023-04-21,S02,Pune,West,Electronics,15307.08,0,0,0,6606.87,24.8,16276.42,26,397984.18
2023-04-21,S02,Pune,West,Grocery,458.84,0,0,0,4385.72,22.1,486.67,41,18812.34
2023-04-21,S02,Pune,West,Home & Kitchen,1990.94,10,1,0,3698.25,21.6,2096.62,24,47782.64
2023-04-21,S03,Delhi,North,Clothing,1496.14,15,1,0,5843.73,24.6,1851.62,42,62837.68
2023-04-21,S03,Delhi,North,Electronics,15061.54,0,0,0,5498.27,23.9,14706.12,30,451846.13
2023-04-21,S03,Delhi,North,Grocery,463.79,0,0,0,5036.61,27.3,446.84,42,19478.99
2023-04-21,S03,Delhi,North,Home & Kitchen,2162.41,0,0,0,6058.21,25.5,2082.65,31,67034.59
2023-04-21,S04,Bengaluru,South,Clothing,1792.87,0,0,0,2718.29,26.0,1725.1,19,34064.54
2023-04-21,S04,Bengaluru,South,Electronics,14998.91,0,0,0,6236.58,23.9,15006.79,16,239982.59
2023-04-21,S04,Bengaluru,South,Grocery,451.83,0,0,0,2687.71,24.5,484.94,33,14910.23
2023-04-21,S04,Bengaluru,South,Home & Kitchen,1607.22,25,1,0,3622.91,26.7,2142.06,44,70717.63
2023-04-22,S01,Mumbai,West,Clothing,1507.39,15,1,0,6292.33,26.7,1825.81,74,111546.94
2023-04-22,S01,Mumbai,West,Electronics,15013.5,0,0,0,3503.22,25.2,15905.57,36,540486.11
2023-04-22,S01,Mumbai,West,Grocery,427.74,0,0,0,8186.12,21.4,458.27,78,33363.45
2023-04-22,S01,Mumbai,West,Home & Kitchen,2200.74,0,0,0,5500.0,22.5,2251.32,37,81427.37
2023-04-22,S02,Pune,West,Clothing,1596.1,10,1,0,4308.27,23.9,1929.02,38,60651.88
2023-04-22,S02,Pune,West,Electronics,12948.51,15,1,0,5376.4,24.9,15601.83,41,530888.81
2023-04-22,S02,Pune,West,Grocery,437.98,0,0,0,4972.47,24.7,470.17,45,19709.1
2023-04-22,S02,Pune,West,Home & Kitchen,2106.67,0,0,0,6005.95,26.0,2055.0,32,67413.28
2023-04-22,S03,Delhi,North,Clothing,1728.6,0,0,0,5373.66,22.5,1928.93,45,77786.99
2023-04-22,S03,Delhi,North,Electronics,15025.62,0,0,0,5549.95,22.5,15018.25,24,360614.87
2023-04-22,S03,Delhi,North,Grocery,405.57,15,1,0,6233.53,22.5,474.62,69,27984.21
2023-04-22,S03,Delhi,North,Home & Kitchen,2289.71,0,0,0,2646.84,23.9,2057.4,20,45794.21
2023-04-22,S04,Bengaluru,South,Clothing,1699.89,0,0,0,6236.25,24.5,1925.0,48,81594.5
2023-04-22,S04,Bengaluru,South,Electronics,15685.85,0,0,0,6970.27,,14701.36,18,282345.28
2023-04-22,S04,Bengaluru,South,Grocery,409.97,10,1,0,4231.91,25.4,455.81,62,25418.0
2023-04-22,S04,Bengaluru,South,Home & Kitchen,2143.7,0,0,0,3429.81,24.7,2062.67,20,42873.91
2023-04-23,S01,Mumbai,West,Clothing,1763.13,0,0,0,4811.06,25.7,1724.07,45,79340.7
2023-04-23,S01,Mumbai,West,Electronics,14872.58,0,0,0,4872.72,21.7,14753.09,31,461049.87
2023-04-23,S01,Mumbai,West,Grocery,415.61,5,1,0,7382.94,23.3,451.78,73,30339.76
2023-04-23,S01,Mumbai,West,Home & Kitchen,2244.5,0,0,0,5868.43,24.9,2205.52,36,80801.89
2023-04-23,S02,Pune,West,Clothing,1740.17,0,0,0,6529.75,24.1,1643.82,35,60905.96
2023-04-23,S02,Pune,West,Electronics,12800.33,15,1,0,3956.74,21.7,15286.42,47,601615.59
2023-04-23,S02,Pune,West,Grocery,441.43,0,0,0,3875.26,22.4,436.34,34,15008.78
2023-04-23,S02,Pune,West,Home & Kitchen,2243.91,0,0,0,7811.48,22.6,2349.45,28,62829.54
2023-04-23,S03,Delhi,North,Clothing,1812.04,0,0,0,4802.55,19.6,1832.48,45,81541.6
2023-04-23,S03,Delhi,North,Electronics,15436.33,0,0,0,4099.23,26.7,14475.38,35,540271.41
2023-04-23,S03,Delhi,North,Grocery,430.41,0,0,0,5661.66,22.7,457.4,48,20659.47
2023-04-23,S03,Delhi,North,Home & Kitchen,2307.59,0,0,0,5812.16,26.8,2164.36,24,55382.26
2023-04-23,S04,Bengaluru,South,Clothing,1727.63,0,0,0,4754.58,23.5,1803.3,41,70832.72
2023-04-23,S04,Bengaluru,South,Electronics,15047.09,0,0,0,4441.81,27.7,14461.58,27,406271.48
2023-04-23,S04,Bengaluru,South,Grocery,335.28,25,1,0,7591.65,25.1,462.01,89,29839.84
2023-04-23,S04,Bengaluru,South,Home & Kitchen,2254.12,0,0,0,4356.74,24.8,2108.53,29,65369.52
2023-04-24,S01,Mumbai,West,Clothing,1760.17,0,0,0,3454.23,23.5,1671.6,36,63365.95
2023-04-24,S01,Mumbai,West,Electronics,15136.4,0,0,0,2599.69,24.1,14839.54,17,257318.73
2023-04-24,S01,Mumbai,West,Grocery,440.94,0,0,0,7010.58,23.4,438.36,23,10141.58
2023-04-24,S01,Mumbai,West,Home & Kitchen,2206.25,0,0,0,5242.73,24.0,2196.77,29,63981.25
2023-04-24,S02,Pune,West,Clothing,1680.48,0,0,0,4641.27,24.3,1758.5,27,45373.08
2023-04-24,S02,Pune,West,Electronics,14854.18,0,0,0,3778.11,26.2,14698.06,24,356500.36
2023-04-24,S02,Pune,West,Grocery,439.1,5,1,0,4765.07,22.1,,42,18442.4
2023-04-24,S02,Pune,West,Home & Kitchen,2292.18,0,0,0,5485.43,24.8,2316.55,25,57304.58
2023-04-24,S03,Delhi,North,Clothing,1732.56,0,0,0,3066.86,24.1,1598.32,25,43313.95
2023-04-24,S03,Delhi,North,Electronics,15158.88,0,0,0,8041.65,23.3,14892.75,28,424448.67
2023-04-24,S03,Delhi,North,Grocery,445.21,0,0,0,9090.13,26.2,423.31,42,18699.0
2023-04-24,S03,Delhi,North,Home & Kitchen,2225.71,0,0,0,6013.69,19.9,2148.09,29,64545.69
2023-04-24,S04,Bengaluru,South,Clothing,1836.54,0,0,0,4121.32,26.2,1748.67,21,38567.37
2023-04-24,S04,Bengaluru,South,Electronics,14390.13,0,0,0,5526.01,23.7,15507.49,21,302192.82
2023-04-24,S04,Bengaluru,South,Grocery,437.68,0,0,0,7547.99,24.5,440.56,44,19257.75
2023-04-24,S04,Bengaluru,South,Home & Kitchen,2174.8,0,0,0,4830.95,23.5,2225.02,31,67418.88
2023-04-25,S01,Mumbai,West,Clothing,1785.37,0,0,0,4945.48,26.7,1821.45,39,69629.26
2023-04-25,S01,Mumbai,West,Electronics,12797.7,15,1,0,4628.45,24.3,15498.22,30,383930.9
2023-04-25,S01,Mumbai,West,Grocery,439.89,0,0,0,4519.94,27.9,426.66,39,17155.87
2023-04-25,S01,Mumbai,West,Home & Kitchen,2179.42,0,0,0,5444.86,22.0,2087.62,32,69741.35
2023-04-25,S02,Pune,West,Clothing,1804.49,0,0,0,5952.15,23.9,1691.15,25,45112.13
2023-04-25,S02,Pune,West,Electronics,15094.94,0,0,0,5431.42,20.3,14550.51,18,271708.99
2023-04-25,S02,Pune,West,Grocery,446.92,0,0,0,4345.94,30.4,457.85,29,12960.55
2023-04-25,S02,Pune,West,Home & Kitchen,2160.87,0,0,0,4615.72,25.2,2153.74,17,36734.8
2023-04-25,S03,Delhi,North,Clothing,1813.22,0,0,0,5448.02,21.9,1856.62,29,52583.37
2023-04-25,S03,Delhi,North,Electronics,11689.46,20,1,0,5950.72,,15709.82,39,455889.13
2023-04-25,S03,Delhi,North,Grocery,446.11,0,0,0,3145.62,23.5,486.54,50,22305.68
2023-04-25,S03,Delhi,North,Home & Kitchen,2209.48,0,0,0,,23.8,2131.93,26,57446.56
2023-04-25,S04,Bengaluru,South,Clothing,1864.86,0,0,0,2806.58,21.0,1787.72,20,37297.11
2023-04-25,S04,Bengaluru,South,Electronics,15460.77,0,0,0,1931.66,22.9,16278.7,21,324676.07
2023-04-25,S04,Bengaluru,South,Grocery,362.72,20,1,0,5963.75,22.6,402.03,59,21400.27
2023-04-25,S04,Bengaluru,South,Home & Kitchen,2085.99,5,1,0,7759.32,23.4,2172.68,34,70923.64
2023-04-26,S01,Mumbai,West,Clothing,1784.71,0,0,0,6491.11,25.5,1769.96,35,62464.93
2023-04-26,S01,Mumbai,West,Electronics,14885.18,0,0,0,5222.94,23.1,14561.11,25,372129.4
2023-04-26,S01,Mumbai,West,Grocery,463.24,0,0,0,6266.71,24.4,450.29,39,18066.51
2023-04-26,S01,Mumbai,West,Home & Kitchen,2122.6,0,0,0,,23.4,2292.28,25,53065.03
2023-04-26,S02,Pune,West,Clothing,1788.76,0,0,0,6153.63,26.8,1994.24,39,69761.63
2023-04-26,S02,Pune,West,Electronics,15170.68,0,0,0,2531.2,23.6,14399.92,19,288243.01
2023-04-26,S02,Pune,West,Grocery,436.56,10,1,0,2578.62,27.9,455.25,40,17462.34
2023-04-26,S02,Pune,West,Home & Kitchen,2079.48,0,0,0,2496.12,23.5,2062.23,20,41589.65
2023-04-26,S03,Delhi,North,Clothing,1878.62,0,0,0,2822.6,23.3,1809.38,31,58237.3
2023-04-26,S03,Delhi,North,Electronics,13194.54,15,1,0,,23.6,13527.74,26,343058.14
2023-04-26,S03,Delhi,North,Grocery,465.75,0,0,0,4446.17,24.2,443.45,27,12575.27
2023-04-26,S03,Delhi,North,Home & Kitchen,2166.78,0,0,0,6675.12,23.5,2209.21,22,47669.09
2023-04-26,S04,Bengaluru,South,Clothing,1538.23,15,1,0,5444.55,22.1,1809.61,52,79988.21
2023-04-26,S04,Bengaluru,South,Electronics,15094.28,0,0,0,4972.49,22.7,14100.12,23,347168.42
2023-04-26,S04,Bengaluru,South,Grocery,481.12,0,0,0,4582.01,28.0,437.66,34,16358.04
2023-04-26,S04,Bengaluru,South,Home & Kitchen,2189.53,0,0,0,6488.88,24.2,2211.04,32,70064.85
2023-04-27,S01,Mumbai,West,Clothing,1901.2,0,0,0,3423.24,23.5,1875.44,33,62739.7
2023-04-27,S01,Mumbai,West,Electronics,14308.68,0,0,0,5549.31,24.9,15441.48,29,414951.65
2023-04-27,S01,Mumbai,West,Grocery,463.1,0,0,0,7140.46,26.1,460.81,44,20376.53
2023-04-27,S01,Mumbai,West,Home & Kitchen,2216.31,0,0,0,5207.15,21.5,2196.56,29,64273.08
2023-04-27,S02,Pune,West,Clothing,1828.04,0,0,0,5474.85,26.5,1760.37,32,58497.33
2023-04-27,S02,Pune,West,Electronics,15197.68,0,0,0,7090.32,26.3,15463.18,29,440732.83
2023-04-27,S02,Pune,West,Grocery,456.99,0,0,0,5519.97,24.3,420.67,34,15537.77
2023-04-27,S02,Pune,West,Home & Kitchen,2129.43,0,0,0,8076.83,25.8,2099.93,21,44717.97
2023-04-27,S03,Delhi,North,Clothing,1453.06,20,1,0,6185.57,22.4,1800.15,39,56669.21
2023-04-27,S03,Delhi,North,Electronics,14787.02,0,0,0,7015.24,20.9,16122.98,26,384462.62
2023-04-27,S03,Delhi,North,Grocery,455.03,0,0,0,5438.65,24.9,448.58,34,15471.09
2023-04-27,S03,Delhi,North,Home & Kitchen,2198.79,0,0,0,7337.73,23.8,2071.76,21,46174.49
2023-04-27,S04,Bengaluru,South,Clothing,1740.45,0,0,0,5275.52,26.5,1771.37,24,41770.83
2023-04-27,S04,Bengaluru,South,Electronics,14877.37,0,0,0,7885.16,24.6,13594.49,17,252915.32
2023-04-27,S04,Bengaluru,South,Grocery,443.71,0,0,0,5051.48,27.1,433.22,48,21298.01
2023-04-27,S04,Bengaluru,South,Home & Kitchen,2183.39,0,0,0,2393.25,25.6,2101.47,20,43667.75
2023-04-28,S01,Mumbai,West,Clothing,1778.71,0,0,0,4438.28,23.7,1685.92,26,46246.56
2023-04-28,S01,Mumbai,West,Electronics,14335.26,0,0,0,5626.21,22.4,14934.07,30,430057.69
2023-04-28,S01,Mumbai,West,Grocery,479.86,0,0,0,3368.96,23.8,452.2,35,16795.11
2023-04-28,S01,Mumbai,West,Home & Kitchen,2206.6,0,0,0,3859.76,26.3,2359.45,30,66197.95
2023-04-28,S02,Pune,West,Clothing,1800.71,0,0,0,6203.07,28.3,1681.64,15,27010.59
2023-04-28,S02,Pune,West,Electronics,16173.21,0,0,0,4504.05,25.2,16170.3,19,307291.04
2023-04-28,S02,Pune,West,Grocery,440.61,0,0,0,5172.34,25.7,479.59,43,18946.1
2023-04-28,S02,Pune,West,Home & Kitchen,2316.1,0,0,0,4224.56,23.7,2151.88,22,50954.12
2023-04-28,S03,Delhi,North,Clothing,1787.43,0,0,0,2610.21,21.8,1909.64,26,46473.13
2023-04-28,S03,Delhi,North,Electronics,14633.76,0,0,0,3687.61,24.1,15294.29,17,248773.99
2023-04-28,S03,Delhi,North,Grocery,465.8,0,0,0,4343.64,22.7,433.96,37,17234.71
2023-04-28,S03,Delhi,North,Home & Kitchen,1590.36,25,1,0,4965.3,20.8,2281.65,43,68385.34
2023-04-28,S04,Bengaluru,South,Clothing,1810.82,0,0,0,6103.56,25.3,1909.5,32,57946.34
2023-04-28,S04,Bengaluru,South,Electronics,14569.82,0,0,0,6199.99,21.8,14823.78,25,364245.44
2023-04-28,S04,Bengaluru,South,Grocery,442.77,0,0,0,5110.2,25.0,419.36,37,16382.51
2023-04-28,S04,Bengaluru,South,Home & Kitchen,1987.84,15,1,0,2769.33,24.7,2245.76,27,53671.62
2023-04-29,S01,Mumbai,West,Clothing,1818.58,0,0,0,2927.55,24.7,1731.84,35,63650.44
2023-04-29,S01,Mumbai,West,Electronics,14737.25,0,0,0,3019.27,25.0,14272.95,37,545278.28
2023-04-29,S01,Mumbai,West,Grocery,439.69,0,0,0,4755.01,20.3,486.86,42,18466.97
2023-04-29,S01,Mumbai,West,Home & Kitchen,2134.47,0,0,0,3725.99,27.1,2300.66,40,85378.92
2023-04-29,S02,Pune,West,Clothing,1460.47,20,1,0,6025.76,24.0,2001.63,56,81786.42
2023-04-29,S02,Pune,West,Electronics,14585.64,0,0,0,5750.26,23.3,14732.39,32,466740.43
2023-04-29,S02,Pune,West,Grocery,411.32,10,1,0,3304.13,26.0,423.49,50,20565.78
2023-04-29,S02,Pune,West,Home & Kitchen,2205.29,0,0,0,2888.02,24.7,2333.78,29,63953.5
2023-04-29,S03,Delhi,North,Clothing,1522.62,15,1,0,2122.24,23.5,1775.31,55,83744.3
2023-04-29,S03,Delhi,North,Electronics,14567.09,0,0,0,4218.69,21.3,14917.34,38,553549.39
2023-04-29,S03,Delhi,North,Grocery,453.82,0,0,0,1901.54,19.9,424.9,36,16337.61
2023-04-29,S03,Delhi,North,Home & Kitchen,1925.47,15,1,0,8608.92,23.4,2079.33,47,90497.0
2023-04-29,S04,Bengaluru,South,Clothing,1820.37,0,0,0,3326.32,20.8,1782.3,39,70994.24
2023-04-29,S04,Bengaluru,South,Electronics,15567.54,0,0,0,5231.06,24.4,14461.68,21,326918.34
2023-04-29,S04,Bengaluru,South,Grocery,460.01,0,0,0,8147.98,26.6,453.7,55,25300.6
2023-04-29,S04,Bengaluru,South,Home & Kitchen,2207.64,0,0,0,6607.72,25.2,2285.68,34,75059.59
2023-04-30,S01,Mumbai,West,Clothing,1768.85,0,0,0,6412.07,22.3,1585.11,39,68985.08
2023-04-30,S01,Mumbai,West,Electronics,14996.27,0,0,0,6282.03,25.1,14282.37,32,479880.77
2023-04-30,S01,Mumbai,West,Grocery,471.57,0,0,0,1788.12,25.3,465.86,51,24049.84
2023-04-30,S01,Mumbai,West,Home & Kitchen,2238.42,0,0,0,4842.53,23.2,2131.15,46,102967.12
2023-04-30,S02,Pune,West,Clothing,1843.8,0,0,0,7045.72,23.2,1734.65,43,79283.34
2023-04-30,S02,Pune,West,Electronics,15629.11,5,1,0,2793.43,27.9,14458.24,21,328211.35
2023-04-30,S02,Pune,West,Grocery,335.1,25,1,0,7187.92,,441.75,82,27478.06
2023-04-30,S02,Pune,West,Home & Kitchen,2296.34,0,0,0,5166.27,23.5,2342.45,26,59704.96
2023-04-30,S03,Delhi,North,Clothing,1664.42,10,1,0,7103.41,22.7,1852.17,47,78227.73
2023-04-30,S03,Delhi,North,Electronics,13945.42,0,0,0,5428.26,21.2,15701.71,33,460198.95
2023-04-30,S03,Delhi,North,Grocery,449.75,0,0,0,5766.99,26.2,455.18,45,20238.78
2023-04-30,S03,Delhi,North,Home & Kitchen,2191.31,0,0,0,2447.44,23.3,2071.0,31,67930.64
2023-04-30,S04,Bengaluru,South,Clothing,1697.06,0,0,0,4354.43,24.4,1835.57,44,74670.45
2023-04-30,S04,Bengaluru,South,Electronics,15760.63,0,0,0,4933.62,24.3,15887.76,27,425537.02
2023-04-30,S04,Bengaluru,South,Grocery,482.18,0,0,0,5654.19,24.0,470.52,42,20251.36
2023-04-30,S04,Bengaluru,South,Home & Kitchen,2178.54,5,1,0,5681.24,20.4,2055.99,40,87141.43
2023-05-01,S01,Mumbai,West,Clothing,1768.16,0,0,0,4861.46,28.0,1603.41,34,60117.5
2023-05-01,S01,Mumbai,West,Electronics,14726.29,0,0,0,3799.68,22.2,16085.29,23,338704.63
2023-05-01,S01,Mumbai,West,Grocery,377.19,20,1,0,5679.0,26.7,447.59,74,27911.74
2023-05-01,S01,Mumbai,West,Home & Kitchen,2283.68,0,0,0,4810.75,26.7,2337.14,25,57092.07
2023-05-01,S02,Pune,West,Clothing,1549.04,10,1,0,7482.15,26.1,1654.03,39,60412.37
2023-05-01,S02,Pune,West,Electronics,14434.43,0,0,0,3611.03,27.1,13887.37,23,331991.9
2023-05-01,S02,Pune,West,Grocery,461.23,0,0,0,7185.6,28.6,471.58,47,21677.94
2023-05-01,S02,Pune,West,Home & Kitchen,2201.26,0,0,0,6512.37,24.3,2218.26,25,55031.42
2023-05-01,S03,Delhi,North,Clothing,1783.5,0,0,0,3344.53,26.3,1703.09,29,51721.44
2023-05-01,S03,Delhi,North,Electronics,14726.19,0,0,0,2786.52,25.8,15272.86,24,353428.45
2023-05-01,S03,Delhi,North,Grocery,459.19,0,0,0,4052.97,28.2,417.57,42,19285.97
2023-05-01,S03,Delhi,North,Home & Kitchen,1939.16,10,1,0,5754.72,28.5,2129.19,44,85322.99
2023-05-01,S04,Bengaluru,South,Clothing,1881.03,0,0,0,4235.82,25.5,1997.72,24,45144.7
2023-05-01,S04,Bengaluru,South,Electronics,14697.42,0,0,0,4551.56,29.2,15379.55,24,352738.06
2023-05-01,S04,Bengaluru,South,Grocery,438.52,0,0,0,4444.0,25.6,439.34,47,20610.56
2023-05-01,S04,Bengaluru,South,Home & Kitchen,2046.39,5,1,0,4148.66,26.0,2149.5,27,55252.43
2023-05-02,S01,Mumbai,West,Clothing,1366.37,20,1,0,4469.64,28.6,1961.84,59,80615.9
2023-05-02,S01,Mumbai,West,Electronics,15281.35,0,0,0,5949.29,30.4,14882.68,24,366752.29
2023-05-02,S01,Mumbai,West,Grocery,446.86,0,0,0,3775.99,27.3,466.61,45,20108.9
2023-05-02,S01,Mumbai,West,Home & Kitchen,2156.43,0,0,0,5643.98,30.1,1918.32,23,49597.98
2023-05-02,S02,Pune,West,Clothing,1385.19,25,1,0,7721.6,27.0,1695.74,48,66489.14
2023-05-02,S02,Pune,West,Electronics,15173.55,0,0,0,2141.48,24.0,15183.52,13,197256.16
2023-05-02,S02,Pune,West,Grocery,446.0,0,0,0,4003.22,27.5,441.6,26,11596.04
2023-05-02,S02,Pune,West,Home & Kitchen,2167.23,0,0,0,6853.87,27.8,2271.51,21,45511.82
2023-05-02,S03,Delhi,North,Clothing,1774.87,0,0,0,5651.32,29.9,1663.36,29,51471.25
2023-05-02,S03,Delhi,North,Electronics,15178.5,0,0,0,4643.82,25.6,14640.07,28,424997.89
2023-05-02,S03,Delhi,North,Grocery,453.53,0,0,0,3404.05,25.4,448.13,51,23129.89
2023-05-02,S03,Delhi,North,Home & Kitchen,2178.12,0,0,0,1078.81,30.2,2184.81,22,47918.61
2023-05-02,S04,Bengaluru,South,Clothing,1569.52,15,1,0,4949.76,27.1,1791.57,41,64350.42
2023-05-02,S04,Bengaluru,South,Electronics,14377.22,5,1,0,6755.57,24.5,16421.71,33,474448.18
2023-05-02,S04,Bengaluru,South,Grocery,325.53,25,1,0,6715.37,29.9,458.71,77,25065.99
2023-05-02,S04,Bengaluru,South,Home & Kitchen,2127.14,0,0,0,5874.01,26.8,2017.59,30,63814.18
2023-05-03,S01,Mumbai,West,Clothing,1715.15,0,0,0,5138.4,24.6,1987.52,44,75466.43
2023-05-03,S01,Mumbai,West,Electronics,11899.48,20,1,0,5980.85,21.9,16230.27,48,571175.06
2023-05-03,S01,Mumbai,West,Grocery,456.39,0,0,0,4673.35,25.9,451.09,39,17799.33
2023-05-03,S01,Mumbai,West,Home & Kitchen,2151.98,0,0,0,6652.48,30.4,2412.32,28,60255.34
2023-05-03,S02,Pune,West,Clothing,1778.04,0,0,0,3592.22,29.4,1812.89,33,58675.47
2023-05-03,S02,Pune,West,Electronics,14462.32,0,0,0,6531.78,,15921.95,27,390482.66
2023-05-03,S02,Pune,West,Grocery,455.49,0,0,0,3822.84,30.5,451.78,28,12753.72
2023-05-03,S02,Pune,West,Home & Kitchen,2223.84,5,1,0,4790.0,26.3,2176.97,27,60043.66
2023-05-03,S03,Delhi,North,Clothing,1749.71,0,0,0,5253.99,26.0,1746.11,44,76987.2
2023-05-03,S03,Delhi,North,Electronics,14387.16,0,0,0,8076.32,27.6,14420.36,19,273356.03
2023-05-03,S03,Delhi,North,Grocery,455.26,0,0,0,3659.82,29.6,,37,16844.68
2023-05-03,S03,Delhi,North,Home & Kitchen,2246.62,0,0,0,6394.47,28.2,2294.66,30,67398.48
2023-05-03,S04,Bengaluru,South,Clothing,1742.6,0,0,0,2695.88,28.9,1763.22,29,50535.31
2023-05-03,S04,Bengaluru,South,Electronics,15197.55,0,0,0,6542.66,24.0,15808.36,30,455926.51
2023-05-03,S04,Bengaluru,South,Grocery,460.75,0,0,0,6404.07,25.5,436.95,39,17969.24
2023-05-03,S04,Bengaluru,South,Home & Kitchen,2259.35,0,0,0,6687.77,28.9,2290.27,26,58743.11
2023-05-04,S01,Mumbai,West,Clothing,1734.82,0,0,0,3194.6,27.6,1808.35,39,67658.06
2023-05-04,S01,Mumbai,West,Electronics,14565.74,0,0,0,2935.42,26.8,14614.77,20,291314.89
2023-05-04,S01,Mumbai,West,Grocery,466.75,0,0,0,9385.47,28.1,451.02,45,21003.75
2023-05-04,S01,Mumbai,West,Home & Kitchen,2149.57,0,0,0,5515.86,25.8,2052.77,22,47290.46
2023-05-04,S02,Pune,West,Clothing,1827.95,0,0,0,5394.87,29.7,1804.12,36,65806.17
2023-05-04,S02,Pune,West,Electronics,15137.81,0,0,0,4759.69,24.4,15959.5,20,302756.19
2023-05-04,S02,Pune,West,Grocery,452.68,0,0,0,6670.12,30.5,452.69,34,15391.08
2023-05-04,S02,Pune,West,Home & Kitchen,2175.47,0,0,0,4852.21,30.8,2103.99,21,45684.94
2023-05-04,S03,Delhi,North,Clothing,1751.72,0,0,0,5220.31,27.5,1771.77,29,50799.88
2023-05-04,S03,Delhi,North,Electronics,15768.87,0,0,0,7743.48,27.2,16124.66,25,394221.76
2023-05-04,S03,Delhi,North,Grocery,458.8,0,0,0,7326.75,32.0,466.9,50,22940.03
2023-05-04,S03,Delhi,North,Home & Kitchen,2183.07,0,0,0,2704.48,28.8,2191.79,38,82956.72
2023-05-04,S04,Bengaluru,South,Clothing,1795.39,0,0,0,3385.44,27.9,1772.8,30,53861.66
2023-05-04,S04,Bengaluru,South,Electronics,13504.64,5,1,0,5097.06,27.1,15078.6,42,567194.74
2023-05-04,S04,Bengaluru,South,Grocery,461.06,0,0,0,3579.13,32.2,446.42,39,17981.34
2023-05-04,S04,Bengaluru,South,Home & Kitchen,2210.8,0,0,0,5624.32,28.7,2444.53,26,57480.77
2023-05-05,S01,Mumbai,West,Clothing,1809.92,0,0,0,3449.76,27.4,1725.86,36,65157.11
2023-05-05,S01,Mumbai,West,Electronics,11156.14,25,1,0,5430.84,30.1,15218.4,45,502026.41
2023-05-05,S01,Mumbai,West,Grocery,449.2,0,0,0,7576.71,30.1,479.17,38,17069.77
2023-05-05,S01,Mumbai,West,Home & Kitchen,2089.21,0,0,0,3783.67,27.7,2254.46,25,52230.21
2023-05-05,S02,Pune,West,Clothing,1855.2,0,0,0,2247.47,29.4,1724.76,34,63076.81
2023-05-05,S02,Pune,West,Electronics,15441.96,0,0,0,5856.96,26.3,16033.83,24,370606.93
2023-05-05,S02,Pune,West,Grocery,405.95,10,1,0,6725.85,31.1,451.48,45,18267.88
2023-05-05,S02,Pune,West,Home & Kitchen,1856.03,15,1,0,6000.74,25.3,2034.93,32,59392.87
2023-05-05,S03,Delhi,North,Clothing,1848.24,0,0,0,,27.9,1849.32,35,64688.23
2023-05-05,S03,Delhi,North,Electronics,13991.7,0,0,0,6345.82,28.6,13890.73,29,405759.18
2023-05-05,S03,Delhi,North,Grocery,455.86,0,0,0,6948.54,30.4,454.57,43,19601.79
2023-05-05,S03,Delhi,North,Home & Kitchen,1933.23,10,1,0,2487.81,30.5,2023.49,24,46397.54
2023-05-05,S04,Bengaluru,South,Clothing,1781.97,0,0,0,4526.96,27.9,1907.3,34,60587.13
2023-05-05,S04,Bengaluru,South,Electronics,14980.34,0,0,0,6126.68,27.7,15110.68,21,314587.06
2023-05-05,S04,Bengaluru,South,Grocery,436.82,0,0,0,5382.37,25.8,436.35,39,17036.04
2023-05-05,S04,Bengaluru,South,Home & Kitchen,2241.95,0,0,0,3839.94,29.3,2299.2,30,67258.46
2023-05-06,S01,Mumbai,West,Clothing,1858.11,0,0,0,2809.8,30.1,1773.14,44,81756.99
2023-05-06,S01,Mumbai,West,Electronics,15101.64,0,0,0,5548.05,27.4,16794.51,34,513455.66
2023-05-06,S01,Mumbai,West,Grocery,403.34,10,1,0,3408.99,29.9,429.79,62,25007.26
2023-05-06,S01,Mumbai,West,Home & Kitchen,2332.3,0,0,0,1728.27,27.9,2247.02,36,83962.65
2023-05-06,S02,Pune,West,Clothing,1855.57,0,0,0,7101.53,26.7,1756.35,41,76078.41
2023-05-06,S02,Pune,West,Electronics,15014.66,0,0,0,5095.12,29.2,15311.55,19,285278.58
2023-05-06,S02,Pune,West,Grocery,464.06,0,0,0,4796.11,28.5,452.59,48,22275.09
2023-05-06,S02,Pune,West,Home & Kitchen,2230.4,0,0,0,6464.84,30.5,2235.52,35,78064.0
2023-05-06,S03,Delhi,North,Clothing,1773.76,0,0,0,4803.48,24.6,1701.23,49,86914.11
2023-05-06,S03,Delhi,North,Electronics,14647.56,0,0,0,6774.13,24.9,14852.32,34,498017.13
2023-05-06,S03,Delhi,North,Grocery,463.27,0,0,0,3363.27,32.2,425.29,41,18993.95
2023-05-06,S03,Delhi,North,Home & Kitchen,2062.1,0,0,0,5393.5,30.4,2253.63,40,82484.04
2023-05-06,S04,Bengaluru,South,Clothing,1682.58,10,1,0,7106.2,26.4,1798.26,52,87494.23
2023-05-06,S04,Bengaluru,South,Electronics,14216.46,0,0,0,3787.18,25.8,15293.47,36,511792.44
2023-05-06,S04,Bengaluru,South,Grocery,445.99,0,0,0,5034.99,30.9,,59,26313.21
2023-05-06,S04,Bengaluru,South,Home & Kitchen,2319.53,0,0,0,1765.17,27.3,2183.66,36,83503.15
2023-05-07,S01,Mumbai,West,Clothing,1703.52,0,0,0,3399.83,24.3,1878.62,34,57919.68
2023-05-07,S01,Mumbai,West,Electronics,15146.2,0,0,0,5919.45,25.1,14206.96,26,393801.15
2023-05-07,S01,Mumbai,West,Grocery,441.53,0,0,0,5833.61,31.2,450.52,55,24284.2
2023-05-07,S01,Mumbai,West,Home & Kitchen,2170.37,0,0,0,3846.59,26.5,2323.61,27,58600.09
2023-05-07,S02,Pune,West,Clothing,1806.97,0,0,0,4065.01,26.7,1804.78,37,66858.05
2023-05-07,S02,Pune,West,Electronics,15437.89,0,0,0,5702.71,27.1,15067.64,34,524888.13
2023-05-07,S02,Pune,West,Grocery,425.66,0,0,0,6221.84,32.3,454.81,52,22134.12
2023-05-07,S02,Pune,West,Home & Kitchen,2180.85,0,0,0,5889.25,27.6,2299.04,32,69787.31
2023-05-07,S03,Delhi,North,Clothing,1829.98,0,0,0,4015.53,25.8,1935.63,56,102479.0
2023-05-07,S03,Delhi,North,Electronics,14330.61,0,0,0,5740.07,27.5,13942.19,30,429918.2
2023-05-07,S03,Delhi,North,Grocery,405.63,10,1,0,2882.78,25.5,448.63,58,23526.51
2023-05-07,S03,Delhi,North,Home & Kitchen,2194.86,0,0,0,6554.42,23.2,2251.51,41,89989.11
2023-05-07,S04,Bengaluru,South,Clothing,1769.26,0,0,0,4632.41,30.3,1830.19,35,61923.95
2023-05-07,S04,Bengaluru,South,Electronics,12743.01,15,1,0,5213.15,25.3,14317.4,38,484234.54
2023-05-07,S04,Bengaluru,South,Grocery,412.65,5,1,0,3928.28,31.8,463.05,54,22282.86
2023-05-07,S04,Bengaluru,South,Home & Kitchen,1880.86,15,1,0,6934.7,28.2,2217.22,50,94042.92
2023-05-08,S01,Mumbai,West,Clothing,1770.35,0,0,0,7036.01,27.2,1753.7,35,61962.24
2023-05-08,S01,Mumbai,West,Electronics,15053.01,5,1,0,5746.22,25.8,13576.64,21,316113.15
2023-05-08,S01,Mumbai,West,Grocery,418.14,0,0,0,6198.4,31.5,476.77,46,19234.42
2023-05-08,S01,Mumbai,West,Home & Kitchen,2143.34,0,0,0,2983.26,28.8,2163.84,23,49296.87
2023-05-08,S02,Pune,West,Clothing,1809.64,0,0,0,4272.95,31.9,1919.15,23,41621.67
2023-05-08,S02,Pune,West,Electronics,14809.34,0,0,0,4493.84,29.2,15961.69,26,385042.92
2023-05-08,S02,Pune,West,Grocery,451.32,0,0,0,5411.17,27.8,451.68,38,17150.02
2023-05-08,S02,Pune,West,Home & Kitchen,2251.36,0,0,0,5405.94,28.8,2143.83,24,54032.62
2023-05-08,S03,Delhi,North,Clothing,1834.34,0,0,0,6417.23,27.9,1713.1,28,51361.64
2023-05-08,S03,Delhi,North,Electronics,11559.85,25,1,0,5223.27,27.0,15365.84,41,473953.84
2023-05-08,S03,Delhi,North,Grocery,452.29,0,0,0,6347.55,28.5,432.09,50,22614.48
2023-05-08,S03,Delhi,North,Home & Kitchen,2224.79,0,0,0,4393.27,29.6,2136.16,23,51170.12
2023-05-08,S04,Bengaluru,South,Clothing,1735.25,0,0,0,3185.23,29.0,1743.4,34,58998.66
2023-05-08,S04,Bengaluru,South,Electronics,16018.36,0,0,0,3332.71,28.9,15326.41,16,256293.7
2023-05-08,S04,Bengaluru,South,Grocery,445.05,0,0,0,4363.35,25.4,488.48,32,14241.53
2023-05-08,S04,Bengaluru,South,Home & Kitchen,2226.25,0,0,0,4812.0,31.5,2262.65,24,53429.95
2023-05-09,S01,Mumbai,West,Clothing,1380.95,20,1,0,4680.39,27.0,1821.39,61,84237.97
2023-05-09,S01,Mumbai,West,Electronics,11759.19,20,1,0,8757.2,30.1,15964.94,54,634996.4
2023-05-09,S01,Mumbai,West,Grocery,450.95,0,0,0,4493.15,23.9,456.95,48,21645.67
2023-05-09,S01,Mumbai,West,Home & Kitchen,1913.07,10,1,0,4685.33,26.6,1963.99,32,61218.23
2023-05-09,S02,Pune,West,Clothing,1848.16,0,0,0,2948.96,26.3,1830.0,28,51748.57
2023-05-09,S02,Pune,West,Electronics,14077.56,0,0,0,4694.68,25.7,14167.45,18,253396.1
2023-05-09,S02,Pune,West,Grocery,440.53,0,0,0,7142.75,32.1,429.85,33,14537.63
2023-05-09,S02,Pune,West,Home & Kitchen,2229.43,0,0,0,6372.24,25.2,2330.63,26,57965.22
2023-05-09,S03,Delhi,North,Clothing,1748.37,0,0,0,4275.48,27.8,1792.07,37,64689.87
2023-05-09,S03,Delhi,North,Electronics,15293.62,0,0,0,7465.37,28.4,14927.22,22,336459.71
2023-05-09,S03,Delhi,North,Grocery,436.49,0,0,0,8087.31,28.7,482.45,57,24879.8
2023-05-09,S03,Delhi,North,Home & Kitchen,2167.63,0,0,0,5204.46,29.6,2218.79,31,67196.65
2023-05-09,S04,Bengaluru,South,Clothing,1793.52,0,0,0,4587.77,26.4,1779.52,32,57392.76
2023-05-09,S04,Bengaluru,South,Electronics,14347.88,0,0,0,5240.42,27.4,16027.95,15,215218.25
2023-05-09,S04,Bengaluru,South,Grocery,446.11,0,0,0,4275.73,25.2,437.06,39,17398.11
2023-05-09,S04,Bengaluru,South,Home & Kitchen,2178.15,0,0,0,3740.85,28.1,2060.84,24,52275.63
2023-05-10,S01,Mumbai,West,Clothing,1785.73,0,0,0,5699.34,29.9,1798.85,32,57143.33
2023-05-10,S01,Mumbai,West,Electronics,14966.93,0,0,0,6511.27,24.2,14379.89,27,404107.23
2023-05-10,S01,Mumbai,West,Grocery,440.42,0,0,0,5267.46,25.6,441.7,55,24222.92
2023-05-10,S01,Mumbai,West,Home & Kitchen,2174.39,0,0,0,5363.42,26.9,2164.0,35,76103.8
2023-05-10,S02,Pune,West,Clothing,1718.94,0,0,0,4945.59,30.8,1749.32,21,36097.67
2023-05-10,S02,Pune,West,Electronics,15282.02,0,0,0,4862.4,29.7,14669.37,11,168102.21
2023-05-10,S02,Pune,West,Grocery,431.79,0,0,0,4974.87,27.1,415.12,39,16839.94
2023-05-10,S02,Pune,West,Home & Kitchen,1897.24,15,1,0,3548.28,27.4,2157.66,24,45533.71
2023-05-10,S03,Delhi,North,Clothing,1757.07,0,0,0,4627.41,26.4,1801.05,28,49197.84
2023-05-10,S03,Delhi,North,Electronics,14880.28,0,0,0,3576.76,28.5,14062.86,24,357126.78
2023-05-10,S03,Delhi,North,Grocery,463.27,0,0,0,8499.04,27.8,439.34,32,14824.69
2023-05-10,S03,Delhi,North,Home & Kitchen,2147.59,0,0,0,7642.85,27.5,2357.8,21,45099.46
2023-05-10,S04,Bengaluru,South,Clothing,1743.46,0,0,0,3117.98,28.2,1892.87,32,55790.82
2023-05-10,S04,Bengaluru,South,Electronics,15844.31,0,0,0,5125.22,29.6,14526.13,17,269353.35
2023-05-10,S04,Bengaluru,South,Grocery,439.7,5,1,0,5103.73,29.1,445.14,39,17148.43
2023-05-10,S04,Bengaluru,South,Home & Kitchen,2209.21,0,0,0,2649.75,24.3,2205.86,26,57439.39
2023-05-11,S01,Mumbai,West,Clothing,1858.09,0,0,0,3745.55,27.9,1748.81,28,52026.56
2023-05-11,S01,Mumbai,West,Electronics,13672.58,10,1,0,5538.02,30.3,,43,587920.95
2023-05-11,S01,Mumbai,West,Grocery,435.48,0,0,0,5413.97,24.4,411.61,44,19161.24
2023-05-11,S01,Mumbai,West,Home & Kitchen,2154.12,0,0,0,5126.59,27.8,2175.89,24,51698.79
2023-05-11,S02,Pune,West,Clothing,1748.61,0,0,0,4597.62,28.8,1779.44,32,55955.67
2023-05-11,S02,Pune,West,Electronics,12761.72,15,1,0,6730.14,24.6,16283.14,33,421136.73
2023-05-11,S02,Pune,West,Grocery,438.69,0,0,0,5639.71,25.4,472.46,47,20618.41
2023-05-11,S02,Pune,West,Home & Kitchen,2159.3,0,0,0,5631.31,26.7,2209.21,24,51823.24
2023-05-11,S03,Delhi,North,Clothing,1831.17,0,0,0,6117.07,27.9,1826.93,30,54935.17
2023-05-11,S03,Delhi,North,Electronics,14360.2,0,0,0,6452.69,28.3,14348.25,26,373365.22
2023-05-11,S03,Delhi,North,Grocery,473.1,0,0,0,2876.07,27.3,432.32,37,17504.8
2023-05-11,S03,Delhi,North,Home & Kitchen,1806.87,15,1,0,4288.77,27.1,2104.94,38,68661.04
2023-05-11,S04,Bengaluru,South,Clothing,1851.97,0,0,0,6095.02,27.4,1674.62,35,64819.08
2023-05-11,S04,Bengaluru,South,Electronics,14219.43,10,1,0,6713.75,25.2,14818.62,25,355485.86
2023-05-11,S04,Bengaluru,South,Grocery,466.53,0,0,0,7806.74,31.2,475.31,46,21460.26
2023-05-11,S04,Bengaluru,South,Home & Kitchen,2217.81,0,0,0,5334.38,29.0,2197.2,23,51009.61
2023-05-12,S01,Mumbai,West,Clothing,1775.87,0,0,0,6139.3,31.6,1752.64,30,53276.05
2023-05-12,S01,Mumbai,West,Electronics,14989.46,0,0,0,6125.18,27.9,14560.56,34,509641.63
2023-05-12,S01,Mumbai,West,Grocery,455.7,0,0,0,2980.08,29.3,398.92,49,22329.28
2023-05-12,S01,Mumbai,West,Home & Kitchen,2294.91,0,0,0,7787.27,25.0,1974.59,22,50488.08
2023-05-12,S02,Pune,West,Clothing,1784.92,0,0,0,7734.05,26.5,1869.27,19,33913.48
2023-05-12,S02,Pune,West,Electronics,11827.34,20,1,0,6777.81,30.6,14194.05,27,319338.15
2023-05-12,S02,Pune,West,Grocery,441.63,0,0,0,6647.09,32.1,473.49,45,19873.5
2023-05-12,S02,Pune,West,Home & Kitchen,1776.74,15,1,0,6398.87,32.2,2175.68,35,62185.88
2023-05-12,S03,Delhi,North,Clothing,1807.58,0,0,0,4067.71,28.5,1840.57,32,57842.71
2023-05-12,S03,Delhi,North,Electronics,14460.69,0,0,0,4236.22,26.0,15033.31,21,303674.52
2023-05-12,S03,Delhi,North,Grocery,383.1,10,1,0,8444.13,22.1,445.1,57,21836.95
2023-05-12,S03,Delhi,North,Home & Kitchen,2175.18,0,0,0,3527.85,25.7,2305.65,29,63080.09
2023-05-12,S04,Bengaluru,South,Clothing,1794.77,0,0,0,7227.05,26.9,1645.88,25,44869.17
2023-05-12,S04,Bengaluru,South,Electronics,12747.87,15,1,0,6555.41,27.8,15492.54,37,471671.1
2023-05-12,S04,Bengaluru,South,Grocery,403.83,10,1,0,6034.8,29.5,442.32,49,19787.9
2023-05-12,S04,Bengaluru,South,Home & Kitchen,2232.62,0,0,0,,30.4,2175.1,26,58048.24
2023-05-13,S01,Mumbai,West,Clothing,1797.43,0,0,0,3460.88,29.3,1826.4,41,73694.8
2023-05-13,S01,Mumbai,West,Electronics,14774.72,0,0,0,7900.69,25.6,15201.12,35,517115.26
2023-05-13,S01,Mumbai,West,Grocery,430.41,0,0,0,3453.01,26.6,496.71,58,24963.62
2023-05-13,S01,Mumbai,West,Home & Kitchen,2117.58,0,0,0,5724.62,23.9,2204.99,28,59292.33
2023-05-13,S02,Pune,West,Clothing,1728.03,0,0,0,6288.85,25.6,1951.21,43,74305.25
2023-05-13,S02,Pune,West,Electronics,11111.44,25,1,0,11060.59,27.0,14974.16,49,544460.34
2023-05-13,S02,Pune,West,Grocery,446.82,0,0,0,1328.26,29.3,457.59,46,20553.86
2023-05-13,S02,Pune,West,Home & Kitchen,2145.08,0,0,0,4924.99,26.6,2336.01,37,79367.8
2023-05-13,S03,Delhi,North,Clothing,1611.31,10,1,0,2775.78,29.2,2003.59,48,77342.8
2023-05-13,S03,Delhi,North,Electronics,13601.24,10,1,0,5191.85,28.0,15213.81,36,489644.82
2023-05-13,S03,Delhi,North,Grocery,458.65,0,0,0,4991.96,31.4,432.41,56,25684.57
2023-05-13,S03,Delhi,North,Home & Kitchen,2126.46,0,0,0,6628.43,24.1,2339.21,34,72299.67
2023-05-13,S04,Bengaluru,South,Clothing,1735.61,0,0,0,5121.93,28.3,1760.57,47,81573.54
2023-05-13,S04,Bengaluru,South,Electronics,15231.82,0,0,0,6084.73,31.3,16124.16,27,411259.14
2023-05-13,S04,Bengaluru,South,Grocery,470.28,0,0,0,5520.71,26.5,461.29,49,23043.86
2023-05-13,S04,Bengaluru,South,Home & Kitchen,1664.61,25,1,0,6297.17,30.3,2153.02,56,93218.24
2023-05-14,S01,Mumbai,West,Clothing,1878.58,0,0,0,5058.84,27.2,1712.08,38,71386.13
2023-05-14,S01,Mumbai,West,Electronics,14302.83,0,0,0,7940.73,26.8,14287.1,41,586416.21
2023-05-14,S01,Mumbai,West,Grocery,460.88,0,0,0,5258.45,27.0,456.94,63,29035.57
2023-05-14,S01,Mumbai,West,Home & Kitchen,2098.46,0,0,0,7863.75,29.8,2081.66,31,65052.16
2023-05-14,S02,Pune,West,Clothing,1696.06,5,1,0,5073.63,26.6,1700.59,37,62754.25
2023-05-14,S02,Pune,West,Electronics,15182.96,0,0,0,7522.4,31.1,15473.5,41,622501.43
2023-05-14,S02,Pune,West,Grocery,340.92,25,1,0,8041.65,29.0,457.41,91,31023.31
2023-05-14,S02,Pune,West,Home & Kitchen,2150.9,0,0,0,4625.49,30.3,2254.19,30,64526.87
2023-05-14,S03,Delhi,North,Clothing,1733.69,5,1,0,4090.29,29.3,1745.76,34,58945.33
2023-05-14,S03,Delhi,North,Electronics,14695.74,0,0,0,5807.99,27.0,13547.12,30,440872.12
2023-05-14,S03,Delhi,North,Grocery,448.03,0,0,0,2105.31,24.8,455.3,44,19713.29
2023-05-14,S03,Delhi,North,Home & Kitchen,2126.03,0,0,0,5336.49,,2219.34,37,78663.14
2023-05-14,S04,Bengaluru,South,Clothing,1760.11,0,0,0,5991.18,31.3,1769.46,45,79205.03
2023-05-14,S04,Bengaluru,South,Electronics,14872.46,0,0,0,8127.33,27.4,14443.31,37,550281.16
2023-05-14,S04,Bengaluru,South,Grocery,416.66,10,1,0,7181.71,31.2,438.63,62,25832.67
2023-05-14,S04,Bengaluru,South,Home & Kitchen,1678.35,20,1,0,7639.15,27.3,2209.49,48,80560.85
2023-05-15,S01,Mumbai,West,Clothing,1824.73,0,0,0,5079.28,28.5,1840.66,41,74813.79
2023-05-15,S01,Mumbai,West,Electronics,14770.12,0,0,0,3158.0,26.0,14865.04,22,324942.74
2023-05-15,S01,Mumbai,West,Grocery,456.53,0,0,0,5149.1,27.6,436.86,58,26478.66
2023-05-15,S01,Mumbai,West,Home & Kitchen,2236.42,0,0,0,6072.71,26.5,2271.4,29,64856.11
2023-05-15,S02,Pune,West,Clothing,1782.38,0,0,0,2500.65,28.8,1900.27,34,60600.82
2023-05-15,S02,Pune,West,Electronics,10975.1,25,1,0,2798.23,26.3,15062.02,27,296327.57
2023-05-15,S02,Pune,West,Grocery,457.32,0,0,0,4242.34,27.3,429.41,30,13719.63
2023-05-15,S02,Pune,West,Home & Kitchen,2219.31,0,0,0,5201.22,30.3,2193.58,23,51044.21
2023-05-15,S03,Delhi,North,Clothing,1854.67,0,0,0,6583.65,30.4,1828.15,38,70477.54
2023-05-15,S03,Delhi,North,Electronics,11060.31,25,1,0,9661.16,30.6,14470.93,32,353929.95
2023-05-15,S03,Delhi,North,Grocery,447.51,0,0,0,3710.6,29.8,490.98,58,25955.65
2023-05-15,S03,Delhi,North,Home & Kitchen,2168.38,0,0,0,7137.26,29.5,2064.81,27,58546.35
2023-05-15,S04,Bengaluru,South,Clothing,1774.45,0,0,0,3908.78,26.3,1781.08,30,53233.52
2023-05-15,S04,Bengaluru,South,Electronics,14798.77,0,0,0,6099.43,26.8,15183.4,22,325572.93
2023-05-15,S04,Bengaluru,South,Grocery,432.18,0,0,0,4901.12,32.6,458.86,47,20312.63
2023-05-15,S04,Bengaluru,South,Home & Kitchen,2070.74,10,1,0,4774.41,27.5,2088.98,25,51768.52
2023-05-16,S01,Mumbai,West,Clothing,1758.96,0,0,0,8491.71,27.3,1757.56,37,65081.34
2023-05-16,S01,Mumbai,West,Electronics,11613.47,20,1,0,4332.24,29.7,15337.36,41,476152.15
2023-05-16,S01,Mumbai,West,Grocery,444.6,0,0,0,3937.16,28.8,457.86,37,16450.1
2023-05-16,S01,Mumbai,West,Home & Kitchen,2192.92,0,0,0,6628.56,32.3,2172.93,31,67980.66
2023-05-16,S02,Pune,West,Clothing,1804.7,0,0,0,1574.49,26.2,1771.85,27,48727.0
2023-05-16,S02,Pune,West,Electronics,15168.86,0,0,0,4785.34,31.8,15862.06,14,212364.04
2023-05-16,S02,Pune,West,Grocery,333.36,25,1,0,6899.91,26.3,395.13,66,22001.64
2023-05-16,S02,Pune,West,Home & Kitchen,2038.89,5,1,0,4973.66,30.3,2208.43,30,61166.83
2023-05-16,S03,Delhi,North,Clothing,1797.9,0,0,0,5123.9,28.2,1792.48,43,77309.6
2023-05-16,S03,Delhi,North,Electronics,14966.81,0,0,0,7142.99,28.2,15120.34,47,703440.07
2023-05-16,S03,Delhi,North,Grocery,458.47,0,0,0,3821.34,28.0,450.16,30,13754.2
2023-05-16,S03,Delhi,North,Home & Kitchen,2324.33,0,0,0,3056.39,27.8,2343.76,30,69729.77
2023-05-16,S04,Bengaluru,South,Clothing,1782.46,0,0,0,5324.64,29.1,1783.5,24,42778.97
2023-05-16,S04,Bengaluru,South,Electronics,15091.5,0,0,0,2040.16,29.8,14976.51,26,392378.95
2023-05-16,S04,Bengaluru,South,Grocery,465.29,0,0,0,4333.0,26.2,463.42,36,16750.45
2023-05-16,S04,Bengaluru,South,Home & Kitchen,2205.9,0,0,0,8177.98,29.5,2116.86,22,48529.9
2023-05-17,S01,Mumbai,West,Clothing,1356.44,25,1,0,7134.77,29.7,1811.46,77,104445.58
2023-05-17,S01,Mumbai,West,Electronics,14223.03,0,0,0,7227.38,29.5,14243.77,25,355575.67
2023-05-17,S01,Mumbai,West,Grocery,449.15,0,0,0,3808.44,25.0,428.68,38,17067.52
2023-05-17,S01,Mumbai,West,Home & Kitchen,2185.29,0,0,0,4461.65,31.9,2415.72,30,65558.57
2023-05-17,S02,Pune,West,Clothing,1796.93,0,0,0,3460.62,31.1,1653.82,34,61095.56
2023-05-17,S02,Pune,West,Electronics,15534.89,0,0,0,4391.16,26.1,16144.26,18,279627.96
2023-05-17,S02,Pune,West,Grocery,471.39,0,0,0,7496.19,26.5,444.4,31,14613.16
2023-05-17,S02,Pune,West,Home & Kitchen,1682.63,20,1,0,10909.13,26.8,2069.22,41,68987.92
2023-05-17,S03,Delhi,North,Clothing,1769.28,0,0,0,5438.23,25.2,1888.46,35,61924.82
2023-05-17,S03,Delhi,North,Electronics,14814.34,0,0,0,5508.14,28.2,15907.37,20,296286.81
2023-05-17,S03,Delhi,North,Grocery,449.6,0,0,0,5713.22,27.9,429.24,38,17084.76
2023-05-17,S03,Delhi,North,Home & Kitchen,2354.12,0,0,0,2316.67,29.4,2300.76,26,61207.08
2023-05-17,S04,Bengaluru,South,Clothing,1710.61,0,0,0,4886.09,29.7,1806.17,31,53029.0
2023-05-17,S04,Bengaluru,South,Electronics,14651.37,0,0,0,4628.1,30.4,14794.45,25,366284.13
2023-05-17,S04,Bengaluru,South,Grocery,460.92,0,0,0,7235.32,28.9,479.33,37,17054.03
2023-05-17,S04,Bengaluru,South,Home & Kitchen,1959.05,15,1,0,5799.63,28.3,2230.09,42,82280.21
2023-05-18,S01,Mumbai,West,Clothing,1755.31,0,0,0,4110.64,25.3,1924.56,34,59680.62
2023-05-18,S01,Mumbai,West,Electronics,14641.94,0,0,0,3412.58,24.6,14474.94,27,395332.5
2023-05-18,S01,Mumbai,West,Grocery,433.93,0,0,0,4865.33,25.5,442.55,44,19093.01
2023-05-18,S01,Mumbai,West,Home & Kitchen,2236.94,0,0,0,3388.24,27.0,2171.82,25,55923.4
2023-05-18,S02,Pune,West,Clothing,1857.74,0,0,0,3003.18,27.6,1636.0,19,35297.15
2023-05-18,S02,Pune,West,Electronics,15927.03,0,0,0,6920.2,24.4,15359.75,22,350394.69
2023-05-18,S02,Pune,West,Grocery,444.99,0,0,0,4541.15,28.3,407.31,36,16019.53
2023-05-18,S02,Pune,West,Home & Kitchen,2124.32,0,0,0,7038.46,31.6,1954.32,25,53108.12
2023-05-18,S03,Delhi,North,Clothing,1806.33,0,0,0,5443.58,27.4,1840.4,38,68640.58
2023-05-18,S03,Delhi,North,Electronics,14212.65,0,0,0,5094.31,25.4,15629.45,25,355316.35
2023-05-18,S03,Delhi,North,Grocery,455.3,0,0,0,2949.63,27.6,446.44,34,15480.18
2023-05-18,S03,Delhi,North,Home & Kitchen,2277.72,0,0,0,2848.84,30.0,2260.32,27,61498.56
2023-05-18,S04,Bengaluru,South,Clothing,1562.65,10,1,0,7710.74,29.0,1767.88,45,70319.39
2023-05-18,S04,Bengaluru,South,Electronics,12930.96,15,1,0,5936.57,26.7,13605.74,25,323274.08
2023-05-18,S04,Bengaluru,South,Grocery,475.95,0,0,0,7246.64,29.4,432.8,36,17134.02
2023-05-18,S04,Bengaluru,South,Home & Kitchen,1716.48,20,1,0,7356.24,29.1,2194.9,34,58360.47
2023-05-19,S01,Mumbai,West,Clothing,1822.71,0,0,0,6027.57,26.4,1784.86,33,60149.3
2023-05-19,S01,Mumbai,West,Electronics,14528.81,0,0,0,3016.19,27.2,14739.46,27,392277.84
2023-05-19,S01,Mumbai,West,Grocery,460.13,0,0,0,6329.23,28.0,428.83,52,23926.74
2023-05-19,S01,Mumbai,West,Home & Kitchen,1988.12,10,1,0,5191.87,32.7,2247.34,39,77536.71
2023-05-19,S02,Pune,West,Clothing,1830.94,0,0,0,5522.92,29.4,1920.08,28,51266.38
2023-05-19,S02,Pune,West,Electronics,15632.04,0,0,0,4526.38,28.1,16042.55,20,312640.74
2023-05-19,S02,Pune,West,Grocery,423.72,0,0,0,4316.72,27.7,454.15,40,16948.91
2023-05-19,S02,Pune,West,Home & Kitchen,2225.58,0,0,0,6639.36,32.0,2141.54,15,33383.74
2023-05-19,S03,Delhi,North,Clothing,1493.06,15,1,0,,25.5,1819.78,52,77639.31
2023-05-19,S03,Delhi,North,Electronics,14401.1,0,0,0,6172.21,26.8,14658.78,18,259219.76
2023-05-19,S03,Delhi,North,Grocery,445.14,0,0,0,6416.02,28.4,421.4,42,18696.06
2023-05-19,S03,Delhi,North,Home & Kitchen,2242.52,0,0,0,6060.07,24.4,2194.24,32,71760.77
2023-05-19,S04,Bengaluru,South,Clothing,1813.65,0,0,0,4037.85,29.8,1927.4,38,68918.82
2023-05-19,S04,Bengaluru,South,Electronics,15018.68,0,0,0,2623.07,26.9,14441.86,23,345429.56
2023-05-19,S04,Bengaluru,South,Grocery,453.6,0,0,0,6360.37,27.6,461.0,43,19504.84
2023-05-19,S04,Bengaluru,South,Home & Kitchen,2167.1,0,0,0,4207.08,26.9,2201.34,18,39007.87
2023-05-20,S01,Mumbai,West,Clothing,1827.83,0,0,0,8207.26,28.9,1882.78,48,87735.76
2023-05-20,S01,Mumbai,West,Electronics,12210.16,20,1,0,5124.85,26.3,13928.39,39,476196.36
2023-05-20,S01,Mumbai,West,Grocery,452.53,0,0,0,4885.27,30.4,418.2,45,20363.82
2023-05-20,S01,Mumbai,West,Home & Kitchen,2196.91,0,0,0,4982.2,29.9,2176.56,49,107648.59
2023-05-20,S02,Pune,West,Clothing,1796.16,0,0,0,4782.58,29.2,1930.8,44,79031.23
2023-05-20,S02,Pune,West,Electronics,15072.79,0,0,0,5696.43,30.5,14303.49,20,301455.71
2023-05-20,S02,Pune,West,Grocery,445.35,0,0,0,4917.89,24.1,479.35,40,17813.92
2023-05-20,S02,Pune,West,Home & Kitchen,2245.37,0,0,0,4205.48,28.7,2178.66,29,65115.72
2023-05-20,S03,Delhi,North,Clothing,1807.71,0,0,0,1887.25,29.7,1665.56,33,59654.34
2023-05-20,S03,Delhi,North,Electronics,14412.0,0,0,0,7047.75,28.5,15749.32,44,634127.81
2023-05-20,S03,Delhi,North,Grocery,470.31,0,0,0,5713.2,29.3,,55,25867.3
2023-05-20,S03,Delhi,North,Home & Kitchen,2072.11,0,0,0,6800.84,28.5,2327.31,44,91172.69
2023-05-20,S04,Bengaluru,South,Clothing,1868.16,0,0,0,4804.31,27.9,,35,65385.58
2023-05-20,S04,Bengaluru,South,Electronics,14519.7,0,0,0,6245.09,29.7,14079.34,26,377512.1
2023-05-20,S04,Bengaluru,South,Grocery,473.94,0,0,0,4833.62,26.4,446.8,56,26540.43
2023-05-20,S04,Bengaluru,South,Home & Kitchen,2077.32,5,1,0,7050.31,28.7,2306.43,46,95556.57
2023-05-21,S01,Mumbai,West,Clothing,1380.94,20,1,0,3066.66,30.5,1638.72,73,100808.53
2023-05-21,S01,Mumbai,West,Electronics,15270.49,0,0,0,5630.34,30.6,14683.08,28,427573.76
2023-05-21,S01,Mumbai,West,Grocery,453.53,0,0,0,7434.1,27.9,402.64,59,26758.56
2023-05-21,S01,Mumbai,West,Home & Kitchen,1580.42,25,1,0,4869.31,26.7,2021.44,69,109049.02
2023-05-21,S02,Pune,West,Clothing,1782.0,0,0,0,5025.99,31.2,1748.78,34,60588.13
2023-05-21,S02,Pune,West,Electronics,15115.95,0,0,0,1494.41,,14881.85,29,438362.53
2023-05-21,S02,Pune,West,Grocery,450.64,0,0,0,2821.56,31.4,436.14,40,18025.47
2023-05-21,S02,Pune,West,Home & Kitchen,2166.56,0,0,0,3564.21,27.1,2258.44,27,58497.17
2023-05-21,S03,Delhi,North,Clothing,1800.1,0,0,0,4808.29,30.7,1759.22,35,63003.62
2023-05-21,S03,Delhi,North,Electronics,14672.61,0,0,0,2359.16,27.8,14763.7,31,454850.81
2023-05-21,S03,Delhi,North,Grocery,446.85,0,0,0,6530.12,29.9,490.52,59,26364.42
2023-05-21,S03,Delhi,North,Home & Kitchen,2376.63,0,0,0,6606.03,27.5,2106.49,36,85558.7
2023-05-21,S04,Bengaluru,South,Clothing,1593.97,10,1,0,3924.07,29.0,1794.19,61,97232.15
2023-05-21,S04,Bengaluru,South,Electronics,15319.29,0,0,0,7682.88,28.6,14899.15,33,505536.58
2023-05-21,S04,Bengaluru,South,Grocery,426.61,0,0,0,5526.25,26.0,413.08,58,24743.11
2023-05-21,S04,Bengaluru,South,Home & Kitchen,2172.91,0,0,0,3646.54,26.9,2188.36,33,71706.19
2023-05-22,S01,Mumbai,West,Clothing,1809.46,0,0,0,3736.28,23.6,1757.67,50,90472.9
2023-05-22,S01,Mumbai,West,Electronics,14593.25,0,0,0,,25.3,15089.1,24,350238.1
2023-05-22,S01,Mumbai,West,Grocery,456.78,0,0,0,3956.27,26.4,414.05,34,15530.37
2023-05-22,S01,Mumbai,West,Home & Kitchen,2089.91,0,0,0,3498.29,22.8,2177.48,29,60607.27
2023-05-22,S02,Pune,West,Clothing,1797.43,0,0,0,3576.62,27.1,1780.91,26,46733.23
2023-05-22,S02,Pune,West,Electronics,14819.89,0,0,0,2729.6,30.3,16803.89,23,340857.43
2023-05-22,S02,Pune,West,Grocery,405.81,0,0,0,8298.69,27.2,437.43,40,16232.6
2023-05-22,S02,Pune,West,Home & Kitchen,2173.6,0,0,0,4682.07,26.3,2182.06,26,56513.48
2023-05-22,S03,Delhi,North,Clothing,1755.94,0,0,0,5045.09,28.0,1712.11,30,52678.31
2023-05-22,S03,Delhi,North,Electronics,15040.54,0,0,0,4809.49,27.8,12658.21,21,315851.39
2023-05-22,S03,Delhi,North,Grocery,439.72,0,0,0,4009.7,27.7,478.06,38,16709.49
2023-05-22,S03,Delhi,North,Home & Kitchen,2225.88,0,0,0,5833.1,28.9,2294.28,29,64550.38
2023-05-22,S04,Bengaluru,South,Clothing,1803.98,0,0,0,5882.15,28.2,1886.84,31,55923.53
2023-05-22,S04,Bengaluru,South,Electronics,15331.07,0,0,0,,28.6,14660.22,21,321952.42
2023-05-22,S04,Bengaluru,South,Grocery,421.82,5,1,0,4535.64,24.6,435.94,42,17716.31
2023-05-22,S04,Bengaluru,South,Home & Kitchen,2223.86,0,0,0,5983.31,27.6,2176.45,29,64491.98
2023-05-23,S01,Mumbai,West,Clothing,1793.65,0,0,0,4644.65,30.7,1802.49,31,55603.18
2023-05-23,S01,Mumbai,West,Electronics,14882.9,0,0,0,4024.15,31.2,14700.34,31,461369.81
2023-05-23,S01,Mumbai,West,Grocery,441.33,0,0,0,5289.66,23.7,472.98,62,27362.3
2023-05-23,S01,Mumbai,West,Home & Kitchen,2153.77,0,0,0,5625.26,29.4,2282.88,27,58151.84
2023-05-23,S02,Pune,West,Clothing,1798.39,0,0,0,5228.05,28.2,1639.59,31,55750.01
2023-05-23,S02,Pune,West,Electronics,14790.46,0,0,0,8138.44,29.6,16457.2,22,325390.13
2023-05-23,S02,Pune,West,Grocery,466.3,0,0,0,4936.23,30.5,427.37,24,11191.18
2023-05-23,S02,Pune,West,Home & Kitchen,2240.52,0,0,0,5171.24,28.9,2148.39,19,42569.93
2023-05-23,S03,Delhi,North,Clothing,1778.14,0,0,0,4969.58,30.3,1759.75,41,72903.85
2023-05-23,S03,Delhi,North,Electronics,15022.01,0,0,0,3421.35,24.5,16080.66,30,450660.25
2023-05-23,S03,Delhi,North,Grocery,454.68,0,0,0,5594.77,25.6,466.91,44,20006.1
2023-05-23,S03,Delhi,North,Home & Kitchen,1914.69,10,1,0,8255.07,28.4,2164.61,32,61270.2
2023-05-23,S04,Bengaluru,South,Clothing,1924.98,0,0,0,3964.05,25.4,1571.96,29,55824.34
2023-05-23,S04,Bengaluru,South,Electronics,11629.01,25,1,0,8273.68,28.5,14108.08,34,395386.5
2023-05-23,S04,Bengaluru,South,Grocery,317.44,25,1,0,6178.33,29.9,433.16,72,22855.68
2023-05-23,S04,Bengaluru,South,Home & Kitchen,2272.02,0,0,0,8735.17,25.8,2271.48,27,61344.52
2023-05-24,S01,Mumbai,West,Clothing,1829.41,0,0,0,4374.37,27.7,1973.1,36,65858.85
2023-05-24,S01,Mumbai,West,Electronics,14163.79,0,0,0,3988.68,27.9,14796.47,28,396586.14
2023-05-24,S01,Mumbai,West,Grocery,429.49,0,0,0,4468.56,29.9,427.8,41,17609.2
2023-05-24,S01,Mumbai,West,Home & Kitchen,1596.32,25,1,0,4190.29,28.1,2266.22,50,79816.2
2023-05-24,S02,Pune,West,Clothing,1936.01,0,0,0,2869.39,25.2,1868.58,12,23232.15
2023-05-24,S02,Pune,West,Electronics,15392.41,0,0,0,5075.37,26.4,14042.3,19,292455.87
2023-05-24,S02,Pune,West,Grocery,426.23,5,1,0,8962.06,26.6,451.0,39,16622.94
2023-05-24,S02,Pune,West,Home & Kitchen,2210.92,0,0,0,2827.41,28.1,1875.77,20,44218.44
2023-05-24,S03,Delhi,North,Clothing,1782.49,0,0,0,6199.26,30.2,1725.67,33,58822.23
2023-05-24,S03,Delhi,North,Electronics,15533.97,0,0,0,4671.98,26.4,15343.24,21,326213.33
2023-05-24,S03,Delhi,North,Grocery,438.73,0,0,0,3446.18,25.5,446.28,42,18426.59
2023-05-24,S03,Delhi,North,Home & Kitchen,2377.3,0,0,0,4088.91,29.5,2015.59,27,64187.03
2023-05-24,S04,Bengaluru,South,Clothing,1811.96,0,0,0,4435.84,25.9,1835.2,31,56170.84
2023-05-24,S04,Bengaluru,South,Electronics,14784.14,0,0,0,6609.92,27.9,14800.24,20,295682.74
2023-05-24,S04,Bengaluru,South,Grocery,445.84,0,0,0,3234.4,27.1,459.63,41,18279.49
2023-05-24,S04,Bengaluru,South,Home & Kitchen,2290.7,0,0,0,3368.46,26.4,2394.1,25,57267.59
2023-05-25,S01,Mumbai,West,Clothing,1844.89,0,0,0,4500.86,24.2,1623.6,28,51657.0
2023-05-25,S01,Mumbai,West,Electronics,14777.55,0,0,0,3931.49,25.7,14985.07,32,472881.5
2023-05-25,S01,Mumbai,West,Grocery,462.92,0,0,0,5881.94,26.5,462.04,40,18516.95
2023-05-25,S01,Mumbai,West,Home & Kitchen,2217.77,0,0,0,2699.76,28.9,2167.74,23,51008.65
2023-05-25,S02,Pune,West,Clothing,1721.29,0,0,0,4867.55,28.2,1797.45,28,48196.22
2023-05-25,S02,Pune,West,Electronics,14861.62,0,0,0,3502.31,29.5,14990.43,21,312094.03
2023-05-25,S02,Pune,West,Grocery,434.44,0,0,0,4500.19,28.3,449.25,39,16943.26
2023-05-25,S02,Pune,West,Home & Kitchen,2278.28,0,0,0,5719.97,28.4,2257.99,28,63791.86
2023-05-25,S03,Delhi,North,Clothing,1839.59,0,0,0,6237.31,28.6,1753.36,39,71744.09
2023-05-25,S03,Delhi,North,Electronics,14366.84,0,0,0,3113.14,27.5,15141.04,17,244236.25
2023-05-25,S03,Delhi,North,Grocery,453.17,0,0,0,6015.05,30.1,446.77,57,25830.7
2023-05-25,S03,Delhi,North,Home & Kitchen,1864.48,15,1,0,2425.49,24.8,2089.49,26,48476.37
2023-05-25,S04,Bengaluru,South,Clothing,1693.7,0,0,0,3572.39,30.1,1882.12,23,38955.15
2023-05-25,S04,Bengaluru,South,Electronics,15463.02,0,0,0,5411.36,30.0,16399.23,31,479353.74
2023-05-25,S04,Bengaluru,South,Grocery,452.24,0,0,0,6195.78,31.5,430.3,44,19898.65
2023-05-25,S04,Bengaluru,South,Home & Kitchen,1952.27,10,1,0,1811.73,25.1,2148.1,20,39045.38
2023-05-26,S01,Mumbai,West,Clothing,1825.78,0,0,0,3043.65,22.0,1791.34,28,51121.9
2023-05-26,S01,Mumbai,West,Electronics,15179.54,0,0,0,3680.74,26.6,14508.19,22,333949.92
2023-05-26,S01,Mumbai,West,Grocery,367.44,20,1,0,4593.14,25.7,471.52,59,21678.85
2023-05-26,S01,Mumbai,West,Home & Kitchen,2081.28,0,0,0,3316.87,27.5,2039.76,27,56194.69
2023-05-26,S02,Pune,West,Clothing,1749.98,0,0,0,6245.37,30.3,1660.3,24,41999.55
2023-05-26,S02,Pune,West,Electronics,15164.74,0,0,0,5364.31,28.2,15102.06,25,379118.62
2023-05-26,S02,Pune,West,Grocery,437.04,0,0,0,5051.01,29.9,427.07,38,16607.45
2023-05-26,S02,Pune,West,Home & Kitchen,1970.64,10,1,0,7947.87,25.3,2223.21,22,43353.97
2023-05-26,S03,Delhi,North,Clothing,1752.74,0,0,0,4675.75,29.1,1763.01,32,56087.79
2023-05-26,S03,Delhi,North,Electronics,15137.89,0,0,0,2290.9,30.4,15006.17,20,302757.74
2023-05-26,S03,Delhi,North,Grocery,472.24,0,0,0,4644.04,27.5,445.04,37,17472.72
2023-05-26,S03,Delhi,North,Home & Kitchen,2255.06,0,0,0,2574.68,30.6,2244.43,24,54121.46
2023-05-26,S04,Bengaluru,South,Clothing,1829.28,0,0,0,4624.15,27.1,1754.01,32,58537.06
2023-05-26,S04,Bengaluru,South,Electronics,15975.01,0,0,0,6245.95,30.8,14502.8,25,399375.27
2023-05-26,S04,Bengaluru,South,Grocery,427.17,5,1,0,8962.24,29.2,452.05,47,20077.17
2023-05-26,S04,Bengaluru,South,Home & Kitchen,2160.49,0,0,0,4084.35,24.9,2249.75,31,66975.27
2023-05-27,S01,Mumbai,West,Clothing,1783.63,0,0,0,7105.93,24.9,1931.1,59,105234.03
2023-05-27,S01,Mumbai,West,Electronics,15371.22,0,0,0,8422.45,26.4,15518.3,22,338166.89
2023-05-27,S01,Mumbai,West,Grocery,442.77,0,0,0,7891.1,24.6,,50,22138.63
2023-05-27,S01,Mumbai,West,Home & Kitchen,2170.49,0,0,0,4648.47,25.7,2270.89,53,115035.83
2023-05-27,S02,Pune,West,Clothing,1742.06,0,0,0,4451.85,28.4,1818.43,40,69682.48
2023-05-27,S02,Pune,West,Electronics,14566.87,0,0,0,3420.41,26.6,15312.39,30,437006.12
2023-05-27,S02,Pune,West,Grocery,345.21,25,1,0,7699.68,29.7,470.53,73,25200.51
2023-05-27,S02,Pune,West,Home & Kitchen,1930.61,10,1,0,1975.78,28.1,2289.52,22,42473.48
2023-05-27,S03,Delhi,North,Clothing,1756.29,0,0,0,2465.74,29.9,1764.58,42,73764.19
2023-05-27,S03,Delhi,North,Electronics,13913.73,5,1,0,3625.35,24.2,15227.04,40,556549.02
2023-05-27,S03,Delhi,North,Grocery,449.39,0,0,0,4791.23,26.0,503.48,46,20672.17
2023-05-27,S03,Delhi,North,Home & Kitchen,2179.24,0,0,0,2820.17,27.0,2224.44,31,67556.52
2023-05-27,S04,Bengaluru,South,Clothing,1810.56,0,0,0,5980.88,27.4,1852.67,38,68801.44
2023-05-27,S04,Bengaluru,South,Electronics,15013.36,0,0,0,3853.24,25.9,14709.22,29,435387.33
2023-05-27,S04,Bengaluru,South,Grocery,462.57,0,0,0,3307.78,28.0,450.29,33,15264.76
2023-05-27,S04,Bengaluru,South,Home & Kitchen,2250.75,0,0,0,5445.5,26.1,2171.34,45,101283.66
2023-05-28,S01,Mumbai,West,Clothing,1850.4,0,0,0,2866.09,28.0,1729.35,37,68464.79
2023-05-28,S01,Mumbai,West,Electronics,14679.13,0,0,0,5446.27,25.5,16076.98,28,411015.61
2023-05-28,S01,Mumbai,West,Grocery,455.52,0,0,0,2464.08,25.1,443.28,41,18676.44
2023-05-28,S01,Mumbai,West,Home & Kitchen,1641.43,25,1,0,4216.35,27.1,2246.14,53,86995.94
2023-05-28,S02,Pune,West,Clothing,1451.63,20,1,0,6798.56,32.6,1674.95,61,88549.58
2023-05-28,S02,Pune,West,Electronics,15616.64,0,0,0,4574.94,28.4,15955.53,30,468499.22
2023-05-28,S02,Pune,West,Grocery,461.93,0,0,0,3346.68,27.5,510.8,45,20786.98
2023-05-28,S02,Pune,West,Home & Kitchen,2271.7,0,0,0,3649.45,30.3,2203.0,29,65879.39
2023-05-28,S03,Delhi,North,Clothing,1779.83,0,0,0,8762.68,25.2,1773.52,44,78312.31
2023-05-28,S03,Delhi,North,Electronics,14300.09,10,1,0,5003.69,25.9,15005.48,46,657803.92
2023-05-28,S03,Delhi,North,Grocery,431.72,0,0,0,4950.91,26.5,445.68,49,21154.1
2023-05-28,S03,Delhi,North,Home & Kitchen,2237.46,0,0,0,2097.3,27.7,2248.76,33,73836.27
2023-05-28,S04,Bengaluru,South,Clothing,1775.42,0,0,0,5441.11,29.5,1747.88,45,79893.99
2023-05-28,S04,Bengaluru,South,Electronics,15053.41,0,0,0,6726.31,29.8,14830.4,27,406441.99
2023-05-28,S04,Bengaluru,South,Grocery,435.11,10,1,0,9157.99,31.0,464.59,67,29152.46
2023-05-28,S04,Bengaluru,South,Home & Kitchen,2023.83,5,1,0,6161.77,28.8,2095.55,29,58691.01
2023-05-29,S01,Mumbai,West,Clothing,1752.85,0,0,0,4699.68,27.9,1780.84,28,49079.93
2023-05-29,S01,Mumbai,West,Electronics,15473.33,0,0,0,6330.14,28.2,14651.71,25,386833.37
2023-05-29,S01,Mumbai,West,Grocery,466.98,0,0,0,7573.22,26.1,452.99,47,21948.18
2023-05-29,S01,Mumbai,West,Home & Kitchen,2197.38,0,0,0,4657.87,29.4,2292.78,27,59329.33
2023-05-29,S02,Pune,West,Clothing,1812.4,0,0,0,2034.7,29.0,1850.17,28,50747.27
2023-05-29,S02,Pune,West,Electronics,14854.89,0,0,0,2821.07,27.9,16379.37,22,326807.68
2023-05-29,S02,Pune,West,Grocery,352.99,20,1,0,5815.41,29.0,476.77,49,17296.67
2023-05-29,S02,Pune,West,Home & Kitchen,2070.48,5,1,0,8210.1,29.6,2326.15,34,70396.38
2023-05-29,S03,Delhi,North,Clothing,1372.84,25,1,0,5988.77,28.5,1716.48,56,76879.05
2023-05-29,S03,Delhi,North,Electronics,14952.34,0,0,0,5879.82,24.2,14783.17,22,328951.55
2023-05-29,S03,Delhi,North,Grocery,444.4,0,0,0,2387.93,27.8,437.31,34,15109.46
2023-05-29,S03,Delhi,North,Home & Kitchen,2245.29,0,0,0,2959.22,24.5,2159.62,18,40415.31
2023-05-29,S04,Bengaluru,South,Clothing,1737.7,0,0,0,6822.36,27.8,1835.0,38,66032.57
2023-05-29,S04,Bengaluru,South,Electronics,15305.4,0,0,0,6899.04,27.9,14453.73,14,214275.6
2023-05-29,S04,Bengaluru,South,Grocery,445.15,0,0,0,5939.64,28.0,439.26,43,19141.63
2023-05-29,S04,Bengaluru,South,Home & Kitchen,2244.27,0,0,0,4366.99,28.5,2197.15,20,44885.39
2023-05-30,S01,Mumbai,West,Clothing,1728.69,0,0,0,6568.75,29.3,1829.86,39,67418.98
2023-05-30,S01,Mumbai,West,Electronics,13602.04,5,1,0,5119.66,25.5,15363.9,32,435265.33
2023-05-30,S01,Mumbai,West,Grocery,465.37,0,0,0,5134.98,27.5,440.63,50,23268.62
2023-05-30,S01,Mumbai,West,Home & Kitchen,2003.7,10,1,0,7080.8,27.3,2169.85,39,78144.24
2023-05-30,S02,Pune,West,Clothing,1680.6,5,1,0,2297.25,26.9,1702.55,22,36973.23
2023-05-30,S02,Pune,West,Electronics,15489.59,0,0,0,3816.92,30.8,15028.06,17,263323.04
2023-05-30,S02,Pune,West,Grocery,431.7,0,0,0,6360.2,29.4,447.51,38,16404.74
2023-05-30,S02,Pune,West,Home & Kitchen,1718.35,20,1,0,6673.14,27.2,2139.44,32,54987.33
2023-05-30,S03,Delhi,North,Clothing,1471.42,20,1,0,6157.46,29.1,1803.33,51,75042.43
2023-05-30,S03,Delhi,North,Electronics,13272.55,10,1,0,4534.98,28.7,14510.17,38,504356.96
2023-05-30,S03,Delhi,North,Grocery,460.97,0,0,0,6784.75,25.4,447.65,40,18438.72
2023-05-30,S03,Delhi,North,Home & Kitchen,2256.77,0,0,0,3611.78,27.8,2223.21,23,51905.6
2023-05-30,S04,Bengaluru,South,Clothing,1843.22,0,0,0,3924.37,29.4,1687.2,27,49766.87
2023-05-30,S04,Bengaluru,South,Electronics,14025.44,0,0,0,5715.64,25.4,13816.77,14,196356.22
2023-05-30,S04,Bengaluru,South,Grocery,467.17,0,0,0,3833.16,27.0,416.7,35,16351.04
2023-05-30,S04,Bengaluru,South,Home & Kitchen,1965.94,10,1,0,7933.84,29.7,2266.79,36,70773.96
2023-05-31,S01,Mumbai,West,Clothing,1627.45,0,0,0,4954.72,26.9,1816.61,46,74862.91
2023-05-31,S01,Mumbai,West,Electronics,14438.57,0,0,0,4721.06,23.6,14820.29,30,433157.02
2023-05-31,S01,Mumbai,West,Grocery,442.38,0,0,0,5828.64,25.6,477.09,67,29639.36
2023-05-31,S01,Mumbai,West,Home & Kitchen,2178.45,0,0,0,5861.66,27.3,2014.72,27,58818.11
2023-05-31,S02,Pune,West,Clothing,1848.39,0,0,0,5490.89,28.9,1830.34,32,59148.49
2023-05-31,S02,Pune,West,Electronics,14683.28,0,0,0,4375.49,27.0,15841.49,23,337715.43
2023-05-31,S02,Pune,West,Grocery,361.41,20,1,0,5616.54,27.7,447.24,50,18070.68
2023-05-31,S02,Pune,West,Home & Kitchen,2258.93,0,0,0,3700.52,27.8,2195.54,25,56473.15
2023-05-31,S03,Delhi,North,Clothing,1814.14,0,0,0,6893.43,25.1,1718.83,33,59866.67
2023-05-31,S03,Delhi,North,Electronics,15123.44,0,0,0,3701.44,30.4,15057.71,27,408332.76
2023-05-31,S03,Delhi,North,Grocery,451.44,0,0,0,5124.3,27.9,461.63,41,18509.16
2023-05-31,S03,Delhi,North,Home & Kitchen,2284.71,0,0,0,5910.17,28.0,2268.8,32,73110.59
2023-05-31,S04,Bengaluru,South,Clothing,1652.22,0,0,0,4917.74,27.8,1886.04,36,59479.97
2023-05-31,S04,Bengaluru,South,Electronics,13665.99,5,1,0,6549.85,26.2,16356.96,41,560305.5
2023-05-31,S04,Bengaluru,South,Grocery,459.6,0,0,0,5383.49,29.6,470.84,47,21601.03
2023-05-31,S04,Bengaluru,South,Home & Kitchen,2170.89,0,0,0,4320.67,27.1,2108.03,19,41246.86
2023-06-01,S01,Mumbai,West,Clothing,1706.4,5,1,0,4237.09,28.7,1940.92,57,97264.9
2023-06-01,S01,Mumbai,West,Electronics,15319.35,0,0,0,3929.67,30.2,15274.12,27,413622.39
2023-06-01,S01,Mumbai,West,Grocery,429.9,0,0,0,,31.3,492.22,48,20635.28
2023-06-01,S01,Mumbai,West,Home & Kitchen,2155.95,0,0,0,4008.76,27.9,,29,62522.42
2023-06-01,S02,Pune,West,Clothing,1728.96,5,1,0,7884.63,28.0,1741.23,35,60513.72
2023-06-01,S02,Pune,West,Electronics,14659.48,0,0,0,6681.05,29.8,15486.15,22,322508.57
2023-06-01,S02,Pune,West,Grocery,454.24,0,0,0,4275.39,28.7,438.44,39,17715.54
2023-06-01,S02,Pune,West,Home & Kitchen,2295.65,0,0,0,6103.04,28.0,2226.46,32,73460.81
2023-06-01,S03,Delhi,North,Clothing,1838.6,0,0,0,4410.08,34.8,1746.1,32,58835.24
2023-06-01,S03,Delhi,North,Electronics,15088.68,0,0,0,5593.57,31.6,14339.04,33,497926.4
2023-06-01,S03,Delhi,North,Grocery,459.47,0,0,0,6790.79,33.4,371.65,41,18838.16
2023-06-01,S03,Delhi,North,Home & Kitchen,2210.25,0,0,0,5441.44,30.8,2459.59,22,48625.44
2023-06-01,S04,Bengaluru,South,Clothing,1775.82,0,0,0,6630.53,28.9,1805.08,26,46171.4
2023-06-01,S04,Bengaluru,South,Electronics,13276.95,10,1,0,4572.0,30.1,13626.81,26,345200.79
2023-06-01,S04,Bengaluru,South,Grocery,364.03,20,1,0,8769.41,30.0,437.37,54,19657.36
2023-06-01,S04,Bengaluru,South,Home & Kitchen,1510.73,25,1,0,7584.76,27.9,2322.71,32,48343.36
2023-06-02,S01,Mumbai,West,Clothing,1755.64,0,0,0,2976.99,30.1,1840.36,44,77248.01
2023-06-02,S01,Mumbai,West,Electronics,14964.4,5,1,0,1226.92,27.3,16174.33,21,314252.49
2023-06-02,S01,Mumbai,West,Grocery,432.22,0,0,0,6286.49,30.4,482.62,43,18585.36
2023-06-02,S01,Mumbai,West,Home & Kitchen,2282.14,0,0,0,3044.09,31.1,2198.99,28,63899.8
2023-06-02,S02,Pune,West,Clothing,1850.66,0,0,0,4642.65,29.3,1587.09,17,31461.18
2023-06-02,S02,Pune,West,Electronics,15597.61,0,0,0,5696.07,29.5,14984.15,32,499123.66
2023-06-02,S02,Pune,West,Grocery,457.63,0,0,0,6672.84,29.7,437.98,39,17847.61
2023-06-02,S02,Pune,West,Home & Kitchen,2212.09,0,0,0,4108.68,29.6,2272.59,18,39817.7
2023-06-02,S03,Delhi,North,Clothing,1862.76,0,0,0,6937.57,33.1,1795.48,31,57745.58
2023-06-02,S03,Delhi,North,Electronics,14087.57,5,1,0,6516.22,32.1,14143.15,32,450802.35
2023-06-02,S03,Delhi,North,Grocery,397.31,10,1,0,8016.26,30.7,458.85,68,27017.28
2023-06-02,S03,Delhi,North,Home & Kitchen,2213.85,0,0,0,7262.72,29.5,2156.87,30,66415.47
2023-06-02,S04,Bengaluru,South,Clothing,1779.62,0,0,0,3500.66,33.0,1825.69,41,72964.56
2023-06-02,S04,Bengaluru,South,Electronics,14846.53,0,0,0,6419.52,33.0,13714.34,26,386009.78
2023-06-02,S04,Bengaluru,South,Grocery,346.17,25,1,0,8230.25,31.4,474.73,71,24578.14
2023-06-02,S04,Bengaluru,South,Home & Kitchen,2217.49,0,0,0,4433.45,31.6,2156.77,21,46567.39
2023-06-03,S01,Mumbai,West,Clothing,1457.18,20,1,0,5586.0,31.0,1919.5,61,88888.16
2023-06-03,S01,Mumbai,West,Electronics,15222.04,0,0,0,2932.99,29.4,15381.49,31,471883.38
2023-06-03,S01,Mumbai,West,Grocery,445.79,0,0,0,3904.96,35.4,401.59,38,16940.08
2023-06-03,S01,Mumbai,West,Home & Kitchen,2178.88,0,0,0,4136.56,28.7,2353.09,49,106765.01
2023-06-03,S02,Pune,West,Clothing,1864.99,0,0,0,8217.81,28.5,1889.65,28,52219.62
2023-06-03,S02,Pune,West,Electronics,11774.64,20,1,0,7149.34,34.7,13726.38,37,435661.58
2023-06-03,S02,Pune,West,Grocery,442.4,0,0,0,7101.67,30.2,471.56,57,25216.67
2023-06-03,S02,Pune,West,Home & Kitchen,2133.72,0,0,0,4645.82,30.2,2245.81,27,57610.37
2023-06-03,S03,Delhi,North,Clothing,1808.51,0,0,0,4540.16,33.1,1567.66,36,65106.2
2023-06-03,S03,Delhi,North,Electronics,15267.27,0,0,0,7553.28,28.9,15202.35,34,519087.19
2023-06-03,S03,Delhi,North,Grocery,333.33,25,1,0,4536.09,27.4,392.79,83,27666.3
2023-06-03,S03,Delhi,North,Home & Kitchen,2196.84,0,0,0,3140.58,28.5,2312.72,22,48330.48
2023-06-03,S04,Bengaluru,South,Clothing,1496.63,15,1,0,8054.64,29.3,1798.32,61,91294.68
2023-06-03,S04,Bengaluru,South,Electronics,15050.49,0,0,0,5021.45,28.9,15561.67,34,511716.51
2023-06-03,S04,Bengaluru,South,Grocery,445.4,0,0,0,6812.35,31.8,449.56,47,20933.68
2023-06-03,S04,Bengaluru,South,Home & Kitchen,1707.8,25,1,0,4385.53,30.9,2151.01,57,97344.39
2023-06-04,S01,Mumbai,West,Clothing,1270.17,25,1,0,4637.35,31.4,1767.6,73,92722.07
2023-06-04,S01,Mumbai,West,Electronics,11985.48,20,1,0,2740.89,29.1,13669.94,41,491404.55
2023-06-04,S01,Mumbai,West,Grocery,469.74,0,0,0,5900.13,27.5,440.17,63,29593.7
2023-06-04,S01,Mumbai,West,Home & Kitchen,2293.66,0,0,0,5983.47,32.8,2203.16,49,112389.47
2023-06-04,S02,Pune,West,Clothing,1684.92,0,0,0,2834.9,31.0,1894.58,48,80876.33
2023-06-04,S02,Pune,West,Electronics,13579.72,5,1,0,5953.61,29.6,15763.86,42,570348.35
2023-06-04,S02,Pune,West,Grocery,403.52,10,1,0,8808.24,31.0,472.54,61,24614.51
2023-06-04,S02,Pune,West,Home & Kitchen,2301.3,0,0,0,3291.68,32.2,2252.53,18,41423.32
2023-06-04,S03,Delhi,North,Clothing,1756.71,0,0,0,7743.65,31.7,2024.24,46,80808.74
2023-06-04,S03,Delhi,North,Electronics,15679.67,0,0,0,6402.03,31.7,15735.0,29,454710.47
2023-06-04,S03,Delhi,North,Grocery,458.55,0,0,0,4595.21,32.7,483.12,50,22927.71
2023-06-04,S03,Delhi,North,Home & Kitchen,2131.09,0,0,0,5559.69,32.2,2271.13,36,76719.3
2023-06-04,S04,Bengaluru,South,Clothing,1793.11,0,0,0,7202.81,33.5,1902.4,66,118345.49
2023-06-04,S04,Bengaluru,South,Electronics,15120.27,0,0,0,,27.3,13463.04,44,665291.75
2023-06-04,S04,Bengaluru,South,Grocery,464.27,0,0,0,4441.67,31.1,451.56,56,25998.86
2023-06-04,S04,Bengaluru,South,Home & Kitchen,2121.8,0,0,0,5177.55,30.6,2282.31,32,67897.44
2023-06-05,S01,Mumbai,West,Clothing,1765.05,0,0,0,5307.85,29.3,1733.35,39,68837.04
2023-06-05,S01,Mumbai,West,Electronics,14012.17,0,0,0,1625.32,29.2,15340.5,21,294255.51
2023-06-05,S01,Mumbai,West,Grocery,440.17,0,0,0,7801.21,31.3,450.09,64,28170.62
2023-06-05,S01,Mumbai,West,Home & Kitchen,2178.54,0,0,0,6333.79,29.5,2195.0,29,63177.71
2023-06-05,S02,Pune,West,Clothing,1837.02,0,0,0,3980.02,30.8,1753.04,33,60621.77
2023-06-05,S02,Pune,West,Electronics,14532.03,0,0,0,6234.27,33.5,15453.9,31,450492.83
2023-06-05,S02,Pune,West,Grocery,450.27,0,0,0,3987.51,34.1,423.69,35,15759.52
2023-06-05,S02,Pune,West,Home & Kitchen,2224.86,0,0,0,5025.37,29.5,2229.57,21,46722.13
2023-06-05,S03,Delhi,North,Clothing,1795.82,0,0,0,5682.98,29.0,1847.23,32,57466.23
2023-06-05,S03,Delhi,North,Electronics,14642.52,5,1,0,4153.38,29.4,14402.85,24,351420.44
2023-06-05,S03,Delhi,North,Grocery,471.75,0,0,0,2673.79,33.1,411.21,37,17454.64
2023-06-05,S03,Delhi,North,Home & Kitchen,2140.29,0,0,0,6974.1,27.5,2213.49,38,81331.05
2023-06-05,S04,Bengaluru,South,Clothing,1558.46,10,1,0,3916.11,32.1,1827.48,40,62338.44
2023-06-05,S04,Bengaluru,South,Electronics,12943.94,10,1,0,7699.5,30.4,15578.26,28,362430.19
2023-06-05,S04,Bengaluru,South,Grocery,430.53,0,0,0,3593.28,31.8,463.69,38,16360.01
2023-06-05,S04,Bengaluru,South,Home & Kitchen,2218.66,0,0,0,5255.16,28.7,2229.44,22,48810.43
2023-06-06,S01,Mumbai,West,Clothing,1825.39,0,0,0,2897.82,32.7,1779.68,32,58412.63
2023-06-06,S01,Mumbai,West,Electronics,14089.9,0,0,0,3206.96,34.9,15924.65,23,324067.67
2023-06-06,S01,Mumbai,West,Grocery,331.46,25,1,0,,31.3,460.42,61,20219.19
2023-06-06,S01,Mumbai,West,Home & Kitchen,2198.93,0,0,0,5529.33,30.3,2245.9,22,48376.38
2023-06-06,S02,Pune,West,Clothing,1730.34,0,0,0,5210.14,33.3,1824.7,38,65752.8
2023-06-06,S02,Pune,West,Electronics,15385.52,0,0,0,3689.72,28.9,15292.19,20,307710.38
2023-06-06,S02,Pune,West,Grocery,463.05,0,0,0,4131.03,32.7,458.24,36,16669.87
2023-06-06,S02,Pune,West,Home & Kitchen,2214.5,0,0,0,6527.29,28.9,2178.8,23,50933.56
2023-06-06,S03,Delhi,North,Clothing,1294.85,25,1,0,4784.18,28.4,1828.78,61,78985.93
2023-06-06,S03,Delhi,North,Electronics,14933.0,0,0,0,3994.15,31.0,14533.32,19,283726.94
2023-06-06,S03,Delhi,North,Grocery,444.77,0,0,0,6838.94,33.3,431.93,45,20014.73
2023-06-06,S03,Delhi,North,Home & Kitchen,2179.66,0,0,0,4233.66,32.5,2056.85,26,56671.19
2023-06-06,S04,Bengaluru,South,Clothing,1828.91,0,0,0,8574.93,,1889.65,36,65840.6
2023-06-06,S04,Bengaluru,South,Electronics,13190.74,15,1,0,5480.34,30.0,15645.88,31,408912.85
2023-06-06,S04,Bengaluru,South,Grocery,452.14,0,0,0,4997.01,31.8,464.49,37,16729.31
2023-06-06,S04,Bengaluru,South,Home & Kitchen,2232.97,0,0,0,7797.49,30.2,2119.31,24,53591.22
2023-06-07,S01,Mumbai,West,Clothing,1744.39,0,0,0,6219.55,29.7,1695.68,38,66286.78
2023-06-07,S01,Mumbai,West,Electronics,15058.23,0,0,0,,31.0,14833.8,37,557154.67
2023-06-07,S01,Mumbai,West,Grocery,419.59,5,1,0,9813.17,28.9,411.14,60,25175.29
2023-06-07,S01,Mumbai,West,Home & Kitchen,2190.84,0,0,0,6802.15,35.3,2134.34,27,59152.75
2023-06-07,S02,Pune,West,Clothing,1813.47,0,0,0,5696.56,30.7,1839.44,31,56217.52
2023-06-07,S02,Pune,West,Electronics,15342.28,0,0,0,3900.94,31.9,14264.05,18,276161.03
2023-06-07,S02,Pune,West,Grocery,467.95,0,0,0,4292.63,29.3,475.0,32,14974.26
2023-06-07,S02,Pune,West,Home & Kitchen,2173.34,0,0,0,4283.74,32.4,2299.14,29,63026.8
2023-06-07,S03,Delhi,North,Clothing,1365.99,25,1,0,9924.67,30.7,1753.03,55,75129.24
2023-06-07,S03,Delhi,North,Electronics,15799.5,0,0,0,6119.72,31.9,13728.11,26,410786.96
2023-06-07,S03,Delhi,North,Grocery,450.5,0,0,0,5486.92,31.0,406.87,45,20272.72
2023-06-07,S03,Delhi,North,Home & Kitchen,1826.65,20,1,0,5198.61,34.3,2352.89,35,63932.6
2023-06-07,S04,Bengaluru,South,Clothing,1956.72,0,0,0,4509.02,32.1,1755.87,20,39134.35
2023-06-07,S04,Bengaluru,South,Electronics,15149.91,0,0,0,3941.78,33.1,14398.83,24,363597.75
2023-06-07,S04,Bengaluru,South,Grocery,445.87,0,0,0,5180.59,31.4,448.3,45,20064.35
2023-06-07,S04,Bengaluru,South,Home & Kitchen,2165.16,0,0,0,5642.58,32.3,2056.08,29,62789.78
2023-06-08,S01,Mumbai,West,Clothing,1822.1,0,0,0,5173.32,29.2,1843.52,38,69239.79
2023-06-08,S01,Mumbai,West,Electronics,14838.87,0,0,0,4933.35,31.4,15746.73,31,460005.03
2023-06-08,S01,Mumbai,West,Grocery,442.82,0,0,0,5578.55,31.1,410.77,48,21255.44
2023-06-08,S01,Mumbai,West,Home & Kitchen,2215.26,0,0,0,,30.3,2129.04,29,64242.55
2023-06-08,S02,Pune,West,Clothing,1796.06,0,0,0,4124.15,28.9,1842.34,33,59270.1
2023-06-08,S02,Pune,West,Electronics,14656.87,0,0,0,5611.39,31.5,16469.35,29,425049.36
2023-06-08,S02,Pune,West,Grocery,471.61,0,0,0,6077.78,34.6,442.12,54,25466.9
2023-06-08,S02,Pune,West,Home & Kitchen,2274.57,0,0,0,5968.19,30.1,2015.83,39,88708.17
2023-06-08,S03,Delhi,North,Clothing,1773.45,0,0,0,5903.59,32.3,1808.46,31,54976.95
2023-06-08,S03,Delhi,North,Electronics,15216.95,0,0,0,3670.17,30.3,14012.87,20,304338.96
2023-06-08,S03,Delhi,North,Grocery,464.85,0,0,0,5301.74,35.6,490.52,42,19523.65
2023-06-08,S03,Delhi,North,Home & Kitchen,2231.07,0,0,0,7072.6,35.4,2227.37,27,60238.88
2023-06-08,S04,Bengaluru,South,Clothing,1750.24,0,0,0,2389.03,30.0,1855.68,25,43755.88
2023-06-08,S04,Bengaluru,South,Electronics,15026.91,0,0,0,6631.64,31.4,15031.16,27,405726.67
2023-06-08,S04,Bengaluru,South,Grocery,483.6,0,0,0,4677.61,29.9,440.22,36,17409.62
2023-06-08,S04,Bengaluru,South,Home & Kitchen,2228.49,0,0,0,5417.64,28.5,2388.46,39,86910.92
2023-06-09,S01,Mumbai,West,Clothing,1769.92,0,0,0,5284.75,29.8,1765.27,39,69026.91
2023-06-09,S01,Mumbai,West,Electronics,14502.37,0,0,0,6935.85,27.4,14482.41,29,420568.85
2023-06-09,S01,Mumbai,West,Grocery,449.85,0,0,0,4350.16,32.5,479.4,60,26990.91
2023-06-09,S01,Mumbai,West,Home & Kitchen,2172.29,0,0,0,4275.16,30.0,2189.23,26,56479.54
2023-06-09,S02,Pune,West,Clothing,1798.37,0,0,0,3411.1,34.0,1955.3,34,61144.53
2023-06-09,S02,Pune,West,Electronics,14715.73,0,0,0,4581.28,33.4,15114.35,21,309030.26
2023-06-09,S02,Pune,West,Grocery,397.45,15,1,0,3845.76,30.8,445.24,42,16692.73
2023-06-09,S02,Pune,West,Home & Kitchen,2126.84,0,0,0,4925.14,29.3,2130.79,25,53171.03
2023-06-09,S03,Delhi,North,Clothing,1806.05,0,0,0,4086.69,32.0,1691.11,37,66823.92
2023-06-09,S03,Delhi,North,Electronics,14506.03,0,0,0,4513.49,32.6,14041.22,18,261108.46
2023-06-09,S03,Delhi,North,Grocery,451.77,0,0,0,4585.9,32.4,449.72,46,20781.38
2023-06-09,S03,Delhi,North,Home & Kitchen,2193.85,0,0,0,4466.17,28.8,2135.0,25,54846.25
2023-06-09,S04,Bengaluru,South,Clothing,1821.48,0,0,0,3273.91,29.4,1946.36,27,49180.01
2023-06-09,S04,Bengaluru,South,Electronics,15220.75,0,0,0,2736.03,32.4,14962.13,17,258752.67
2023-06-09,S04,Bengaluru,South,Grocery,435.47,0,0,0,4084.19,28.9,448.99,43,18725.23
2023-06-09,S04,Bengaluru,South,Home & Kitchen,2259.17,0,0,0,5173.26,27.3,2219.22,27,60997.5
2023-06-10,S01,Mumbai,West,Clothing,1798.23,0,0,0,7161.62,33.1,1739.54,38,68332.68
2023-06-10,S01,Mumbai,West,Electronics,11272.12,25,1,0,6739.77,29.6,13885.85,56,631238.57
2023-06-10,S01,Mumbai,West,Grocery,432.72,0,0,0,3660.07,31.1,437.42,61,26395.88
2023-06-10,S01,Mumbai,West,Home & Kitchen,2206.34,0,0,0,7229.84,32.1,2098.76,46,101491.87
2023-06-10,S02,Pune,West,Clothing,1734.95,0,0,0,5930.39,25.0,1837.51,39,67663.07
2023-06-10,S02,Pune,West,Electronics,15302.86,0,0,0,4979.23,33.1,14143.97,28,428480.0
2023-06-10,S02,Pune,West,Grocery,474.48,0,0,0,3289.5,32.3,465.66,41,19453.75
2023-06-10,S02,Pune,West,Home & Kitchen,1590.42,25,1,0,7942.21,32.6,2375.1,73,116100.33
2023-06-10,S03,Delhi,North,Clothing,1795.41,0,0,0,2889.3,34.3,1844.12,43,77202.79
2023-06-10,S03,Delhi,North,Electronics,12771.0,15,1,0,2921.19,30.6,15730.7,42,536382.14
2023-06-10,S03,Delhi,North,Grocery,458.61,0,0,0,3545.36,36.9,500.1,50,22930.5
2023-06-10,S03,Delhi,North,Home & Kitchen,2182.6,0,0,0,7149.84,,2102.72,26,56747.51
2023-06-10,S04,Bengaluru,South,Clothing,1807.79,0,0,0,4686.39,31.4,1950.24,54,97620.8
2023-06-10,S04,Bengaluru,South,Electronics,14723.1,0,0,0,6091.84,30.1,14396.11,36,530031.58
2023-06-10,S04,Bengaluru,South,Grocery,456.67,0,0,0,3485.89,29.5,409.38,46,21006.71
2023-06-10,S04,Bengaluru,South,Home & Kitchen,2212.07,0,0,0,4155.86,31.2,2405.94,40,88482.99
2023-06-11,S01,Mumbai,West,Clothing,1832.14,0,0,0,4343.31,30.7,1844.88,36,65956.99
2023-06-11,S01,Mumbai,West,Electronics,15051.81,0,0,0,6173.84,31.4,15105.88,35,526813.32
2023-06-11,S01,Mumbai,West,Grocery,464.64,0,0,0,4665.07,33.7,416.53,35,16262.36
2023-06-11,S01,Mumbai,West,Home & Kitchen,2301.03,0,0,0,4609.18,27.4,2174.8,41,94342.38
2023-06-11,S02,Pune,West,Clothing,1855.65,0,0,0,5199.86,31.0,1767.81,41,76081.5
2023-06-11,S02,Pune,West,Electronics,15592.16,0,0,0,4753.8,31.1,14023.26,22,343027.61
2023-06-11,S02,Pune,West,Grocery,463.68,0,0,0,3928.49,29.1,466.3,42,19474.46
2023-06-11,S02,Pune,West,Home & Kitchen,2325.04,0,0,0,4305.44,31.8,2126.02,27,62776.01
2023-06-11,S03,Delhi,North,Clothing,1779.32,0,0,0,,30.3,1648.46,34,60496.79
2023-06-11,S03,Delhi,North,Electronics,14902.46,0,0,0,3040.07,31.5,13697.72,21,312951.68
2023-06-11,S03,Delhi,North,Grocery,440.01,0,0,0,6924.06,33.6,494.73,50,22000.4
2023-06-11,S03,Delhi,North,Home & Kitchen,2122.98,0,0,0,2777.78,29.8,2228.71,36,76427.24
2023-06-11,S04,Bengaluru,South,Clothing,1810.54,0,0,0,4305.22,32.5,1574.39,26,47074.1
2023-06-11,S04,Bengaluru,South,Electronics,14892.67,0,0,0,3153.34,28.5,14538.58,24,357423.97
2023-06-11,S04,Bengaluru,South,Grocery,467.08,0,0,0,6067.7,29.6,472.08,62,28958.69
2023-06-11,S04,Bengaluru,South,Home & Kitchen,2236.51,0,0,0,4633.97,29.3,2145.96,30,67095.34
2023-06-12,S01,Mumbai,West,Clothing,1388.59,25,1,0,4693.53,29.5,1697.07,55,76372.36
2023-06-12,S01,Mumbai,West,Electronics,15424.99,0,0,0,3648.65,28.9,13682.64,29,447324.63
2023-06-12,S01,Mumbai,West,Grocery,448.04,0,0,0,2067.08,26.6,425.17,32,14337.44
2023-06-12,S01,Mumbai,West,Home & Kitchen,2269.22,0,0,0,6529.77,33.4,2413.35,30,68076.73
2023-06-12,S02,Pune,West,Clothing,1730.31,0,0,0,4483.07,31.4,1838.51,25,43257.83
2023-06-12,S02,Pune,West,Electronics,14969.04,0,0,0,6880.18,29.9,15508.1,24,359256.96
2023-06-12,S02,Pune,West,Grocery,353.63,20,1,0,4311.2,30.0,459.65,72,25461.72
2023-06-12,S02,Pune,West,Home & Kitchen,2143.08,0,0,0,7332.53,30.5,2191.4,28,60006.24
2023-06-12,S03,Delhi,North,Clothing,1812.17,0,0,0,7076.11,30.2,1685.8,25,45304.28
2023-06-12,S03,Delhi,North,Electronics,14756.37,0,0,0,6889.07,34.7,15344.38,24,354152.94
2023-06-12,S03,Delhi,North,Grocery,405.04,10,1,0,9609.86,33.3,478.11,69,27947.98
2023-06-12,S03,Delhi,North,Home & Kitchen,2140.68,0,0,0,7428.73,33.4,2096.83,23,49235.59
2023-06-12,S04,Bengaluru,South,Clothing,1508.21,15,1,0,4486.38,31.5,1819.35,51,76918.72
2023-06-12,S04,Bengaluru,South,Electronics,13061.51,10,1,0,2741.25,33.6,14882.29,31,404906.87
2023-06-12,S04,Bengaluru,South,Grocery,442.44,0,0,0,3939.75,32.3,430.66,48,21237.08
2023-06-12,S04,Bengaluru,South,Home & Kitchen,2182.78,0,0,0,4213.34,32.4,2236.58,28,61117.83
2023-06-13,S01,Mumbai,West,Clothing,1804.99,0,0,0,4178.35,32.8,1869.35,44,79419.76
2023-06-13,S01,Mumbai,West,Electronics,11296.1,25,1,0,6943.11,32.7,14820.17,56,632581.78
2023-06-13,S01,Mumbai,West,Grocery,483.47,0,0,0,4377.13,29.2,458.79,36,17404.86
2023-06-13,S01,Mumbai,West,Home & Kitchen,2269.68,0,0,0,6062.86,32.9,2314.69,26,59011.65
2023-06-13,S02,Pune,West,Clothing,1840.53,0,0,0,5748.22,30.9,1761.3,23,42332.16
2023-06-13,S02,Pune,West,Electronics,12199.53,20,1,0,8350.0,34.2,15530.44,40,487981.03
2023-06-13,S02,Pune,West,Grocery,470.7,0,0,0,6326.54,33.0,455.72,41,19298.8
2023-06-13,S02,Pune,West,Home & Kitchen,2263.34,0,0,0,6022.38,30.2,2352.66,26,58846.82
2023-06-13,S03,Delhi,North,Clothing,1793.26,0,0,0,5580.59,30.9,1736.11,31,55591.06
2023-06-13,S03,Delhi,North,Electronics,15141.47,0,0,0,5250.79,31.9,14801.1,25,378536.67
2023-06-13,S03,Delhi,North,Grocery,441.61,0,0,0,6982.32,29.7,418.46,42,18547.68
2023-06-13,S03,Delhi,North,Home & Kitchen,2210.22,0,0,0,6886.13,31.7,2137.44,31,68516.77
2023-06-13,S04,Bengaluru,South,Clothing,1800.15,0,0,0,3061.61,29.5,1671.79,32,57604.76
2023-06-13,S04,Bengaluru,South,Electronics,14008.19,0,0,0,5985.63,29.7,14649.75,16,224131.11
2023-06-13,S04,Bengaluru,South,Grocery,450.52,0,0,0,6207.94,34.4,438.46,44,19823.02
2023-06-13,S04,Bengaluru,South,Home & Kitchen,2253.61,0,0,0,5199.09,30.3,2064.41,29,65354.55
2023-06-14,S01,Mumbai,West,Clothing,1668.24,5,1,0,5653.45,35.2,1756.95,40,66729.65
2023-06-14,S01,Mumbai,West,Electronics,15552.78,0,0,0,6093.07,28.5,15965.13,34,528794.43
2023-06-14,S01,Mumbai,West,Grocery,434.16,0,0,0,4605.61,33.9,431.49,51,22142.0
2023-06-14,S01,Mumbai,West,Home & Kitchen,2111.43,0,0,0,2034.41,32.0,2233.88,29,61231.54
2023-06-14,S02,Pune,West,Clothing,1722.68,0,0,0,4795.48,31.9,1704.1,25,43066.95
2023-06-14,S02,Pune,West,Electronics,15393.04,0,0,0,4060.75,29.7,14652.74,21,323253.94
2023-06-14,S02,Pune,West,Grocery,431.42,0,0,0,6225.46,29.2,458.74,45,19413.82
2023-06-14,S02,Pune,West,Home & Kitchen,2290.98,0,0,0,5366.02,31.7,2186.13,18,41237.58
2023-06-14,S03,Delhi,North,Clothing,1765.95,0,0,0,5495.1,28.6,1935.89,35,61808.39
2023-06-14,S03,Delhi,North,Electronics,14154.45,0,0,0,4056.49,29.4,15453.98,16,226471.12
2023-06-14,S03,Delhi,North,Grocery,363.16,15,1,0,5698.72,29.0,453.72,67,24331.59
2023-06-14,S03,Delhi,North,Home & Kitchen,2200.55,0,0,0,3565.42,30.3,2134.95,30,66016.4
2023-06-14,S04,Bengaluru,South,Clothing,1811.13,0,0,0,2813.79,28.2,1769.72,25,45278.13
2023-06-14,S04,Bengaluru,South,Electronics,14893.63,0,0,0,5486.64,32.2,15431.75,27,402127.94
2023-06-14,S04,Bengaluru,South,Grocery,443.16,0,0,0,4550.77,31.0,441.05,42,18612.75
2023-06-14,S04,Bengaluru,South,Home & Kitchen,2086.9,0,0,0,2695.82,28.8,2089.26,21,43824.98
2023-06-15,S01,Mumbai,West,Clothing,1331.45,25,1,0,5836.26,31.3,1904.32,66,87875.66
2023-06-15,S01,Mumbai,West,Electronics,15003.6,0,0,0,4135.03,30.4,13567.68,21,315075.54
2023-06-15,S01,Mumbai,West,Grocery,471.46,0,0,0,3388.38,32.8,455.44,44,20744.38
2023-06-15,S01,Mumbai,West,Home & Kitchen,2122.11,0,0,0,3550.66,24.2,2370.68,40,84884.48
2023-06-15,S02,Pune,West,Clothing,1799.04,0,0,0,4790.39,31.1,1909.78,30,53971.07
2023-06-15,S02,Pune,West,Electronics,15968.85,0,0,0,2360.2,26.4,15346.97,11,175657.37
2023-06-15,S02,Pune,West,Grocery,481.92,0,0,0,4277.48,31.0,443.75,20,9638.41
2023-06-15,S02,Pune,West,Home & Kitchen,2213.87,0,0,0,5420.76,32.0,2108.27,24,53132.9
2023-06-15,S03,Delhi,North,Clothing,1392.57,20,1,0,8805.51,33.9,1700.83,45,62665.65
2023-06-15,S03,Delhi,North,Electronics,15721.4,0,0,0,4267.25,30.0,15874.64,29,455920.73
2023-06-15,S03,Delhi,North,Grocery,372.35,15,1,0,6702.3,31.2,,62,23085.75
2023-06-15,S03,Delhi,North,Home & Kitchen,2251.37,0,0,0,4537.66,29.1,2205.08,32,72043.73
2023-06-15,S04,Bengaluru,South,Clothing,1843.03,0,0,0,7400.95,30.6,1755.31,37,68192.0
2023-06-15,S04,Bengaluru,South,Electronics,14987.27,5,1,0,4862.24,30.2,14887.25,23,344707.22
2023-06-15,S04,Bengaluru,South,Grocery,444.15,0,0,0,4855.33,33.4,458.42,38,16877.87
2023-06-15,S04,Bengaluru,South,Home & Kitchen,2250.83,0,0,0,2401.86,31.2,2152.56,31,69775.66
2023-06-16,S01,Mumbai,West,Clothing,1375.8,25,1,0,4504.74,33.4,1764.65,59,81172.0
2023-06-16,S01,Mumbai,West,Electronics,14948.1,0,0,0,5839.31,29.8,14040.38,27,403598.68
2023-06-16,S01,Mumbai,West,Grocery,375.03,20,1,0,7346.12,32.0,427.98,61,22876.62
2023-06-16,S01,Mumbai,West,Home & Kitchen,1992.93,10,1,0,3801.68,30.4,2109.26,29,57795.1
2023-06-16,S02,Pune,West,Clothing,1897.44,0,0,0,4735.13,31.9,1848.07,31,58820.55
2023-06-16,S02,Pune,West,Electronics,14479.93,0,0,0,3932.75,27.2,15500.7,26,376478.12
2023-06-16,S02,Pune,West,Grocery,371.31,15,1,0,5651.04,31.9,424.85,60,22278.55
2023-06-16,S02,Pune,West,Home & Kitchen,2141.85,0,0,0,4302.52,31.3,2331.82,21,44978.91
2023-06-16,S03,Delhi,North,Clothing,1819.22,0,0,0,5897.5,30.4,1830.03,32,58215.1
2023-06-16,S03,Delhi,North,Electronics,11456.53,25,1,0,9087.54,32.7,14977.55,39,446804.63
2023-06-16,S03,Delhi,North,Grocery,456.05,0,0,0,6604.9,30.5,458.75,42,19154.13
2023-06-16,S03,Delhi,North,Home & Kitchen,2185.71,0,0,0,3138.4,30.2,2266.05,23,50271.38
2023-06-16,S04,Bengaluru,South,Clothing,1839.25,0,0,0,5455.59,28.7,1858.92,33,60695.11
2023-06-16,S04,Bengaluru,South,Electronics,14744.09,0,0,0,3266.43,32.2,15338.49,26,383346.47
2023-06-16,S04,Bengaluru,South,Grocery,378.25,20,1,0,3878.41,29.6,447.06,62,23451.32
2023-06-16,S04,Bengaluru,South,Home & Kitchen,2281.3,0,0,0,3868.08,30.8,2383.05,26,59313.9
2023-06-17,S01,Mumbai,West,Clothing,1744.85,0,0,0,1965.37,33.0,1856.87,37,64559.54
2023-06-17,S01,Mumbai,West,Electronics,15478.94,0,0,0,5849.28,31.3,14225.98,29,448889.27
2023-06-17,S01,Mumbai,West,Grocery,444.44,0,0,0,4671.85,33.4,410.76,49,21777.67
2023-06-17,S01,Mumbai,West,Home & Kitchen,2250.87,0,0,0,2326.93,28.4,2473.95,29,65275.19
2023-06-17,S02,Pune,West,Clothing,1927.53,0,0,0,3768.41,29.7,1632.45,29,55898.31
2023-06-17,S02,Pune,West,Electronics,14699.07,0,0,0,3654.56,27.7,15104.94,29,426273.16
2023-06-17,S02,Pune,West,Grocery,461.98,0,0,0,1190.4,28.9,414.98,35,16169.41
2023-06-17,S02,Pune,West,Home & Kitchen,2241.57,0,0,0,4205.99,31.2,2168.17,25,56039.13
2023-06-17,S03,Delhi,North,Clothing,1734.86,0,0,0,4013.16,31.4,1614.35,41,71129.08
2023-06-17,S03,Delhi,North,Electronics,14171.37,0,0,0,4014.78,33.0,15850.3,40,566854.91
2023-06-17,S03,Delhi,North,Grocery,457.45,0,0,0,5141.14,29.9,441.68,47,21500.13
2023-06-17,S03,Delhi,North,Home & Kitchen,2237.45,0,0,0,4259.64,29.6,2165.05,36,80548.24
2023-06-17,S04,Bengaluru,South,Clothing,1869.12,0,0,0,6426.72,30.7,1792.09,41,76633.76
2023-06-17,S04,Bengaluru,South,Electronics,14299.49,0,0,0,5507.61,31.5,14709.16,35,500482.17
2023-06-17,S04,Bengaluru,South,Grocery,424.55,0,0,0,5601.4,30.7,464.99,53,22500.99
2023-06-17,S04,Bengaluru,South,Home & Kitchen,2150.43,0,0,0,3699.02,30.9,2225.55,23,49460.0
2023-06-18,S01,Mumbai,West,Clothing,1790.38,0,0,0,4158.61,29.7,1816.16,55,98471.14
2023-06-18,S01,Mumbai,West,Electronics,14559.7,0,0,0,4175.67,29.6,14952.51,34,495029.85
2023-06-18,S01,Mumbai,West,Grocery,444.67,0,0,0,4046.31,27.1,482.05,61,27124.67
2023-06-18,S01,Mumbai,West,Home & Kitchen,2165.74,0,0,0,6318.97,33.2,2149.34,44,95292.43
2023-06-18,S02,Pune,West,Clothing,1712.59,0,0,0,3615.88,28.0,1738.47,27,46239.91
2023-06-18,S02,Pune,West,Electronics,14772.09,0,0,0,6247.62,32.1,14473.99,23,339758.0
2023-06-18,S02,Pune,West,Grocery,469.5,0,0,0,4313.86,27.4,463.4,49,23005.37
2023-06-18,S02,Pune,West,Home & Kitchen,1718.89,25,1,0,6471.95,29.7,2175.69,45,77350.18
2023-06-18,S03,Delhi,North,Clothing,1896.92,0,0,0,4077.59,32.6,1802.23,32,60701.44
2023-06-18,S03,Delhi,North,Electronics,15270.04,0,0,0,5710.05,30.9,16162.39,33,503911.25
2023-06-18,S03,Delhi,North,Grocery,460.38,0,0,0,7916.91,30.7,457.91,42,19335.79
2023-06-18,S03,Delhi,North,Home & Kitchen,2098.94,0,0,0,2654.25,30.9,2176.62,50,104946.79
2023-06-18,S04,Bengaluru,South,Clothing,1760.09,0,0,0,3519.68,30.9,1737.92,39,68643.35
2023-06-18,S04,Bengaluru,South,Electronics,14491.42,5,1,0,5157.42,31.2,15480.09,32,463725.46
2023-06-18,S04,Bengaluru,South,Grocery,453.75,0,0,0,4585.19,30.6,461.6,59,26771.45
2023-06-18,S04,Bengaluru,South,Home & Kitchen,2148.79,0,0,0,5435.27,28.8,2319.65,49,105290.94
2023-06-19,S01,Mumbai,West,Clothing,1779.16,0,0,0,5539.74,31.0,1866.95,46,81841.46
2023-06-19,S01,Mumbai,West,Electronics,16266.5,0,0,0,3315.85,30.4,14725.71,30,487995.04
2023-06-19,S01,Mumbai,West,Grocery,437.56,0,0,0,4512.0,32.5,458.96,52,22753.25
2023-06-19,S01,Mumbai,West,Home & Kitchen,2153.96,0,0,0,8103.16,33.0,2420.42,36,77542.54
2023-06-19,S02,Pune,West,Clothing,1761.95,0,0,0,4211.45,30.8,1868.19,28,49334.74
2023-06-19,S02,Pune,West,Electronics,14603.77,5,1,0,7656.9,35.4,15721.02,25,365094.16
2023-06-19,S02,Pune,West,Grocery,456.2,0,0,0,6865.93,32.7,452.43,35,15967.01
2023-06-19,S02,Pune,West,Home & Kitchen,2222.6,0,0,0,3201.9,29.8,1982.16,27,60010.31
2023-06-19,S03,Delhi,North,Clothing,1869.51,0,0,0,5833.36,29.4,1956.17,43,80388.77
2023-06-19,S03,Delhi,North,Electronics,15199.47,0,0,0,,27.9,16009.76,22,334388.35
2023-06-19,S03,Delhi,North,Grocery,434.03,5,1,0,8247.08,30.5,460.07,58,25173.59
2023-06-19,S03,Delhi,North,Home & Kitchen,1816.74,15,1,0,2795.78,31.0,2211.91,35,63585.73
2023-06-19,S04,Bengaluru,South,Clothing,1809.74,0,0,0,4332.96,32.4,1852.26,27,48863.03
2023-06-19,S04,Bengaluru,South,Electronics,14784.58,0,0,0,6186.5,31.8,15662.91,26,384399.12
2023-06-19,S04,Bengaluru,South,Grocery,421.87,0,0,0,3384.69,32.2,431.65,42,17718.69
2023-06-19,S04,Bengaluru,South,Home & Kitchen,2306.8,0,0,0,4137.66,33.3,2423.1,36,83044.75
2023-06-20,S01,Mumbai,West,Clothing,1794.42,0,0,0,5204.39,28.4,1809.9,49,87926.5
2023-06-20,S01,Mumbai,West,Electronics,15168.87,0,0,0,3223.81,30.5,16049.35,29,439897.11
2023-06-20,S01,Mumbai,West,Grocery,437.72,0,0,0,5532.66,33.1,442.49,48,21010.44
2023-06-20,S01,Mumbai,West,Home & Kitchen,2291.99,0,0,0,4613.49,31.7,2419.93,37,84803.76
2023-06-20,S02,Pune,West,Clothing,1771.78,0,0,0,5048.11,28.9,1659.26,30,53153.29
2023-06-20,S02,Pune,West,Electronics,14886.64,0,0,0,3453.39,26.8,15628.22,31,461485.75
2023-06-20,S02,Pune,West,Grocery,358.97,15,1,0,5078.72,36.7,460.25,61,21897.31
2023-06-20,S02,Pune,West,Home & Kitchen,2150.73,0,0,0,4097.46,30.6,2185.99,29,62371.29
2023-06-20,S03,Delhi,North,Clothing,1628.44,5,1,0,6903.83,31.5,1845.02,38,61880.78
2023-06-20,S03,Delhi,North,Electronics,15659.38,0,0,0,7167.46,29.0,14495.86,39,610715.99
2023-06-20,S03,Delhi,North,Grocery,447.0,0,0,0,9178.23,29.6,416.76,42,18774.13
2023-06-20,S03,Delhi,North,Home & Kitchen,2217.4,0,0,0,3119.15,29.8,2117.66,23,51000.13
2023-06-20,S04,Bengaluru,South,Clothing,1791.47,0,0,0,3403.83,32.2,1711.09,29,51952.5
2023-06-20,S04,Bengaluru,South,Electronics,15196.82,0,0,0,4136.08,30.4,13515.13,25,379920.43
2023-06-20,S04,Bengaluru,South,Grocery,393.46,15,1,0,5587.68,29.7,431.77,47,18492.73
2023-06-20,S04,Bengaluru,South,Home & Kitchen,2225.47,0,0,0,5787.1,29.7,2304.68,25,55636.87
2023-06-21,S01,Mumbai,West,Clothing,1745.5,0,0,0,6799.33,30.5,1650.29,48,83783.94
2023-06-21,S01,Mumbai,West,Electronics,15171.37,0,0,0,5129.76,29.5,15715.76,21,318598.84
2023-06-21,S01,Mumbai,West,Grocery,449.99,0,0,0,5109.83,29.6,438.27,42,18899.66
2023-06-21,S01,Mumbai,West,Home & Kitchen,2020.74,10,1,0,7537.48,28.5,2007.14,29,58601.49
2023-06-21,S02,Pune,West,Clothing,1921.77,0,0,0,2193.09,29.5,1732.24,34,65340.28
2023-06-21,S02,Pune,West,Electronics,15140.51,0,0,0,3868.24,29.4,15425.76,20,302810.21
2023-06-21,S02,Pune,West,Grocery,437.2,0,0,0,3361.23,31.8,431.35,36,15739.3
2023-06-21,S02,Pune,West,Home & Kitchen,2220.2,0,0,0,3594.12,29.0,2275.13,34,75486.82
2023-06-21,S03,Delhi,North,Clothing,1833.89,0,0,0,6631.93,30.9,1613.42,24,44013.25
2023-06-21,S03,Delhi,North,Electronics,13409.45,15,1,0,4468.09,31.3,13522.92,35,469330.61
2023-06-21,S03,Delhi,North,Grocery,425.25,0,0,0,5291.35,32.2,437.25,39,16584.87
2023-06-21,S03,Delhi,North,Home & Kitchen,2201.08,0,0,0,6555.26,,2135.4,34,74836.67
2023-06-21,S04,Bengaluru,South,Clothing,1846.05,0,0,0,4180.15,32.9,1734.91,31,57227.6
2023-06-21,S04,Bengaluru,South,Electronics,15297.37,0,0,0,4362.21,27.5,15283.61,23,351839.47
2023-06-21,S04,Bengaluru,South,Grocery,444.85,0,0,0,3705.96,32.5,443.9,35,15569.76
2023-06-21,S04,Bengaluru,South,Home & Kitchen,2099.47,0,0,0,4030.05,33.8,2299.92,27,56685.62
2023-06-22,S01,Mumbai,West,Clothing,1275.0,25,1,0,9519.88,29.7,1890.79,80,101999.7
2023-06-22,S01,Mumbai,West,Electronics,15236.29,0,0,0,5490.51,31.9,15371.45,27,411379.92
2023-06-22,S01,Mumbai,West,Grocery,450.28,0,0,0,3948.54,36.2,482.96,47,21163.13
2023-06-22,S01,Mumbai,West,Home & Kitchen,2269.83,0,0,0,7226.94,33.9,2361.38,30,68094.81
2023-06-22,S02,Pune,West,Clothing,1796.31,0,0,0,6417.12,33.3,2039.54,42,75445.04
2023-06-22,S02,Pune,West,Electronics,15054.83,0,0,0,2781.48,31.1,14374.7,19,286041.76
2023-06-22,S02,Pune,West,Grocery,454.82,0,0,0,7064.34,32.2,452.31,32,14554.14
2023-06-22,S02,Pune,West,Home & Kitchen,2108.61,0,0,0,5857.73,28.8,2152.61,23,48498.14
2023-06-22,S03,Delhi,North,Clothing,1861.47,0,0,0,5552.93,32.9,1803.92,32,59567.01
2023-06-22,S03,Delhi,North,Electronics,12681.31,20,1,0,3481.0,32.1,14906.37,37,469208.55
2023-06-22,S03,Delhi,North,Grocery,434.55,0,0,0,1377.76,29.4,,47,20424.06
2023-06-22,S03,Delhi,North,Home & Kitchen,2248.69,0,0,0,2209.8,32.2,2148.59,27,60714.57
2023-06-22,S04,Bengaluru,South,Clothing,1715.37,0,0,0,6525.95,30.9,1770.05,32,54891.92
2023-06-22,S04,Bengaluru,South,Electronics,14772.06,0,0,0,6663.34,31.5,14479.03,19,280669.13
2023-06-22,S04,Bengaluru,South,Grocery,426.74,0,0,0,2636.11,31.7,466.1,32,13655.83
2023-06-22,S04,Bengaluru,South,Home & Kitchen,2185.53,0,0,0,8285.83,27.5,2214.61,33,72122.55
2023-06-23,S01,Mumbai,West,Clothing,1828.12,0,0,0,6139.0,30.1,1792.11,59,107859.09
2023-06-23,S01,Mumbai,West,Electronics,15844.71,0,0,0,3811.21,31.4,15109.22,30,475341.34
2023-06-23,S01,Mumbai,West,Grocery,428.37,0,0,0,5188.48,31.3,463.31,53,22703.51
2023-06-23,S01,Mumbai,West,Home & Kitchen,2170.86,0,0,0,5312.5,30.4,2168.77,30,65125.93
2023-06-23,S02,Pune,West,Clothing,1858.03,0,0,0,5027.66,34.0,1770.2,28,52024.89
2023-06-23,S02,Pune,West,Electronics,15000.78,0,0,0,5201.57,34.0,14001.73,18,270014.07
2023-06-23,S02,Pune,West,Grocery,366.86,20,1,0,3993.94,29.2,451.77,50,18343.24
2023-06-23,S02,Pune,West,Home & Kitchen,2028.95,5,1,0,7056.65,30.7,2059.05,31,62897.49
2023-06-23,S03,Delhi,North,Clothing,1591.52,10,1,0,7223.76,30.9,1758.24,48,76392.74
2023-06-23,S03,Delhi,North,Electronics,14874.99,0,0,0,3344.49,32.9,15133.79,26,386749.86
2023-06-23,S03,Delhi,North,Grocery,348.69,25,1,0,6129.33,30.8,469.67,72,25105.36
2023-06-23,S03,Delhi,North,Home & Kitchen,2277.59,0,0,0,7059.15,32.3,2231.68,36,81993.3
2023-06-23,S04,Bengaluru,South,Clothing,1858.98,0,0,0,4280.19,30.1,1786.33,35,65064.35
2023-06-23,S04,Bengaluru,South,Electronics,15186.66,0,0,0,3458.48,33.2,14670.91,26,394853.03
2023-06-23,S04,Bengaluru,South,Grocery,358.44,20,1,0,7357.83,31.3,462.06,78,27958.51
2023-06-23,S04,Bengaluru,South,Home & Kitchen,2086.36,0,0,0,4588.7,32.7,2359.36,38,79281.7
2023-06-24,S01,Mumbai,West,Clothing,1852.06,0,0,0,7073.78,29.4,,65,120384.1
2023-06-24,S01,Mumbai,West,Electronics,14588.8,5,1,0,6047.85,30.8,15294.92,41,598140.67
2023-06-24,S01,Mumbai,West,Grocery,480.96,0,0,0,4923.99,26.5,475.8,56,26933.89
2023-06-24,S01,Mumbai,West,Home & Kitchen,2165.68,0,0,0,4962.03,34.5,2137.52,29,62804.68
2023-06-24,S02,Pune,West,Clothing,1816.18,0,0,0,3402.37,33.2,1897.44,47,85360.66
2023-06-24,S02,Pune,West,Electronics,15048.33,0,0,0,4932.63,29.4,15057.39,26,391256.54
2023-06-24,S02,Pune,West,Grocery,447.59,0,0,0,7319.09,33.9,478.78,58,25960.01
2023-06-24,S02,Pune,West,Home & Kitchen,2182.93,0,0,0,6901.73,32.9,2147.15,29,63304.96
2023-06-24,S03,Delhi,North,Clothing,1818.96,0,0,0,5522.17,25.2,1910.37,43,78215.28
2023-06-24,S03,Delhi,North,Electronics,15243.37,0,0,0,6096.55,26.9,13534.95,30,457301.01
2023-06-24,S03,Delhi,North,Grocery,438.63,0,0,0,4430.53,28.5,455.48,60,26317.87
2023-06-24,S03,Delhi,North,Home & Kitchen,2280.61,0,0,0,6371.82,29.3,2376.97,52,118591.56
2023-06-24,S04,Bengaluru,South,Clothing,1817.06,0,0,0,4777.64,31.8,1820.32,31,56328.85
2023-06-24,S04,Bengaluru,South,Electronics,14984.05,0,0,0,2816.59,30.8,15234.75,28,419553.27
2023-06-24,S04,Bengaluru,South,Grocery,433.74,0,0,0,3277.79,29.8,464.28,52,22554.53
2023-06-24,S04,Bengaluru,South,Home & Kitchen,2185.18,0,0,0,5578.81,31.9,2240.1,43,93962.92
2023-06-25,S01,Mumbai,West,Clothing,1703.22,0,0,0,6150.16,30.4,1862.12,59,100490.13
2023-06-25,S01,Mumbai,West,Electronics,11422.18,20,1,0,7026.97,30.1,14353.51,65,742441.69
2023-06-25,S01,Mumbai,West,Grocery,401.85,10,1,0,3948.96,31.7,436.87,69,27727.43
2023-06-25,S01,Mumbai,West,Home & Kitchen,2262.63,0,0,0,4631.47,31.5,2257.71,44,99555.58
2023-06-25,S02,Pune,West,Clothing,1735.24,0,0,0,7424.89,32.8,1935.04,44,76350.67
2023-06-25,S02,Pune,West,Electronics,13143.94,15,1,0,7420.42,32.1,15697.18,52,683484.73
2023-06-25,S02,Pune,West,Grocery,451.0,0,0,0,9331.87,30.2,469.16,50,22550.18
2023-06-25,S02,Pune,West,Home & Kitchen,2204.06,0,0,0,4498.02,26.8,2132.33,27,59509.64
2023-06-25,S03,Delhi,North,Clothing,1793.24,0,0,0,6446.37,29.1,1790.98,41,73522.85
2023-06-25,S03,Delhi,North,Electronics,14783.83,0,0,0,7987.86,32.7,15045.81,43,635704.62
2023-06-25,S03,Delhi,North,Grocery,448.99,0,0,0,5259.11,31.1,440.82,46,20653.74
2023-06-25,S03,Delhi,North,Home & Kitchen,2304.68,0,0,0,6976.11,30.8,2062.97,26,59921.55
2023-06-25,S04,Bengaluru,South,Clothing,1398.58,25,1,0,4713.57,,1821.41,64,89509.01
2023-06-25,S04,Bengaluru,South,Electronics,14114.46,0,0,0,3597.78,30.3,15091.84,43,606921.74
2023-06-25,S04,Bengaluru,South,Grocery,463.45,0,0,0,5680.92,27.7,444.19,45,20855.36
2023-06-25,S04,Bengaluru,South,Home & Kitchen,2198.11,0,0,0,4021.29,30.3,2325.27,39,85726.33
2023-06-26,S01,Mumbai,West,Clothing,1728.93,5,1,0,9077.82,32.0,1730.4,45,77801.67
2023-06-26,S01,Mumbai,West,Electronics,15631.56,0,0,0,5927.29,32.5,15642.91,21,328262.8
2023-06-26,S01,Mumbai,West,Grocery,360.71,20,1,0,5480.69,29.5,451.14,70,25249.6
2023-06-26,S01,Mumbai,West,Home & Kitchen,2182.66,0,0,0,5806.34,31.9,2089.13,29,63297.14
2023-06-26,S02,Pune,West,Clothing,1699.57,0,0,0,5062.69,31.0,1718.24,36,61184.54
2023-06-26,S02,Pune,West,Electronics,14563.24,0,0,0,5745.7,30.4,15780.28,16,233011.78
2023-06-26,S02,Pune,West,Grocery,344.14,20,1,0,5803.12,33.3,433.35,59,20304.02
2023-06-26,S02,Pune,West,Home & Kitchen,1696.53,20,1,0,4546.02,30.1,2172.1,34,57682.11
2023-06-26,S03,Delhi,North,Clothing,1836.82,0,0,0,6118.77,27.9,1670.39,31,56941.41
2023-06-26,S03,Delhi,North,Electronics,15440.29,0,0,0,6148.69,33.8,13070.45,17,262484.98
2023-06-26,S03,Delhi,North,Grocery,450.85,0,0,0,7674.57,31.3,445.68,44,19837.27
2023-06-26,S03,Delhi,North,Home & Kitchen,2320.18,0,0,0,5517.08,29.2,2226.31,27,62644.77
2023-06-26,S04,Bengaluru,South,Clothing,1802.5,0,0,0,6091.99,31.7,1748.38,25,45062.45
2023-06-26,S04,Bengaluru,South,Electronics,14763.94,0,0,0,5362.8,31.5,14824.78,26,383862.39
2023-06-26,S04,Bengaluru,South,Grocery,394.48,15,1,0,10114.43,30.1,472.58,58,22879.77
2023-06-26,S04,Bengaluru,South,Home & Kitchen,2016.41,10,1,0,5214.96,27.6,2164.67,25,50410.22
2023-06-27,S01,Mumbai,West,Clothing,1393.87,25,1,0,9331.54,30.7,1717.67,73,101752.43
2023-06-27,S01,Mumbai,West,Electronics,14846.6,0,0,0,7327.82,30.5,14165.97,27,400858.11
2023-06-27,S01,Mumbai,West,Grocery,375.31,15,1,0,7042.81,33.3,459.05,77,28899.17
2023-06-27,S01,Mumbai,West,Home & Kitchen,2159.68,0,0,0,6312.04,30.0,2255.22,34,73429.24
2023-06-27,S02,Pune,West,Clothing,1766.89,0,0,0,2997.28,33.0,1823.97,23,40638.54
2023-06-27,S02,Pune,West,Electronics,14933.19,0,0,0,5915.3,36.1,15438.29,27,403196.26
2023-06-27,S02,Pune,West,Grocery,473.95,0,0,0,6865.67,32.1,461.35,41,19432.1
2023-06-27,S02,Pune,West,Home & Kitchen,2216.48,0,0,0,2796.06,31.5,,23,50979.1
2023-06-27,S03,Delhi,North,Clothing,1775.9,0,0,0,4612.48,34.8,1787.73,33,58604.57
2023-06-27,S03,Delhi,North,Electronics,14027.35,0,0,0,4010.76,26.1,16159.35,23,322629.02
2023-06-27,S03,Delhi,North,Grocery,431.3,0,0,0,4187.23,29.0,433.03,44,18977.19
2023-06-27,S03,Delhi,North,Home & Kitchen,2176.49,0,0,0,7473.72,36.1,2174.75,31,67471.16
2023-06-27,S04,Bengaluru,South,Clothing,1521.65,15,1,0,4902.81,34.7,1825.69,53,80647.44
2023-06-27,S04,Bengaluru,South,Electronics,14626.61,0,0,0,,32.9,15495.94,33,482678.13
2023-06-27,S04,Bengaluru,South,Grocery,434.62,0,0,0,3590.57,32.5,457.83,51,22165.73
2023-06-27,S04,Bengaluru,South,Home & Kitchen,2201.92,0,0,0,5621.05,31.0,2276.45,34,74865.32
2023-06-28,S01,Mumbai,West,Clothing,1832.18,0,0,0,6426.75,27.2,1858.98,39,71454.99
2023-06-28,S01,Mumbai,West,Electronics,15048.22,0,0,0,6915.47,30.3,15626.53,35,526687.69
2023-06-28,S01,Mumbai,West,Grocery,446.4,0,0,0,5858.21,32.0,437.62,57,25444.54
2023-06-28,S01,Mumbai,West,Home & Kitchen,2139.73,0,0,0,5692.71,33.7,2096.51,23,49213.77
2023-06-28,S02,Pune,West,Clothing,1925.11,0,0,0,7357.58,31.6,1985.29,30,57753.33
2023-06-28,S02,Pune,West,Electronics,14453.13,0,0,0,2687.0,31.2,14662.16,21,303515.63
2023-06-28,S02,Pune,West,Grocery,444.9,0,0,0,2496.6,32.2,433.19,39,17351.02
2023-06-28,S02,Pune,West,Home & Kitchen,2234.43,0,0,0,5406.43,33.1,2383.1,28,62564.02
2023-06-28,S03,Delhi,North,Clothing,1391.07,25,1,0,5660.93,33.8,1737.34,50,69553.27
2023-06-28,S03,Delhi,North,Electronics,14426.07,0,0,0,6781.74,30.9,15358.07,20,288521.38
2023-06-28,S03,Delhi,North,Grocery,454.48,0,0,0,3752.62,31.1,447.66,47,21360.79
2023-06-28,S03,Delhi,North,Home & Kitchen,2351.77,0,0,0,2848.56,29.0,2181.32,33,77608.53
2023-06-28,S04,Bengaluru,South,Clothing,1764.27,0,0,0,6840.47,32.3,1811.37,42,74099.55
2023-06-28,S04,Bengaluru,South,Electronics,14321.33,0,0,0,5228.34,30.4,,31,443961.23
2023-06-28,S04,Bengaluru,South,Grocery,457.41,0,0,0,5699.29,27.4,436.7,43,19668.73
2023-06-28,S04,Bengaluru,South,Home & Kitchen,2305.37,0,0,0,4993.28,27.2,2247.16,35,80687.92
2023-06-29,S01,Mumbai,West,Clothing,1688.62,5,1,0,7271.48,29.4,1772.71,48,81053.99
2023-06-29,S01,Mumbai,West,Electronics,14424.34,0,0,0,3498.06,31.1,15889.61,20,288486.71
2023-06-29,S01,Mumbai,West,Grocery,445.17,0,0,0,4655.05,29.7,447.85,57,25374.61
2023-06-29,S01,Mumbai,West,Home & Kitchen,2166.25,0,0,0,5641.19,32.1,2219.48,34,73652.65
2023-06-29,S02,Pune,West,Clothing,1813.91,0,0,0,7032.3,34.8,1841.36,28,50789.51
2023-06-29,S02,Pune,West,Electronics,15101.95,0,0,0,4060.51,31.6,14396.84,15,226529.26
2023-06-29,S02,Pune,West,Grocery,460.65,0,0,0,2430.59,32.1,391.21,31,14280.1
2023-06-29,S02,Pune,West,Home & Kitchen,1748.66,20,1,0,8514.23,34.5,2233.26,41,71695.16
2023-06-29,S03,Delhi,North,Clothing,1792.26,0,0,0,5485.86,26.6,1605.58,39,69898.0
2023-06-29,S03,Delhi,North,Electronics,14804.76,0,0,0,4296.36,32.4,14386.53,19,281290.39
2023-06-29,S03,Delhi,North,Grocery,470.63,0,0,0,4029.74,30.7,469.13,47,22119.38
2023-06-29,S03,Delhi,North,Home & Kitchen,2390.7,0,0,0,7052.51,31.4,2146.32,28,66939.49
2023-06-29,S04,Bengaluru,South,Clothing,1777.99,0,0,0,4415.14,33.3,1804.55,36,64007.55
2023-06-29,S04,Bengaluru,South,Electronics,14618.72,0,0,0,3692.29,27.9,14431.24,29,423942.8
2023-06-29,S04,Bengaluru,South,Grocery,397.2,10,1,0,5268.64,27.8,444.07,50,19860.07
2023-06-29,S04,Bengaluru,South,Home & Kitchen,2207.52,0,0,0,6087.16,30.0,2164.67,34,75055.77
2023-06-30,S01,Mumbai,West,Clothing,1749.05,0,0,0,4692.15,27.9,1884.28,42,73460.15
2023-06-30,S01,Mumbai,West,Electronics,15236.79,0,0,0,7525.38,34.3,15158.15,34,518050.89
2023-06-30,S01,Mumbai,West,Grocery,449.96,0,0,0,6015.16,33.9,,55,24747.82
2023-06-30,S01,Mumbai,West,Home & Kitchen,2257.76,0,0,0,4923.2,33.8,2346.89,38,85794.71
2023-06-30,S02,Pune,West,Clothing,1856.94,0,0,0,3636.83,29.1,2012.9,28,51994.21
2023-06-30,S02,Pune,West,Electronics,12675.21,15,1,0,7708.02,31.1,14987.35,31,392931.52
2023-06-30,S02,Pune,West,Grocery,468.95,0,0,0,3804.91,32.1,488.83,43,20164.77
2023-06-30,S02,Pune,West,Home & Kitchen,2057.56,0,0,0,4888.08,30.4,2008.58,21,43208.74
2023-06-30,S03,Delhi,North,Clothing,1782.88,0,0,0,5168.11,28.9,1784.32,35,62400.72
2023-06-30,S03,Delhi,North,Electronics,14972.9,0,0,0,3752.44,28.1,15095.02,29,434214.23
2023-06-30,S03,Delhi,North,Grocery,449.75,0,0,0,8231.21,30.0,504.63,57,25635.57
2023-06-30,S03,Delhi,North,Home & Kitchen,2114.04,0,0,0,9562.16,31.8,2325.54,36,76105.48
2023-06-30,S04,Bengaluru,South,Clothing,1352.3,20,1,0,10361.57,28.8,1665.49,49,66262.84
2023-06-30,S04,Bengaluru,South,Electronics,15302.04,0,0,0,3756.58,31.2,15824.02,21,321342.9
2023-06-30,S04,Bengaluru,South,Grocery,446.15,0,0,0,5373.71,30.4,468.28,50,22307.72
2023-06-30,S04,Bengaluru,South,Home & Kitchen,2074.13,0,0,0,6520.74,32.5,2045.26,36,74668.63
2023-07-01,S01,Mumbai,West,Clothing,1804.37,0,0,0,4937.99,32.5,1783.96,48,86609.9
2023-07-01,S01,Mumbai,West,Electronics,14706.88,0,0,0,4203.54,29.3,14867.84,38,558861.5
2023-07-01,S01,Mumbai,West,Grocery,449.8,0,0,0,3530.07,33.9,458.98,44,19791.33
2023-07-01,S01,Mumbai,West,Home & Kitchen,2100.36,0,0,0,2610.57,32.4,2242.52,25,52509.05
2023-07-01,S02,Pune,West,Clothing,1723.41,0,0,0,4515.53,33.3,1742.68,41,70660.01
2023-07-01,S02,Pune,West,Electronics,15481.16,0,0,0,4192.14,31.2,14994.46,26,402510.14
2023-07-01,S02,Pune,West,Grocery,412.69,5,1,0,7480.36,32.6,441.56,64,26411.94
2023-07-01,S02,Pune,West,Home & Kitchen,2206.89,0,0,0,5039.95,35.9,,26,57379.25
2023-07-01,S03,Delhi,North,Clothing,1835.02,0,0,0,,29.2,1800.4,42,77070.73
2023-07-01,S03,Delhi,North,Electronics,15073.56,0,0,0,4502.85,31.0,15187.64,43,648163.24
2023-07-01,S03,Delhi,North,Grocery,446.36,0,0,0,4308.86,31.1,422.9,47,20979.14
2023-07-01,S03,Delhi,North,Home & Kitchen,2053.09,5,1,0,5525.68,30.7,1933.16,26,53380.24
2023-07-01,S04,Bengaluru,South,Clothing,1791.13,0,0,0,6796.88,30.1,1844.05,52,93138.58
2023-07-01,S04,Bengaluru,South,Electronics,12005.05,20,1,0,6738.78,32.7,15798.38,32,384161.55
2023-07-01,S04,Bengaluru,South,Grocery,476.96,0,0,0,2342.77,30.3,483.83,42,20032.44
2023-07-01,S04,Bengaluru,South,Home & Kitchen,1680.45,25,1,0,9703.42,31.6,2235.6,67,112590.42
2023-07-02,S01,Mumbai,West,Clothing,1632.04,10,1,0,5391.89,33.0,1892.11,63,102818.67
2023-07-02,S01,Mumbai,West,Electronics,15045.08,0,0,0,6567.31,33.5,15300.23,40,601803.05
2023-07-02,S01,Mumbai,West,Grocery,460.87,0,0,0,3576.52,30.3,420.27,50,23043.28
2023-07-02,S01,Mumbai,West,Home & Kitchen,2241.52,0,0,0,6346.57,31.9,2160.42,44,98626.77
2023-07-02,S02,Pune,West,Clothing,1425.95,20,1,0,5176.34,29.5,1961.74,56,79853.22
2023-07-02,S02,Pune,West,Electronics,14247.94,5,1,0,3070.38,33.9,15830.47,32,455934.02
2023-07-02,S02,Pune,West,Grocery,451.73,0,0,0,5002.62,33.9,473.39,45,20327.77
2023-07-02,S02,Pune,West,Home & Kitchen,2319.78,0,0,0,4990.68,32.9,2195.61,34,78872.55
2023-07-02,S03,Delhi,North,Clothing,1848.64,0,0,0,5317.88,32.4,1834.32,41,75794.18
2023-07-02,S03,Delhi,North,Electronics,15573.46,0,0,0,4128.32,33.1,15362.19,34,529497.61
2023-07-02,S03,Delhi,North,Grocery,434.36,0,0,0,5389.17,32.9,478.5,68,29536.6
2023-07-02,S03,Delhi,North,Home & Kitchen,2223.77,0,0,0,,30.3,2075.08,33,73384.49
2023-07-02,S04,Bengaluru,South,Clothing,1771.35,0,0,0,4921.43,30.5,1855.5,45,79710.69
2023-07-02,S04,Bengaluru,South,Electronics,14164.92,0,0,0,2400.2,32.3,15009.98,28,396617.68
2023-07-02,S04,Bengaluru,South,Grocery,445.0,0,0,0,5613.25,38.5,411.09,56,24919.77
2023-07-02,S04,Bengaluru,South,Home & Kitchen,1876.04,15,1,0,7289.79,31.6,2249.96,42,78793.48
2023-07-03,S01,Mumbai,West,Clothing,1444.14,20,1,0,7118.25,32.5,1838.1,59,85204.19
2023-07-03,S01,Mumbai,West,Electronics,14872.16,0,0,0,5101.98,28.2,12853.86,20,297443.11
2023-07-03,S01,Mumbai,West,Grocery,453.07,0,0,0,4623.12,31.7,462.87,61,27637.12
2023-07-03,S01,Mumbai,West,Home & Kitchen,2153.26,0,0,0,3073.06,33.2,2259.56,34,73210.76
2023-07-03,S02,Pune,West,Clothing,1565.75,15,1,0,2598.96,33.4,1801.5,47,73590.2
2023-07-03,S02,Pune,West,Electronics,11100.2,25,1,0,7454.38,29.7,14640.21,39,432907.97
2023-07-03,S02,Pune,West,Grocery,453.75,0,0,0,4720.4,30.5,435.12,32,14520.09
2023-07-03,S02,Pune,West,Home & Kitchen,2118.7,5,1,0,6457.22,33.6,2331.39,31,65679.68
2023-07-03,S03,Delhi,North,Clothing,1673.84,0,0,0,2864.89,30.1,1891.58,39,65279.71
2023-07-03,S03,Delhi,North,Electronics,14707.47,0,0,0,3947.15,31.0,15052.05,22,323564.26
2023-07-03,S03,Delhi,North,Grocery,446.3,0,0,0,7769.7,32.1,458.61,37,16513.2
2023-07-03,S03,Delhi,North,Home & Kitchen,1772.25,20,1,0,4341.45,31.4,2319.9,56,99246.13
2023-07-03,S04,Bengaluru,South,Clothing,1804.82,0,0,0,5102.54,32.0,1870.02,25,45120.59
2023-07-03,S04,Bengaluru,South,Electronics,14500.1,0,0,0,2177.54,31.0,14581.2,21,304502.06
2023-07-03,S04,Bengaluru,South,Grocery,469.85,0,0,0,5156.97,32.5,455.98,40,18793.97
2023-07-03,S04,Bengaluru,South,Home & Kitchen,1969.85,10,1,0,6064.36,34.7,2090.07,23,45306.57
2023-07-04,S01,Mumbai,West,Clothing,1790.27,0,0,0,3919.48,30.4,1825.92,39,69820.64
2023-07-04,S01,Mumbai,West,Electronics,15866.26,0,0,0,4381.78,32.4,15226.69,30,475987.67
2023-07-04,S01,Mumbai,West,Grocery,459.51,0,0,0,7246.35,33.0,456.99,45,20677.85
2023-07-04,S01,Mumbai,West,Home & Kitchen,2186.12,0,0,0,5929.08,34.9,2045.29,26,56839.12
2023-07-04,S02,Pune,West,Clothing,1741.08,0,0,0,5487.03,28.6,1770.53,31,53973.39
2023-07-04,S02,Pune,West,Electronics,14888.98,0,0,0,4134.1,28.0,14702.51,22,327557.57
2023-07-04,S02,Pune,West,Grocery,446.52,0,0,0,3063.75,31.5,431.83,35,15628.07
2023-07-04,S02,Pune,West,Home & Kitchen,1980.93,10,1,0,7794.69,29.9,2182.84,18,35656.7
2023-07-04,S03,Delhi,North,Clothing,1643.18,0,0,0,3227.03,31.5,1774.73,30,49295.42
2023-07-04,S03,Delhi,North,Electronics,14418.53,0,0,0,6832.64,31.3,15708.74,27,389300.37
2023-07-04,S03,Delhi,North,Grocery,457.31,0,0,0,5995.41,33.9,413.97,43,19664.2
2023-07-04,S03,Delhi,North,Home & Kitchen,2088.69,0,0,0,5099.58,30.3,2328.13,32,66838.04
2023-07-04,S04,Bengaluru,South,Clothing,1497.62,15,1,0,8467.32,31.7,1815.42,53,79373.86
2023-07-04,S04,Bengaluru,South,Electronics,15006.83,0,0,0,5294.42,32.7,14421.45,35,525239.09
2023-07-04,S04,Bengaluru,South,Grocery,473.94,0,0,0,8616.11,31.2,413.9,39,18483.67
2023-07-04,S04,Bengaluru,South,Home & Kitchen,2269.65,0,0,0,4382.88,32.2,2216.4,27,61280.49
2023-07-05,S01,Mumbai,West,Clothing,1741.54,0,0,0,4713.34,32.5,1766.34,31,53987.64
2023-07-05,S01,Mumbai,West,Electronics,15892.02,0,0,0,2288.45,35.2,14914.98,26,413192.45
2023-07-05,S01,Mumbai,West,Grocery,449.87,0,0,0,5244.88,31.3,445.43,33,14845.63
2023-07-05,S01,Mumbai,West,Home & Kitchen,1971.31,10,1,0,7360.33,34.0,2107.73,33,65053.33
2023-07-05,S02,Pune,West,Clothing,1796.55,0,0,0,6267.72,29.6,1857.6,33,59286.01
2023-07-05,S02,Pune,West,Electronics,13409.21,15,1,0,7912.75,31.7,16541.24,37,496140.76
2023-07-05,S02,Pune,West,Grocery,346.89,25,1,0,5770.77,34.9,437.7,57,19772.7
2023-07-05,S02,Pune,West,Home & Kitchen,2175.42,0,0,0,7878.78,32.9,2179.68,24,52210.04
2023-07-05,S03,Delhi,North,Clothing,1818.45,0,0,0,4641.32,29.2,1664.89,21,38187.46
2023-07-05,S03,Delhi,North,Electronics,12601.76,15,1,0,5071.61,32.4,14049.11,31,390654.68
2023-07-05,S03,Delhi,North,Grocery,449.91,0,0,0,1618.24,29.9,447.8,44,19796.22
2023-07-05,S03,Delhi,North,Home & Kitchen,2030.46,5,1,0,6335.06,32.4,2393.59,46,93401.0
2023-07-05,S04,Bengaluru,South,Clothing,1818.75,0,0,0,5488.78,32.5,1897.78,27,49106.26
2023-07-05,S04,Bengaluru,South,Electronics,14998.66,0,0,0,6327.07,31.5,16254.67,25,374966.58
2023-07-05,S04,Bengaluru,South,Grocery,445.83,0,0,0,1934.84,34.3,433.15,39,17387.48
2023-07-05,S04,Bengaluru,South,Home & Kitchen,2254.94,0,0,0,3945.44,35.4,2232.88,20,45098.88
2023-07-06,S01,Mumbai,West,Clothing,1822.83,0,0,0,1467.25,,1820.92,31,56507.58
2023-07-06,S01,Mumbai,West,Electronics,15020.93,0,0,0,4742.65,33.0,14962.03,27,405565.14
2023-07-06,S01,Mumbai,West,Grocery,453.12,0,0,0,4586.95,31.3,460.11,52,23562.34
2023-07-06,S01,Mumbai,West,Home & Kitchen,2185.43,0,0,0,3289.35,32.3,2152.67,38,83046.37
2023-07-06,S02,Pune,West,Clothing,1752.49,0,0,0,5985.33,29.4,1789.97,35,61337.24
2023-07-06,S02,Pune,West,Electronics,13578.79,5,1,0,5966.85,33.6,16163.42,29,393784.93
2023-07-06,S02,Pune,West,Grocery,352.79,20,1,0,4841.5,32.3,455.68,54,19050.86
2023-07-06,S02,Pune,West,Home & Kitchen,2238.09,0,0,0,5747.46,33.8,2404.93,34,76095.05
2023-07-06,S03,Delhi,North,Clothing,1764.25,0,0,0,6082.68,32.9,1724.7,32,56456.06
2023-07-06,S03,Delhi,North,Electronics,11781.82,20,1,0,3142.88,29.7,14903.12,23,270981.84
2023-07-06,S03,Delhi,North,Grocery,444.06,0,0,0,4275.23,31.6,445.91,52,23091.32
2023-07-06,S03,Delhi,North,Home & Kitchen,2214.31,0,0,0,1455.49,30.3,2233.73,20,44286.13
2023-07-06,S04,Bengaluru,South,Clothing,1792.58,0,0,0,5899.8,35.3,1845.1,28,50192.11
2023-07-06,S04,Bengaluru,South,Electronics,11141.85,25,1,0,7637.79,31.1,14861.8,38,423390.45
2023-07-06,S04,Bengaluru,South,Grocery,453.95,0,0,0,4274.89,31.9,460.53,29,13164.46
2023-07-06,S04,Bengaluru,South,Home & Kitchen,2142.99,0,0,0,4380.23,31.3,2322.31,30,64289.8
2023-07-07,S01,Mumbai,West,Clothing,1825.43,0,0,0,7584.63,29.7,1907.36,35,63889.91
2023-07-07,S01,Mumbai,West,Electronics,11271.59,25,1,0,3193.11,32.3,15529.9,47,529764.85
2023-07-07,S01,Mumbai,West,Grocery,446.74,0,0,0,7316.21,32.1,441.79,52,23230.6
2023-07-07,S01,Mumbai,West,Home & Kitchen,2181.05,0,0,0,4088.3,28.3,2286.55,32,69793.59
2023-07-07,S02,Pune,West,Clothing,1844.63,0,0,0,5049.13,32.5,1792.39,33,60872.71
2023-07-07,S02,Pune,West,Electronics,14717.62,0,0,0,4584.17,30.8,14337.91,19,279634.74
2023-07-07,S02,Pune,West,Grocery,450.74,0,0,0,3616.26,31.3,453.96,30,13522.27
2023-07-07,S02,Pune,West,Home & Kitchen,2213.76,0,0,0,5846.41,30.6,2082.43,20,44275.14
2023-07-07,S03,Delhi,North,Clothing,1728.67,0,0,0,3912.12,28.6,1798.32,35,60503.28
2023-07-07,S03,Delhi,North,Electronics,11436.71,25,1,0,7054.57,29.9,16339.99,55,629018.96
2023-07-07,S03,Delhi,North,Grocery,463.58,0,0,0,4020.78,30.8,449.96,49,22715.4
2023-07-07,S03,Delhi,North,Home & Kitchen,2185.63,0,0,0,5918.05,32.3,2253.04,26,56826.47
2023-07-07,S04,Bengaluru,South,Clothing,1701.09,0,0,0,8171.18,31.8,1764.23,41,69744.79
2023-07-07,S04,Bengaluru,South,Electronics,15339.02,0,0,0,5519.38,31.4,15109.19,18,276102.43
2023-07-07,S04,Bengaluru,South,Grocery,443.77,0,0,0,5685.17,31.8,452.6,40,17750.78
2023-07-07,S04,Bengaluru,South,Home & Kitchen,2217.89,0,0,0,5322.39,34.0,2234.28,26,57665.1
2023-07-08,S01,Mumbai,West,Clothing,1810.84,0,0,0,4669.29,33.5,1795.12,51,92353.06
2023-07-08,S01,Mumbai,West,Electronics,14831.95,0,0,0,6450.95,30.9,14943.92,28,415294.62
2023-07-08,S01,Mumbai,West,Grocery,463.54,0,0,0,4569.59,29.9,434.92,40,18541.68
2023-07-08,S01,Mumbai,West,Home & Kitchen,2170.67,0,0,0,8182.21,33.6,2244.64,32,69461.52
2023-07-08,S02,Pune,West,Clothing,1821.52,0,0,0,6413.24,32.7,1843.67,30,54645.6
2023-07-08,S02,Pune,West,Electronics,15016.2,0,0,0,7044.79,32.4,16101.56,39,585631.94
2023-07-08,S02,Pune,West,Grocery,444.99,0,0,0,3488.96,34.1,461.2,56,24919.6
2023-07-08,S02,Pune,West,Home & Kitchen,2134.35,5,1,0,5569.32,26.8,2287.75,39,83239.59
2023-07-08,S03,Delhi,North,Clothing,1779.81,0,0,0,5976.99,37.0,1909.37,49,87210.49
2023-07-08,S03,Delhi,North,Electronics,15686.25,0,0,0,3568.05,32.9,14736.19,29,454901.27
2023-07-08,S03,Delhi,North,Grocery,446.47,0,0,0,2385.89,32.1,473.58,53,23662.84
2023-07-08,S03,Delhi,North,Home & Kitchen,2240.98,0,0,0,6664.4,27.9,1995.06,25,56024.58
2023-07-08,S04,Bengaluru,South,Clothing,1802.35,0,0,0,5309.6,33.0,1795.79,43,77501.12
2023-07-08,S04,Bengaluru,South,Electronics,14407.75,5,1,0,8154.54,32.3,15316.68,39,561902.16
2023-07-08,S04,Bengaluru,South,Grocery,450.39,0,0,0,6320.68,35.7,431.71,62,27923.98
2023-07-08,S04,Bengaluru,South,Home & Kitchen,2300.32,0,0,0,6748.48,31.7,2277.45,35,80511.17
2023-07-09,S01,Mumbai,West,Clothing,1805.99,0,0,0,5683.37,33.6,1847.81,42,75851.73
2023-07-09,S01,Mumbai,West,Electronics,15497.7,0,0,0,7275.19,32.1,14144.84,21,325451.76
2023-07-09,S01,Mumbai,West,Grocery,454.36,0,0,0,8352.1,27.5,462.23,54,24535.19
2023-07-09,S01,Mumbai,West,Home & Kitchen,2162.29,0,0,0,4880.78,29.1,2258.87,33,71355.44
2023-07-09,S02,Pune,West,Clothing,1836.9,0,0,0,3296.98,36.9,1637.3,29,53270.18
2023-07-09,S02,Pune,West,Electronics,14713.61,0,0,0,3046.02,29.6,14158.59,23,338412.99
2023-07-09,S02,Pune,West,Grocery,481.39,0,0,0,5287.91,33.7,438.83,42,20218.58
2023-07-09,S02,Pune,West,Home & Kitchen,2127.64,0,0,0,4838.28,32.3,2207.03,20,42552.84
2023-07-09,S03,Delhi,North,Clothing,1859.34,5,1,0,4619.33,35.0,1800.36,45,83670.32
2023-07-09,S03,Delhi,North,Electronics,15645.75,0,0,0,3616.41,33.9,15181.04,28,438081.09
2023-07-09,S03,Delhi,North,Grocery,444.22,0,0,0,4285.57,32.5,494.43,51,22655.43
2023-07-09,S03,Delhi,North,Home & Kitchen,2329.08,0,0,0,3678.25,30.4,2200.32,28,65214.23
2023-07-09,S04,Bengaluru,South,Clothing,1844.19,0,0,0,1848.37,32.2,1749.81,30,55325.7
2023-07-09,S04,Bengaluru,South,Electronics,14742.88,0,0,0,4716.74,32.6,12928.2,40,589715.34
2023-07-09,S04,Bengaluru,South,Grocery,459.08,0,0,0,4814.39,27.9,440.12,37,16985.8
2023-07-09,S04,Bengaluru,South,Home & Kitchen,2205.11,0,0,0,5550.08,32.7,2184.01,31,68358.28
2023-07-10,S01,Mumbai,West,Clothing,1890.68,0,0,0,7186.68,33.9,1804.17,39,73736.5
2023-07-10,S01,Mumbai,West,Electronics,14851.99,0,0,0,3804.63,31.5,14893.95,24,356447.67
2023-07-10,S01,Mumbai,West,Grocery,447.87,0,0,0,4233.08,32.5,463.21,35,15675.31
2023-07-10,S01,Mumbai,West,Home & Kitchen,2287.11,0,0,0,3169.68,32.1,2196.99,24,54890.52
2023-07-10,S02,Pune,West,Clothing,1847.04,0,0,0,7727.42,31.8,1728.12,35,64646.33
2023-07-10,S02,Pune,West,Electronics,15220.81,0,0,0,7151.33,34.1,14674.46,21,319636.94
2023-07-10,S02,Pune,West,Grocery,441.05,0,0,0,3919.51,29.4,450.91,36,15877.88
2023-07-10,S02,Pune,West,Home & Kitchen,2208.01,0,0,0,4818.04,31.6,2144.91,20,44160.16
2023-07-10,S03,Delhi,North,Clothing,1728.18,0,0,0,5238.16,37.0,1788.1,35,60486.16
2023-07-10,S03,Delhi,North,Electronics,15490.25,0,0,0,6051.86,32.8,14253.57,24,371765.98
2023-07-10,S03,Delhi,North,Grocery,451.91,0,0,0,916.75,29.6,,42,18980.07
2023-07-10,S03,Delhi,North,Home & Kitchen,2117.86,0,0,0,4363.38,31.2,2261.55,26,55064.34
2023-07-10,S04,Bengaluru,South,Clothing,1848.16,0,0,0,,34.2,1712.26,27,49900.26
2023-07-10,S04,Bengaluru,South,Electronics,14696.12,0,0,0,4432.01,31.0,14313.08,32,470275.75
2023-07-10,S04,Bengaluru,South,Grocery,359.24,20,1,0,8275.93,30.1,470.92,61,21913.93
2023-07-10,S04,Bengaluru,South,Home & Kitchen,2115.02,0,0,0,4570.46,30.3,2166.04,25,52875.55
2023-07-11,S01,Mumbai,West,Clothing,1589.66,10,1,0,6540.53,30.8,1811.21,55,87431.04
2023-07-11,S01,Mumbai,West,Electronics,14810.4,0,0,0,5452.96,30.4,15050.67,32,473932.74
2023-07-11,S01,Mumbai,West,Grocery,447.46,0,0,0,3482.41,28.0,438.59,49,21925.7
2023-07-11,S01,Mumbai,West,Home & Kitchen,2201.65,0,0,0,6201.32,31.8,2113.31,29,63847.94
2023-07-11,S02,Pune,West,Clothing,1787.71,0,0,0,3841.88,33.5,1865.04,23,41117.23
2023-07-11,S02,Pune,West,Electronics,13477.12,10,1,0,4849.16,33.3,14759.82,32,431267.95
2023-07-11,S02,Pune,West,Grocery,460.06,0,0,0,4990.22,33.5,431.03,46,21162.61
2023-07-11,S02,Pune,West,Home & Kitchen,2169.56,0,0,0,4450.78,34.7,2128.71,22,47730.34
2023-07-11,S03,Delhi,North,Clothing,1847.83,0,0,0,5621.8,33.2,1778.72,26,48043.46
2023-07-11,S03,Delhi,North,Electronics,14006.52,5,1,0,4694.23,34.7,16617.65,32,448208.52
2023-07-11,S03,Delhi,North,Grocery,467.64,0,0,0,5487.55,33.2,454.79,32,14964.62
2023-07-11,S03,Delhi,North,Home & Kitchen,2352.74,0,0,0,6272.31,34.0,2146.33,35,82345.78
2023-07-11,S04,Bengaluru,South,Clothing,1401.31,20,1,0,8110.86,33.3,1864.14,53,74269.68
2023-07-11,S04,Bengaluru,South,Electronics,14909.3,0,0,0,4922.76,32.4,16651.18,25,372732.57
2023-07-11,S04,Bengaluru,South,Grocery,455.51,0,0,0,5096.52,33.1,451.78,35,15942.73
2023-07-11,S04,Bengaluru,South,Home & Kitchen,2226.18,0,0,0,3199.48,32.5,2185.19,31,69011.46
2023-07-12,S01,Mumbai,West,Clothing,1869.2,0,0,0,7166.52,34.4,1955.11,37,69160.31
2023-07-12,S01,Mumbai,West,Electronics,14668.35,5,1,0,4694.3,31.4,15086.2,19,278698.62
2023-07-12,S01,Mumbai,West,Grocery,448.53,0,0,0,4750.46,30.0,436.66,40,17941.01
2023-07-12,S01,Mumbai,West,Home & Kitchen,2191.69,0,0,0,3840.99,29.2,2363.69,24,52600.5
2023-07-12,S02,Pune,West,Clothing,1761.47,5,1,0,4810.19,32.3,1889.24,27,47559.58
2023-07-12,S02,Pune,West,Electronics,15115.19,0,0,0,5243.55,32.0,14941.81,22,332534.25
2023-07-12,S02,Pune,West,Grocery,474.25,0,0,0,2346.48,32.3,483.06,39,18495.93
2023-07-12,S02,Pune,West,Home & Kitchen,2224.53,0,0,0,5191.29,30.9,2349.42,32,71184.81
2023-07-12,S03,Delhi,North,Clothing,1758.88,0,0,0,3285.07,,1799.26,42,73873.12
2023-07-12,S03,Delhi,North,Electronics,14927.22,0,0,0,4320.73,32.8,15213.96,28,417962.05
2023-07-12,S03,Delhi,North,Grocery,447.91,0,0,0,5011.16,36.3,457.29,50,22395.69
2023-07-12,S03,Delhi,North,Home & Kitchen,2324.16,0,0,0,3606.2,28.3,2189.86,25,58103.94
2023-07-12,S04,Bengaluru,South,Clothing,1632.46,5,1,0,6566.21,31.9,1778.12,24,39178.93
2023-07-12,S04,Bengaluru,South,Electronics,14062.42,0,0,0,5443.02,32.8,12902.36,25,351560.59
2023-07-12,S04,Bengaluru,South,Grocery,440.83,0,0,0,5203.64,30.1,449.96,43,18955.88
2023-07-12,S04,Bengaluru,South,Home & Kitchen,2179.49,0,0,0,3819.95,32.6,2150.59,30,65384.61
2023-07-13,S01,Mumbai,West,Clothing,1760.36,0,0,0,3137.39,31.0,1908.16,39,68654.14
2023-07-13,S01,Mumbai,West,Electronics,14757.77,0,0,0,4057.27,32.4,15121.44,23,339428.6
2023-07-13,S01,Mumbai,West,Grocery,450.41,0,0,0,4626.37,,445.88,48,21619.73
2023-07-13,S01,Mumbai,West,Home & Kitchen,2157.45,0,0,0,2119.21,32.7,2123.24,20,43149.06
2023-07-13,S02,Pune,West,Clothing,1768.15,0,0,0,4137.18,33.4,1832.15,34,60117.04
2023-07-13,S02,Pune,West,Electronics,15053.02,0,0,0,5257.73,32.3,15464.82,28,421484.63
2023-07-13,S02,Pune,West,Grocery,437.6,0,0,0,5754.71,33.4,420.43,42,18379.29
2023-07-13,S02,Pune,West,Home & Kitchen,2071.59,0,0,0,5937.31,30.6,2251.18,28,58004.58
2023-07-13,S03,Delhi,North,Clothing,1721.58,0,0,0,5593.45,33.8,1971.94,33,56812.2
2023-07-13,S03,Delhi,North,Electronics,15191.07,0,0,0,5063.26,35.7,14055.96,21,319012.57
2023-07-13,S03,Delhi,North,Grocery,438.05,0,0,0,3937.78,32.3,496.78,41,17959.85
2023-07-13,S03,Delhi,North,Home & Kitchen,2086.09,0,0,0,6114.9,34.0,2335.54,39,81357.68
2023-07-13,S04,Bengaluru,South,Clothing,1858.67,0,0,0,3262.89,33.9,1863.26,26,48325.4
2023-07-13,S04,Bengaluru,South,Electronics,11348.59,25,1,0,13003.52,33.1,13877.7,41,465292.1
2023-07-13,S04,Bengaluru,South,Grocery,438.11,0,0,0,2401.91,30.1,472.94,46,20152.98
2023-07-13,S04,Bengaluru,South,Home & Kitchen,2202.18,0,0,0,5322.19,32.2,2173.86,31,68267.65
2023-07-14,S01,Mumbai,West,Clothing,1859.88,0,0,0,8596.06,33.3,1807.15,33,61376.15
2023-07-14,S01,Mumbai,West,Electronics,11237.26,25,1,0,7394.09,30.5,15779.53,56,629286.43
2023-07-14,S01,Mumbai,West,Grocery,449.24,0,0,0,,28.7,437.58,34,15274.13
2023-07-14,S01,Mumbai,West,Home & Kitchen,2173.08,0,0,0,5779.65,36.3,2246.09,29,63019.2
2023-07-14,S02,Pune,West,Clothing,1833.79,0,0,0,4027.78,32.3,1824.83,23,42177.14
2023-07-14,S02,Pune,West,Electronics,13458.27,10,1,0,5231.18,29.2,15079.85,28,376831.47
2023-07-14,S02,Pune,West,Grocery,451.29,0,0,0,5361.07,32.0,431.51,37,16697.62
2023-07-14,S02,Pune,West,Home & Kitchen,2174.08,0,0,0,5095.33,29.7,2266.12,29,63048.31
2023-07-14,S03,Delhi,North,Clothing,1766.95,0,0,0,7423.33,30.0,1792.41,37,65377.32
2023-07-14,S03,Delhi,North,Electronics,14653.22,0,0,0,4570.49,32.1,15817.78,16,234451.5
2023-07-14,S03,Delhi,North,Grocery,434.5,5,1,0,2743.01,30.3,426.18,38,16511.0
2023-07-14,S03,Delhi,North,Home & Kitchen,2121.21,0,0,0,5429.11,33.3,2360.24,32,67878.71
2023-07-14,S04,Bengaluru,South,Clothing,1822.11,0,0,0,4872.3,33.2,1968.84,37,67417.94
2023-07-14,S04,Bengaluru,South,Electronics,14434.58,0,0,0,4704.72,33.0,14662.84,18,259822.52
2023-07-14,S04,Bengaluru,South,Grocery,445.26,0,0,0,5877.23,33.7,467.47,38,16919.94
2023-07-14,S04,Bengaluru,South,Home & Kitchen,2136.74,0,0,0,5836.08,28.5,2257.24,24,51281.79
2023-07-15,S01,Mumbai,West,Clothing,1866.6,0,0,0,6630.67,31.0,1819.3,60,111996.11
2023-07-15,S01,Mumbai,West,Electronics,10716.31,25,1,0,5930.63,30.4,14185.47,52,557248.0
2023-07-15,S01,Mumbai,West,Grocery,420.33,5,1,0,10683.55,32.9,484.32,97,40772.29
2023-07-15,S01,Mumbai,West,Home & Kitchen,2157.68,0,0,0,3625.07,31.4,2187.67,32,69045.85
2023-07-15,S02,Pune,West,Clothing,1439.53,15,1,0,5653.1,34.2,1836.21,60,86371.99
2023-07-15,S02,Pune,West,Electronics,14419.13,0,0,0,3856.83,29.3,15461.05,25,360478.23
2023-07-15,S02,Pune,West,Grocery,371.18,15,1,0,5583.54,32.9,440.47,86,31921.56
2023-07-15,S02,Pune,West,Home & Kitchen,2235.8,0,0,0,4579.22,30.7,2297.88,32,71545.66
2023-07-15,S03,Delhi,North,Clothing,1637.08,5,1,0,5644.41,31.3,1776.28,52,85128.32
2023-07-15,S03,Delhi,North,Electronics,14695.14,0,0,0,4356.17,32.5,14195.08,24,352683.36
2023-07-15,S03,Delhi,North,Grocery,445.52,0,0,0,7091.74,31.4,477.95,49,21830.54
2023-07-15,S03,Delhi,North,Home & Kitchen,2173.35,0,0,0,8502.33,28.4,2227.53,41,89107.19
2023-07-15,S04,Bengaluru,South,Clothing,1572.69,10,1,0,8671.06,33.7,1895.03,59,92788.75
2023-07-15,S04,Bengaluru,South,Electronics,15544.29,0,0,0,5268.74,34.6,14255.88,29,450784.35
2023-07-15,S04,Bengaluru,South,Grocery,452.16,0,0,0,7275.13,30.7,441.35,53,23964.38
2023-07-15,S04,Bengaluru,South,Home & Kitchen,2222.19,0,0,0,,34.0,2260.05,43,95554.31
2023-07-16,S01,Mumbai,West,Clothing,1784.18,0,0,0,5313.8,31.6,,46,82072.06
2023-07-16,S01,Mumbai,West,Electronics,15316.89,0,0,0,7609.47,29.3,15131.78,30,459506.57
2023-07-16,S01,Mumbai,West,Grocery,460.33,0,0,0,5477.94,31.6,457.12,65,29921.2
2023-07-16,S01,Mumbai,West,Home & Kitchen,2137.99,5,1,0,6578.14,33.5,2261.93,39,83381.5
2023-07-16,S02,Pune,West,Clothing,1759.7,0,0,0,4652.83,29.9,1886.2,29,51031.21
2023-07-16,S02,Pune,West,Electronics,15079.24,0,0,0,4445.27,31.8,14698.62,26,392060.28
2023-07-16,S02,Pune,West,Grocery,422.83,0,0,0,5242.28,28.3,503.75,55,23255.41
2023-07-16,S02,Pune,West,Home & Kitchen,2246.45,0,0,0,5189.0,37.3,2237.61,30,67393.38
2023-07-16,S03,Delhi,North,Clothing,1372.26,20,1,0,6137.6,32.8,1803.44,88,120758.86
2023-07-16,S03,Delhi,North,Electronics,12893.24,15,1,0,1782.71,32.8,15512.85,37,477049.72
2023-07-16,S03,Delhi,North,Grocery,343.12,25,1,0,4976.96,31.4,424.19,86,29508.13
2023-07-16,S03,Delhi,North,Home & Kitchen,2137.07,0,0,0,4807.72,33.1,2194.41,36,76934.67
2023-07-16,S04,Bengaluru,South,Clothing,1754.69,0,0,0,2872.06,32.1,1714.33,39,68432.99
2023-07-16,S04,Bengaluru,South,Electronics,14229.61,0,0,0,7606.06,33.4,14436.82,26,369969.89
2023-07-16,S04,Bengaluru,South,Grocery,350.75,25,1,0,4216.89,32.8,463.78,67,23500.34
2023-07-16,S04,Bengaluru,South,Home & Kitchen,2161.73,0,0,0,6414.76,32.6,2249.13,37,79984.11
2023-07-17,S01,Mumbai,West,Clothing,1795.21,5,1,0,8565.14,27.2,,41,73603.5
2023-07-17,S01,Mumbai,West,Electronics,15873.39,0,0,0,4276.65,32.8,15967.45,31,492075.09
2023-07-17,S01,Mumbai,West,Grocery,415.06,10,1,0,6835.65,31.5,450.33,57,23658.48
2023-07-17,S01,Mumbai,West,Home & Kitchen,2150.26,0,0,0,3780.96,36.7,2133.4,35,75259.19
2023-07-17,S02,Pune,West,Clothing,1925.05,0,0,0,5194.46,27.1,1671.64,23,44276.23
2023-07-17,S02,Pune,West,Electronics,12785.82,10,1,0,4173.79,33.0,15280.67,21,268502.21
2023-07-17,S02,Pune,West,Grocery,439.4,0,0,0,6401.25,30.2,467.25,40,17576.09
2023-07-17,S02,Pune,West,Home & Kitchen,2088.09,5,1,0,4272.26,28.8,2083.29,28,58466.47
2023-07-17,S03,Delhi,North,Clothing,1760.85,0,0,0,5380.07,34.3,1739.13,25,44021.37
2023-07-17,S03,Delhi,North,Electronics,14386.01,0,0,0,4740.71,30.7,15772.48,24,345264.14
2023-07-17,S03,Delhi,North,Grocery,422.34,0,0,0,6646.37,30.7,415.68,51,21539.46
2023-07-17,S03,Delhi,North,Home & Kitchen,2238.41,0,0,0,4199.29,30.1,2280.18,30,67152.33
2023-07-17,S04,Bengaluru,South,Clothing,1801.39,0,0,0,2419.01,33.3,1750.19,31,55842.98
2023-07-17,S04,Bengaluru,South,Electronics,15166.32,0,0,0,5831.54,36.0,14133.66,32,485322.29
2023-07-17,S04,Bengaluru,South,Grocery,402.99,10,1,0,5205.21,31.5,444.28,52,20955.7
2023-07-17,S04,Bengaluru,South,Home & Kitchen,2253.29,0,0,0,3483.38,32.9,2234.24,24,54078.85
2023-07-18,S01,Mumbai,West,Clothing,1825.33,0,0,0,3247.05,31.4,1827.85,33,60235.82
2023-07-18,S01,Mumbai,West,Electronics,15324.55,0,0,0,6499.0,33.1,13699.04,27,413762.89
2023-07-18,S01,Mumbai,West,Grocery,474.08,0,0,0,4307.18,29.4,429.01,45,21333.69
2023-07-18,S01,Mumbai,West,Home & Kitchen,1641.4,20,1,0,7272.97,33.7,2315.79,62,101766.69
2023-07-18,S02,Pune,West,Clothing,1832.99,0,0,0,3771.95,32.8,1754.15,28,51323.81
2023-07-18,S02,Pune,West,Electronics,14697.62,0,0,0,7942.94,33.1,15059.23,22,323347.59
2023-07-18,S02,Pune,West,Grocery,442.3,0,0,0,2826.78,33.5,430.79,39,17249.7
2023-07-18,S02,Pune,West,Home & Kitchen,1645.93,20,1,0,7446.01,29.3,2027.11,40,65837.22
2023-07-18,S03,Delhi,North,Clothing,1741.13,0,0,0,5135.95,32.0,1659.48,35,60939.43
2023-07-18,S03,Delhi,North,Electronics,15491.67,0,0,0,7420.18,30.4,16520.01,26,402783.47
2023-07-18,S03,Delhi,North,Grocery,450.5,0,0,0,4811.32,33.4,464.2,62,27930.82
2023-07-18,S03,Delhi,North,Home & Kitchen,2241.91,0,0,0,5370.7,33.1,2159.36,28,62773.45
2023-07-18,S04,Bengaluru,South,Clothing,1846.17,0,0,0,3744.26,31.5,1852.4,36,66462.1
2023-07-18,S04,Bengaluru,South,Electronics,14103.95,0,0,0,2480.5,34.1,14871.05,32,451326.33
2023-07-18,S04,Bengaluru,South,Grocery,433.0,5,1,0,3449.98,32.7,452.15,39,16887.03
2023-07-18,S04,Bengaluru,South,Home & Kitchen,2289.14,0,0,0,3955.8,35.0,2345.55,18,41204.61
2023-07-19,S01,Mumbai,West,Clothing,1752.63,0,0,0,4567.08,32.2,1876.56,31,54331.45
2023-07-19,S01,Mumbai,West,Electronics,15657.81,0,0,0,5146.12,32.5,15134.74,24,375787.43
2023-07-19,S01,Mumbai,West,Grocery,441.85,0,0,0,4133.5,30.7,466.63,47,20767.0
2023-07-19,S01,Mumbai,West,Home & Kitchen,2203.85,0,0,0,5275.25,30.7,2351.61,28,61707.75
2023-07-19,S02,Pune,West,Clothing,1833.01,0,0,0,5249.91,28.4,1793.3,27,49491.34
2023-07-19,S02,Pune,West,Electronics,15220.14,0,0,0,4278.3,31.3,13958.75,22,334843.13
2023-07-19,S02,Pune,West,Grocery,443.1,0,0,0,5100.04,37.2,468.5,36,15951.69
2023-07-19,S02,Pune,West,Home & Kitchen,2242.33,0,0,0,4380.26,31.9,2369.36,27,60542.87
2023-07-19,S03,Delhi,North,Clothing,1792.11,0,0,0,5036.07,33.1,1643.4,36,64516.1
2023-07-19,S03,Delhi,North,Electronics,14819.31,0,0,0,5944.47,30.2,15167.88,28,414940.8
2023-07-19,S03,Delhi,North,Grocery,446.64,0,0,0,7188.99,28.4,412.7,41,18312.39
2023-07-19,S03,Delhi,North,Home & Kitchen,2209.34,0,0,0,5173.5,33.3,2314.85,33,72908.24
2023-07-19,S04,Bengaluru,South,Clothing,1781.66,0,0,0,6719.75,30.0,1838.63,32,57013.11
2023-07-19,S04,Bengaluru,South,Electronics,13973.99,5,1,0,9094.29,34.0,15267.86,25,349349.74
2023-07-19,S04,Bengaluru,South,Grocery,437.54,0,0,0,5696.74,31.8,411.36,47,20564.28
2023-07-19,S04,Bengaluru,South,Home & Kitchen,2212.3,0,0,0,6278.23,31.8,2344.71,29,64156.8
2023-07-20,S01,Mumbai,West,Clothing,1779.8,0,0,0,7166.38,31.2,1867.43,42,74751.41
2023-07-20,S01,Mumbai,West,Electronics,14619.25,0,0,0,6193.67,,14560.97,22,321623.59
2023-07-20,S01,Mumbai,West,Grocery,436.05,5,1,0,7846.01,32.8,436.24,53,23110.5
2023-07-20,S01,Mumbai,West,Home & Kitchen,1963.4,10,1,0,1339.42,32.5,2309.05,30,58902.13
2023-07-20,S02,Pune,West,Clothing,1755.51,0,0,0,3364.36,34.6,1817.62,25,43887.74
2023-07-20,S02,Pune,West,Electronics,15535.36,0,0,0,6738.42,33.5,15362.26,18,279636.47
2023-07-20,S02,Pune,West,Grocery,445.95,0,0,0,3042.29,32.7,461.61,31,13824.6
2023-07-20,S02,Pune,West,Home & Kitchen,2304.55,0,0,0,3267.55,35.9,2222.88,27,62222.94
2023-07-20,S03,Delhi,North,Clothing,1356.83,25,1,0,5904.2,31.3,1734.59,56,75982.38
2023-07-20,S03,Delhi,North,Electronics,15243.25,0,0,0,4436.75,30.9,15036.63,19,289621.73
2023-07-20,S03,Delhi,North,Grocery,393.34,10,1,0,7052.0,32.5,441.16,68,26747.19
2023-07-20,S03,Delhi,North,Home & Kitchen,2002.22,10,1,0,8937.51,33.6,2142.26,32,64070.91
2023-07-20,S04,Bengaluru,South,Clothing,1719.22,0,0,0,,31.1,1920.27,30,51576.52
2023-07-20,S04,Bengaluru,South,Electronics,15177.98,0,0,0,5486.19,29.5,15300.45,25,379449.57
2023-07-20,S04,Bengaluru,South,Grocery,461.85,0,0,0,4755.93,33.7,437.21,34,15702.74
2023-07-20,S04,Bengaluru,South,Home & Kitchen,1709.8,20,1,0,7872.11,33.3,2217.05,46,78650.78
2023-07-21,S01,Mumbai,West,Clothing,1861.17,0,0,0,2199.41,35.5,1700.17,26,48390.4
2023-07-21,S01,Mumbai,West,Electronics,15106.35,0,0,0,4329.26,32.2,14721.97,32,483403.07
2023-07-21,S01,Mumbai,West,Grocery,424.23,0,0,0,2486.24,31.9,435.31,39,16544.84
2023-07-21,S01,Mumbai,West,Home & Kitchen,2161.34,0,0,0,5573.02,33.0,2217.34,35,75646.83
2023-07-21,S02,Pune,West,Clothing,1740.91,0,0,0,6098.71,30.9,1610.13,25,43522.82
2023-07-21,S02,Pune,West,Electronics,13648.65,15,1,0,7848.91,34.8,15072.04,35,477702.81
2023-07-21,S02,Pune,West,Grocery,450.08,0,0,0,5131.41,30.6,456.16,32,14402.65
2023-07-21,S02,Pune,West,Home & Kitchen,1930.18,10,1,0,,33.5,2208.72,41,79137.23
2023-07-21,S03,Delhi,North,Clothing,1757.39,0,0,0,2648.85,31.2,1906.31,25,43934.78
2023-07-21,S03,Delhi,North,Electronics,15093.07,0,0,0,5705.27,36.1,13479.82,22,332047.46
2023-07-21,S03,Delhi,North,Grocery,390.26,10,1,0,6200.69,34.6,480.92,52,20293.66
2023-07-21,S03,Delhi,North,Home & Kitchen,2191.16,0,0,0,7369.19,30.9,2282.5,31,67926.1
2023-07-21,S04,Bengaluru,South,Clothing,1696.8,0,0,0,5181.32,33.2,1768.05,39,66175.11
2023-07-21,S04,Bengaluru,South,Electronics,15412.82,0,0,0,743.06,33.5,14383.58,24,369907.67
2023-07-21,S04,Bengaluru,South,Grocery,444.99,0,0,0,6216.45,33.9,453.48,63,28034.09
2023-07-21,S04,Bengaluru,South,Home & Kitchen,2150.19,0,0,0,4984.67,33.5,2371.29,21,45154.05
2023-07-22,S01,Mumbai,West,Clothing,1849.85,0,0,0,5840.69,29.7,1887.93,51,94342.12
2023-07-22,S01,Mumbai,West,Electronics,14575.58,0,0,0,4925.66,32.8,14321.39,40,583023.12
2023-07-22,S01,Mumbai,West,Grocery,461.19,0,0,0,3285.7,33.6,467.38,58,26749.14
2023-07-22,S01,Mumbai,West,Home & Kitchen,2260.16,0,0,0,4565.4,34.9,2152.14,38,85886.18
2023-07-22,S02,Pune,West,Clothing,1785.72,0,0,0,6080.11,29.9,1686.83,36,64286.08
2023-07-22,S02,Pune,West,Electronics,14807.29,0,0,0,5544.39,31.8,14464.57,21,310953.0
2023-07-22,S02,Pune,West,Grocery,433.84,0,0,0,4611.72,32.3,465.66,45,19522.94
2023-07-22,S02,Pune,West,Home & Kitchen,1628.92,25,1,0,6920.49,35.1,2398.5,62,100992.99
2023-07-22,S03,Delhi,North,Clothing,1558.9,15,1,0,6815.29,29.1,1905.04,63,98210.51
2023-07-22,S03,Delhi,North,Electronics,13229.73,15,1,0,7129.25,35.6,14657.5,35,463040.47
2023-07-22,S03,Delhi,North,Grocery,446.22,0,0,0,3740.46,34.5,429.44,65,29004.25
2023-07-22,S03,Delhi,North,Home & Kitchen,2226.18,0,0,0,3905.65,33.4,2197.83,33,73463.89
2023-07-22,S04,Bengaluru,South,Clothing,1755.6,0,0,0,5744.42,33.1,1687.26,41,71979.72
2023-07-22,S04,Bengaluru,South,Electronics,13081.63,15,1,0,5267.47,33.7,15729.42,49,640999.97
2023-07-22,S04,Bengaluru,South,Grocery,447.25,0,0,0,4884.28,30.6,424.76,49,21915.01
2023-07-22,S04,Bengaluru,South,Home & Kitchen,2211.7,0,0,0,7399.79,31.4,2356.48,37,81832.96
2023-07-23,S01,Mumbai,West,Clothing,1742.87,0,0,0,5798.26,30.9,1792.01,43,74943.23
2023-07-23,S01,Mumbai,West,Electronics,13407.75,10,1,0,5792.1,32.6,14872.84,43,576533.46
2023-07-23,S01,Mumbai,West,Grocery,430.34,0,0,0,4629.04,33.9,458.71,58,24959.5
2023-07-23,S01,Mumbai,West,Home & Kitchen,2019.59,0,0,0,7125.08,34.4,2510.43,53,107038.15
2023-07-23,S02,Pune,West,Clothing,1796.38,0,0,0,4991.32,37.4,1798.5,37,66465.88
2023-07-23,S02,Pune,West,Electronics,14610.69,0,0,0,4796.48,32.6,14681.37,23,336045.96
2023-07-23,S02,Pune,West,Grocery,454.75,0,0,0,4962.63,30.2,451.31,44,20008.86
2023-07-23,S02,Pune,West,Home & Kitchen,1915.25,15,1,0,4452.12,31.2,2082.92,30,57457.41
2023-07-23,S03,Delhi,North,Clothing,1764.14,0,0,0,3387.54,32.9,1699.56,32,56452.34
2023-07-23,S03,Delhi,North,Electronics,11233.85,20,1,0,4484.29,31.3,14464.3,40,449354.18
2023-07-23,S03,Delhi,North,Grocery,413.78,5,1,0,8338.28,34.0,490.43,66,27309.78
2023-07-23,S03,Delhi,North,Home & Kitchen,1861.0,20,1,0,5654.01,35.1,2131.9,59,109798.81
2023-07-23,S04,Bengaluru,South,Clothing,1403.73,20,1,0,6003.15,30.6,1717.42,58,81416.33
2023-07-23,S04,Bengaluru,South,Electronics,15309.28,0,0,0,3919.41,31.9,15107.26,31,474587.6
2023-07-23,S04,Bengaluru,South,Grocery,451.07,0,0,0,4854.86,28.8,442.59,48,21651.24
2023-07-23,S04,Bengaluru,South,Home & Kitchen,2110.01,5,1,0,8062.23,32.0,2216.97,50,105500.69
2023-07-24,S01,Mumbai,West,Clothing,1523.61,15,1,0,9544.61,30.2,1711.17,54,82274.84
2023-07-24,S01,Mumbai,West,Electronics,12278.0,20,1,0,4495.1,31.8,16380.94,46,564787.82
2023-07-24,S01,Mumbai,West,Grocery,349.37,20,1,0,8431.89,31.5,393.67,91,31792.6
2023-07-24,S01,Mumbai,West,Home & Kitchen,2304.03,0,0,0,5592.81,26.5,2090.92,26,59904.83
2023-07-24,S02,Pune,West,Clothing,1903.38,0,0,0,4025.45,32.0,1891.18,23,43777.77
2023-07-24,S02,Pune,West,Electronics,15235.03,0,0,0,5290.67,31.6,14699.76,27,411345.75
2023-07-24,S02,Pune,West,Grocery,373.1,20,1,0,7527.14,34.5,453.84,52,19401.41
2023-07-24,S02,Pune,West,Home & Kitchen,1916.75,15,1,0,7122.42,29.2,1922.42,26,49835.37
2023-07-24,S03,Delhi,North,Clothing,1791.71,0,0,0,5564.73,31.0,1785.77,41,73460.03
2023-07-24,S03,Delhi,North,Electronics,11675.4,25,1,0,8262.91,31.2,14864.43,44,513717.55
2023-07-24,S03,Delhi,North,Grocery,409.96,0,0,0,4691.86,30.7,399.21,40,16398.45
2023-07-24,S03,Delhi,North,Home & Kitchen,2042.47,0,0,0,3958.08,31.4,2239.51,28,57189.09
2023-07-24,S04,Bengaluru,South,Clothing,1739.36,0,0,0,2778.54,34.8,1907.96,27,46962.81
2023-07-24,S04,Bengaluru,South,Electronics,15359.2,0,0,0,4288.16,27.9,15803.34,30,460776.12
2023-07-24,S04,Bengaluru,South,Grocery,442.9,0,0,0,4907.37,31.7,413.8,48,21259.43
2023-07-24,S04,Bengaluru,South,Home & Kitchen,2165.25,0,0,0,6012.03,30.4,2132.78,24,51965.98
2023-07-25,S01,Mumbai,West,Clothing,1720.44,5,1,0,3150.68,30.9,1920.27,29,49892.78
2023-07-25,S01,Mumbai,West,Electronics,15045.82,0,0,0,5993.12,30.9,14051.68,29,436328.76
2023-07-25,S01,Mumbai,West,Grocery,363.59,20,1,0,5325.87,28.3,446.45,65,23633.22
2023-07-25,S01,Mumbai,West,Home & Kitchen,1815.69,20,1,0,7361.08,,2296.94,46,83521.6
2023-07-25,S02,Pune,West,Clothing,1855.02,0,0,0,5466.7,31.6,1762.29,25,46375.57
2023-07-25,S02,Pune,West,Electronics,15841.49,0,0,0,5858.25,31.7,14816.31,16,253463.78
2023-07-25,S02,Pune,West,Grocery,467.96,0,0,0,6227.76,32.1,415.06,31,14506.88
2023-07-25,S02,Pune,West,Home & Kitchen,1817.92,20,1,0,7141.02,31.1,2000.73,34,61809.4
2023-07-25,S03,Delhi,North,Clothing,1682.86,0,0,0,6051.77,29.4,1811.84,40,67314.4
2023-07-25,S03,Delhi,North,Electronics,15557.15,0,0,0,5244.61,27.7,14609.93,27,420043.02
2023-07-25,S03,Delhi,North,Grocery,434.13,0,0,0,3777.63,34.9,473.5,42,18233.61
2023-07-25,S03,Delhi,North,Home & Kitchen,2201.18,0,0,0,3692.39,31.7,2156.85,24,52828.36
2023-07-25,S04,Bengaluru,South,Clothing,1594.64,15,1,0,6235.34,30.0,1815.38,57,90894.65
2023-07-25,S04,Bengaluru,South,Electronics,14627.38,5,1,0,5936.62,27.3,15216.18,31,453448.74
2023-07-25,S04,Bengaluru,South,Grocery,435.25,0,0,0,5253.97,30.8,465.8,32,13928.15
2023-07-25,S04,Bengaluru,South,Home & Kitchen,2186.77,0,0,0,5519.36,27.1,2160.68,30,65603.0
2023-07-26,S01,Mumbai,West,Clothing,1329.44,25,1,0,8897.34,34.1,1931.7,78,103696.48
2023-07-26,S01,Mumbai,West,Electronics,12209.66,15,1,0,7170.45,36.4,14122.79,39,476176.93
2023-07-26,S01,Mumbai,West,Grocery,441.61,0,0,0,5624.23,30.5,452.82,52,22963.71
2023-07-26,S01,Mumbai,West,Home & Kitchen,2158.55,0,0,0,3934.19,31.9,2236.61,32,69073.55
2023-07-26,S02,Pune,West,Clothing,1805.88,0,0,0,3668.53,33.5,1739.98,18,32505.88
2023-07-26,S02,Pune,West,Electronics,15689.74,0,0,0,5150.7,32.3,16319.22,26,407933.11
2023-07-26,S02,Pune,West,Grocery,424.16,5,1,0,7956.08,,482.47,40,16966.53
2023-07-26,S02,Pune,West,Home & Kitchen,2266.97,0,0,0,7962.32,31.8,2141.6,24,54407.18
2023-07-26,S03,Delhi,North,Clothing,1714.21,5,1,0,6732.42,30.8,1734.76,39,66854.29
2023-07-26,S03,Delhi,North,Electronics,11344.91,25,1,0,5437.81,30.0,15589.66,44,499176.22
2023-07-26,S03,Delhi,North,Grocery,433.55,0,0,0,4764.11,32.7,418.86,32,13873.57
2023-07-26,S03,Delhi,North,Home & Kitchen,2230.67,0,0,0,500.0,33.4,2309.37,31,69150.91
2023-07-26,S04,Bengaluru,South,Clothing,1715.13,0,0,0,3364.99,32.3,1876.01,36,61744.59
2023-07-26,S04,Bengaluru,South,Electronics,14745.29,0,0,0,6083.9,31.4,14803.82,27,398122.86
2023-07-26,S04,Bengaluru,South,Grocery,456.39,0,0,0,5034.11,30.6,481.36,37,16886.38
2023-07-26,S04,Bengaluru,South,Home & Kitchen,2238.33,0,0,0,2440.74,30.5,2209.67,28,62673.29
2023-07-27,S01,Mumbai,West,Clothing,1927.32,0,0,0,4160.79,35.0,1823.74,28,53964.99
2023-07-27,S01,Mumbai,West,Electronics,14408.24,0,0,0,5890.33,31.1,14023.55,30,432247.11
2023-07-27,S01,Mumbai,West,Grocery,439.76,0,0,0,5041.59,31.8,442.36,44,19349.54
2023-07-27,S01,Mumbai,West,Home & Kitchen,2170.25,0,0,0,3814.9,30.0,2193.12,12,26042.98
2023-07-27,S02,Pune,West,Clothing,1713.37,5,1,0,6062.17,33.6,1847.58,31,53114.5
2023-07-27,S02,Pune,West,Electronics,14534.21,0,0,0,2649.88,35.4,16567.69,24,348821.14
2023-07-27,S02,Pune,West,Grocery,462.07,0,0,0,4405.43,31.7,439.93,36,16634.43
2023-07-27,S02,Pune,West,Home & Kitchen,2098.87,0,0,0,4647.46,32.0,2212.89,24,50372.98
2023-07-27,S03,Delhi,North,Clothing,1921.61,0,0,0,3674.5,32.6,1917.78,26,49961.9
2023-07-27,S03,Delhi,North,Electronics,15234.59,0,0,0,7385.66,30.4,14580.33,19,289457.19
2023-07-27,S03,Delhi,North,Grocery,450.4,0,0,0,4930.75,34.8,445.63,52,23420.54
2023-07-27,S03,Delhi,North,Home & Kitchen,2193.48,0,0,0,7533.25,26.3,2090.62,28,61417.51
2023-07-27,S04,Bengaluru,South,Clothing,1759.72,0,0,0,5218.56,31.2,1770.65,26,45752.84
2023-07-27,S04,Bengaluru,South,Electronics,14825.28,0,0,0,6900.79,30.9,14822.35,27,400282.51
2023-07-27,S04,Bengaluru,South,Grocery,462.49,0,0,0,5637.57,28.5,427.33,44,20349.65
2023-07-27,S04,Bengaluru,South,Home & Kitchen,2270.65,0,0,0,3600.11,29.2,2165.98,28,63578.33
2023-07-28,S01,Mumbai,West,Clothing,1812.62,0,0,0,4329.49,30.6,1863.79,32,58003.77
2023-07-28,S01,Mumbai,West,Electronics,11502.78,20,1,0,8766.54,30.7,16295.56,44,506122.36
2023-07-28,S01,Mumbai,West,Grocery,443.45,0,0,0,6944.39,30.4,453.61,55,24390.02
2023-07-28,S01,Mumbai,West,Home & Kitchen,2233.29,0,0,0,4961.53,24.6,2220.37,23,51365.66
2023-07-28,S02,Pune,West,Clothing,1840.94,0,0,0,4772.28,34.3,1770.47,48,88365.1
2023-07-28,S02,Pune,West,Electronics,14936.77,0,0,0,2272.53,33.8,12955.47,17,253925.1
2023-07-28,S02,Pune,West,Grocery,440.81,0,0,0,6054.76,34.3,422.16,31,13665.0
2023-07-28,S02,Pune,West,Home & Kitchen,2168.36,0,0,0,4918.44,31.6,2353.08,26,56377.38
2023-07-28,S03,Delhi,North,Clothing,1842.93,0,0,0,5473.11,33.3,1868.58,43,79245.95
2023-07-28,S03,Delhi,North,Electronics,15268.37,0,0,0,1897.5,31.1,15356.65,27,412245.98
2023-07-28,S03,Delhi,North,Grocery,433.95,0,0,0,6311.2,34.2,454.85,48,20829.65
2023-07-28,S03,Delhi,North,Home & Kitchen,1887.55,15,1,0,4793.41,30.0,2224.71,40,75502.05
2023-07-28,S04,Bengaluru,South,Clothing,1915.63,0,0,0,3663.87,32.4,1735.22,41,78540.9
2023-07-28,S04,Bengaluru,South,Electronics,15301.33,0,0,0,6955.47,29.0,15264.21,30,459039.77
2023-07-28,S04,Bengaluru,South,Grocery,432.23,0,0,0,7141.72,31.2,414.41,38,16424.57
2023-07-28,S04,Bengaluru,South,Home & Kitchen,2199.43,0,0,0,4858.82,29.0,2092.46,23,50586.99
2023-07-29,S01,Mumbai,West,Clothing,1796.66,0,0,0,3166.99,30.6,1869.07,44,79053.13
2023-07-29,S01,Mumbai,West,Electronics,15221.15,0,0,0,7174.02,32.9,,40,608846.15
2023-07-29,S01,Mumbai,West,Grocery,459.85,0,0,0,2622.92,29.9,409.28,48,22072.8
2023-07-29,S01,Mumbai,West,Home & Kitchen,2235.06,0,0,0,4459.08,30.5,2143.88,38,84932.29
2023-07-29,S02,Pune,West,Clothing,1728.79,0,0,0,8944.86,29.3,1879.28,54,93354.39
2023-07-29,S02,Pune,West,Electronics,14613.53,5,1,0,8716.18,33.7,15366.13,40,584541.28
2023-07-29,S02,Pune,West,Grocery,445.36,0,0,0,5759.96,28.8,438.65,50,22268.23
2023-07-29,S02,Pune,West,Home & Kitchen,2241.34,0,0,0,4089.8,33.2,,32,71723.04
2023-07-29,S03,Delhi,North,Clothing,1522.08,15,1,0,5615.43,31.6,1832.48,67,101979.33
2023-07-29,S03,Delhi,North,Electronics,14594.51,0,0,0,3236.29,30.9,14913.35,30,437835.27
2023-07-29,S03,Delhi,North,Grocery,359.99,20,1,0,2612.22,32.6,443.65,80,28799.42
2023-07-29,S03,Delhi,North,Home & Kitchen,2279.12,0,0,0,4330.84,34.0,2119.47,30,68373.53
2023-07-29,S04,Bengaluru,South,Clothing,1756.46,0,0,0,5497.72,29.5,1860.22,42,73771.16
2023-07-29,S04,Bengaluru,South,Electronics,15489.18,0,0,0,7404.19,32.8,15946.82,28,433697.05
2023-07-29,S04,Bengaluru,South,Grocery,453.6,0,0,0,6462.35,32.1,462.16,58,26308.88
2023-07-29,S04,Bengaluru,South,Home & Kitchen,2240.37,0,0,0,7423.24,30.6,2086.43,25,56009.25
2023-07-30,S01,Mumbai,West,Clothing,1864.31,0,0,0,3368.22,29.7,1925.62,51,95079.6
2023-07-30,S01,Mumbai,West,Electronics,15928.75,0,0,0,4437.58,32.5,14980.77,31,493791.33
2023-07-30,S01,Mumbai,West,Grocery,437.41,0,0,0,6103.94,32.1,386.3,71,31055.82
2023-07-30,S01,Mumbai,West,Home & Kitchen,2158.16,0,0,0,7007.01,32.0,2246.98,28,60428.59
2023-07-30,S02,Pune,West,Clothing,1696.25,0,0,0,3159.42,33.1,1780.08,35,59368.65
2023-07-30,S02,Pune,West,Electronics,15413.87,0,0,0,1047.93,31.1,15716.21,21,323691.27
2023-07-30,S02,Pune,West,Grocery,455.38,0,0,0,4443.19,32.0,439.56,49,22313.62
2023-07-30,S02,Pune,West,Home & Kitchen,2194.31,0,0,0,5740.51,30.6,1918.21,25,54857.82
2023-07-30,S03,Delhi,North,Clothing,1737.46,0,0,0,4115.2,34.1,1806.17,60,104247.83
2023-07-30,S03,Delhi,North,Electronics,15024.36,0,0,0,5962.4,32.4,14532.94,27,405657.81
2023-07-30,S03,Delhi,North,Grocery,437.13,0,0,0,8574.66,,444.21,62,27102.22
2023-07-30,S03,Delhi,North,Home & Kitchen,2165.93,0,0,0,9155.23,32.3,2332.13,48,103964.59
2023-07-30,S04,Bengaluru,South,Clothing,1529.13,15,1,0,5910.53,28.7,1681.52,45,68810.75
2023-07-30,S04,Bengaluru,South,Electronics,14923.89,0,0,0,4699.86,29.7,15093.85,31,462640.68
2023-07-30,S04,Bengaluru,South,Grocery,453.4,0,0,0,7633.94,30.8,,51,23123.3
2023-07-30,S04,Bengaluru,South,Home & Kitchen,2199.74,0,0,0,6988.41,36.7,2153.5,28,61592.62
2023-07-31,S01,Mumbai,West,Clothing,1780.28,0,0,0,5605.28,34.6,1865.53,41,72991.42
2023-07-31,S01,Mumbai,West,Electronics,15613.11,0,0,0,5559.58,29.2,14697.91,24,374714.55
2023-07-31,S01,Mumbai,West,Grocery,449.27,0,0,0,4701.65,36.9,428.05,62,27854.67
2023-07-31,S01,Mumbai,West,Home & Kitchen,1883.96,10,1,0,,30.9,2234.85,39,73474.57
2023-07-31,S02,Pune,West,Clothing,1840.14,0,0,0,999.04,31.4,1699.63,25,46003.57
2023-07-31,S02,Pune,West,Electronics,15266.34,0,0,0,5293.53,30.2,14837.94,14,213728.73
2023-07-31,S02,Pune,West,Grocery,445.48,0,0,0,5175.8,33.1,431.97,49,21828.59
2023-07-31,S02,Pune,West,Home & Kitchen,2224.15,0,0,0,4993.09,30.1,2508.08,29,64500.32
2023-07-31,S03,Delhi,North,Clothing,1888.13,0,0,0,8095.38,35.0,1659.33,28,52867.73
2023-07-31,S03,Delhi,North,Electronics,15400.51,0,0,0,6011.13,33.5,14464.81,29,446614.72
2023-07-31,S03,Delhi,North,Grocery,368.45,20,1,0,6834.03,36.7,417.36,59,21738.61
2023-07-31,S03,Delhi,North,Home & Kitchen,2345.79,0,0,0,4039.71,31.6,2278.61,26,60990.58
2023-07-31,S04,Bengaluru,South,Clothing,1876.17,0,0,0,3104.63,30.8,1845.06,26,48780.45
2023-07-31,S04,Bengaluru,South,Electronics,14749.41,0,0,0,1865.82,28.7,15156.75,23,339236.4
2023-07-31,S04,Bengaluru,South,Grocery,445.37,0,0,0,3246.1,31.9,460.07,38,16923.9
2023-07-31,S04,Bengaluru,South,Home & Kitchen,2220.69,0,0,0,3944.73,29.7,2135.94,23,51075.92
2023-08-01,S01,Mumbai,West,Clothing,1390.8,25,1,0,3997.8,33.2,1680.51,54,75103.24
2023-08-01,S01,Mumbai,West,Electronics,14146.81,0,0,0,4064.6,33.2,14291.68,29,410257.39
2023-08-01,S01,Mumbai,West,Grocery,444.89,0,0,0,6387.33,30.0,456.35,48,21354.63
2023-08-01,S01,Mumbai,West,Home & Kitchen,2339.5,0,0,0,3162.77,28.9,2494.54,32,74864.12
2023-08-01,S02,Pune,West,Clothing,1443.11,20,1,0,4852.36,29.1,1927.85,53,76484.88
2023-08-01,S02,Pune,West,Electronics,14798.06,0,0,0,4647.53,31.7,15696.07,15,221970.95
2023-08-01,S02,Pune,West,Grocery,432.94,0,0,0,4801.72,30.4,467.5,46,19915.11
2023-08-01,S02,Pune,West,Home & Kitchen,2191.39,0,0,0,6481.89,28.5,2154.84,22,48210.63
2023-08-01,S03,Delhi,North,Clothing,1791.31,0,0,0,3652.72,30.4,1922.13,44,78817.47
2023-08-01,S03,Delhi,North,Electronics,14195.57,0,0,0,7470.18,29.5,15174.74,22,312302.58
2023-08-01,S03,Delhi,North,Grocery,455.06,0,0,0,4976.16,27.4,481.84,36,16382.08
2023-08-01,S03,Delhi,North,Home & Kitchen,2102.0,0,0,0,4725.39,29.0,2195.07,33,69366.03
2023-08-01,S04,Bengaluru,South,Clothing,1793.47,0,0,0,5828.72,32.3,1947.09,36,64564.79
2023-08-01,S04,Bengaluru,South,Electronics,14734.34,0,0,0,1245.68,35.1,15423.84,22,324155.51
2023-08-01,S04,Bengaluru,South,Grocery,445.3,0,0,0,3865.52,32.2,465.76,35,15585.58
2023-08-01,S04,Bengaluru,South,Home & Kitchen,2157.01,0,0,0,6458.31,31.9,1991.66,29,62553.42
2023-08-02,S01,Mumbai,West,Clothing,1709.94,0,0,0,6110.43,30.7,1980.88,41,70107.64
2023-08-02,S01,Mumbai,West,Electronics,15639.48,0,0,0,5035.03,30.7,14823.64,31,484824.01
2023-08-02,S01,Mumbai,West,Grocery,461.07,0,0,0,3771.08,30.9,377.44,33,15215.26
2023-08-02,S01,Mumbai,West,Home & Kitchen,1697.33,25,1,0,4510.35,31.0,2317.79,41,69590.45
2023-08-02,S02,Pune,West,Clothing,1729.15,0,0,0,2426.7,31.0,1911.35,29,50145.23
2023-08-02,S02,Pune,West,Electronics,15262.33,0,0,0,5241.2,33.4,16240.63,20,305246.69
2023-08-02,S02,Pune,West,Grocery,461.25,0,0,0,7092.33,31.6,471.92,31,14298.72
2023-08-02,S02,Pune,West,Home & Kitchen,2171.23,0,0,0,4349.07,31.3,2335.06,23,49938.39
2023-08-02,S03,Delhi,North,Clothing,1322.73,25,1,0,6890.52,32.9,1852.25,56,74072.62
2023-08-02,S03,Delhi,North,Electronics,12930.17,15,1,0,1939.23,33.8,16028.05,33,426695.59
2023-08-02,S03,Delhi,North,Grocery,445.95,0,0,0,5666.0,30.6,422.33,39,17391.99
2023-08-02,S03,Delhi,North,Home & Kitchen,2240.95,0,0,0,5400.72,31.0,2198.32,27,60505.77
2023-08-02,S04,Bengaluru,South,Clothing,1820.72,0,0,0,4779.78,31.3,1597.65,24,43697.37
2023-08-02,S04,Bengaluru,South,Electronics,13154.61,10,1,0,7393.36,31.9,13668.73,29,381483.75
2023-08-02,S04,Bengaluru,South,Grocery,348.51,25,1,0,7996.32,33.8,453.12,53,18470.91
2023-08-02,S04,Bengaluru,South,Home & Kitchen,1780.65,20,1,0,4392.82,27.2,2292.56,45,80129.23
2023-08-03,S01,Mumbai,West,Clothing,1775.5,0,0,0,4005.55,28.1,1895.91,34,60367.09
2023-08-03,S01,Mumbai,West,Electronics,15421.38,0,0,0,4100.38,28.7,16843.68,34,524326.93
2023-08-03,S01,Mumbai,West,Grocery,346.09,25,1,0,6043.91,28.3,431.02,74,25610.31
2023-08-03,S01,Mumbai,West,Home & Kitchen,2210.35,0,0,0,,31.6,2256.75,21,46417.4
2023-08-03,S02,Pune,West,Clothing,1686.88,0,0,0,3909.96,27.3,1714.01,30,50606.29
2023-08-03,S02,Pune,West,Electronics,15418.21,0,0,0,3290.05,34.4,13971.12,12,185018.49
2023-08-03,S02,Pune,West,Grocery,438.81,0,0,0,6215.32,31.6,405.92,41,17991.37
2023-08-03,S02,Pune,West,Home & Kitchen,1965.63,10,1,0,6849.34,31.1,2260.06,35,68797.15
2023-08-03,S03,Delhi,North,Clothing,1323.74,25,1,0,8746.38,29.6,1836.83,70,92661.83
2023-08-03,S03,Delhi,North,Electronics,15039.18,0,0,0,6288.05,31.6,14451.87,30,451175.38
2023-08-03,S03,Delhi,North,Grocery,451.94,0,0,0,2702.8,28.1,422.31,27,12202.46
2023-08-03,S03,Delhi,North,Home & Kitchen,2199.11,0,0,0,,29.9,2385.28,34,74769.59
2023-08-03,S04,Bengaluru,South,Clothing,1763.71,0,0,0,5477.02,28.2,1716.52,25,44092.65
2023-08-03,S04,Bengaluru,South,Electronics,13679.9,10,1,0,5891.94,30.1,13927.22,28,383037.07
2023-08-03,S04,Bengaluru,South,Grocery,479.5,0,0,0,3482.82,34.0,480.74,39,18700.55
2023-08-03,S04,Bengaluru,South,Home & Kitchen,2290.21,0,0,0,1071.51,31.5,2314.14,28,64125.76
2023-08-04,S01,Mumbai,West,Clothing,1856.65,0,0,0,3180.45,28.3,1754.14,34,63126.09
2023-08-04,S01,Mumbai,West,Electronics,14304.62,0,0,0,7430.11,33.3,16044.05,34,486356.91
2023-08-04,S01,Mumbai,West,Grocery,425.22,0,0,0,4846.24,33.4,406.74,44,18709.84
2023-08-04,S01,Mumbai,West,Home & Kitchen,2211.6,0,0,0,4749.11,30.0,2263.31,38,84040.84
2023-08-04,S02,Pune,West,Clothing,1848.27,0,0,0,3053.59,32.8,1835.61,29,53599.8
2023-08-04,S02,Pune,West,Electronics,14580.59,0,0,0,5526.02,26.0,15100.32,18,262450.64
2023-08-04,S02,Pune,West,Grocery,442.98,0,0,0,4496.2,,438.42,34,15061.33
2023-08-04,S02,Pune,West,Home & Kitchen,2125.96,0,0,0,4643.23,33.1,2200.59,32,68030.7
2023-08-04,S03,Delhi,North,Clothing,1911.94,0,0,0,5574.18,28.3,1733.58,28,53534.36
2023-08-04,S03,Delhi,North,Electronics,15282.31,0,0,0,3131.98,32.7,15035.65,30,458469.22
2023-08-04,S03,Delhi,North,Grocery,457.76,0,0,0,5186.05,31.2,447.81,45,20599.16
2023-08-04,S03,Delhi,North,Home & Kitchen,2217.15,0,0,0,4071.99,27.4,2283.5,22,48777.37
2023-08-04,S04,Bengaluru,South,Clothing,1752.92,0,0,0,5293.88,32.9,1798.96,24,42070.08
2023-08-04,S04,Bengaluru,South,Electronics,11623.79,25,1,0,8695.17,28.1,15163.37,43,499823.13
2023-08-04,S04,Bengaluru,South,Grocery,467.77,0,0,0,7429.85,29.6,483.28,47,21984.97
2023-08-04,S04,Bengaluru,South,Home & Kitchen,2224.2,0,0,0,7893.53,32.3,2265.46,26,57829.2
2023-08-05,S01,Mumbai,West,Clothing,1884.79,0,0,0,4208.29,31.3,1707.33,29,54658.93
2023-08-05,S01,Mumbai,West,Electronics,11147.67,25,1,0,6654.66,32.2,14360.3,51,568531.14
2023-08-05,S01,Mumbai,West,Grocery,394.49,15,1,0,4195.62,32.7,444.54,69,27219.99
2023-08-05,S01,Mumbai,West,Home & Kitchen,2241.01,0,0,0,4668.93,33.7,2402.35,30,67230.21
2023-08-05,S02,Pune,West,Clothing,1771.84,0,0,0,3643.25,30.3,1770.6,49,86819.97
2023-08-05,S02,Pune,West,Electronics,15598.61,0,0,0,5309.02,35.8,16467.56,25,389965.15
2023-08-05,S02,Pune,West,Grocery,464.29,0,0,0,4391.84,32.2,440.03,48,22285.73
2023-08-05,S02,Pune,West,Home & Kitchen,2152.25,0,0,0,2236.28,34.0,2173.92,34,73176.55
2023-08-05,S03,Delhi,North,Clothing,1434.9,20,1,0,4892.77,29.0,1741.39,58,83223.92
2023-08-05,S03,Delhi,North,Electronics,10820.73,25,1,0,6754.02,30.0,15362.88,50,541036.41
2023-08-05,S03,Delhi,North,Grocery,450.83,0,0,0,5975.52,,434.32,44,19836.32
2023-08-05,S03,Delhi,North,Home & Kitchen,2250.25,0,0,0,6684.93,33.5,2116.86,38,85509.59
2023-08-05,S04,Bengaluru,South,Clothing,1627.29,5,1,0,7803.28,31.4,1758.94,44,71600.83
2023-08-05,S04,Bengaluru,South,Electronics,15206.64,0,0,0,5695.48,29.2,14282.83,32,486612.56
2023-08-05,S04,Bengaluru,South,Grocery,457.53,0,0,0,4234.77,29.4,493.05,49,22418.73
2023-08-05,S04,Bengaluru,South,Home & Kitchen,2227.69,0,0,0,1657.29,28.7,1968.56,26,57919.84
2023-08-06,S01,Mumbai,West,Clothing,1758.24,0,0,0,5505.06,32.0,,41,72087.92
2023-08-06,S01,Mumbai,West,Electronics,13169.04,15,1,0,5607.55,28.4,15485.68,36,474085.34
2023-08-06,S01,Mumbai,West,Grocery,441.75,0,0,0,3079.38,32.5,494.05,59,26063.53
2023-08-06,S01,Mumbai,West,Home & Kitchen,2248.91,0,0,0,6590.28,31.0,2093.25,42,94454.23
2023-08-06,S02,Pune,West,Clothing,1821.61,0,0,0,3402.64,30.0,,29,52826.81
2023-08-06,S02,Pune,West,Electronics,15446.38,0,0,0,9141.52,31.8,14071.68,22,339820.4
2023-08-06,S02,Pune,West,Grocery,457.25,0,0,0,6436.42,31.7,446.13,43,19661.8
2023-08-06,S02,Pune,West,Home & Kitchen,1756.47,20,1,0,7130.47,28.5,2077.64,41,72015.1
2023-08-06,S03,Delhi,North,Clothing,1641.9,10,1,0,5007.75,29.2,1844.51,31,50898.83
2023-08-06,S03,Delhi,North,Electronics,14665.35,0,0,0,4902.47,32.0,,24,351968.52
2023-08-06,S03,Delhi,North,Grocery,451.91,0,0,0,4558.13,29.6,468.87,47,21239.58
2023-08-06,S03,Delhi,North,Home & Kitchen,2159.2,0,0,0,5240.88,29.5,2302.82,41,88527.28
2023-08-06,S04,Bengaluru,South,Clothing,1788.28,0,0,0,5862.98,32.4,1789.56,34,60801.58
2023-08-06,S04,Bengaluru,South,Electronics,14980.19,0,0,0,2368.55,29.7,14801.9,25,374504.82
2023-08-06,S04,Bengaluru,South,Grocery,466.17,0,0,0,4783.08,28.2,496.39,55,25639.26
2023-08-06,S04,Bengaluru,South,Home & Kitchen,2141.23,0,0,0,730.26,29.6,2179.07,23,49248.25
2023-08-07,S01,Mumbai,West,Clothing,1751.95,0,0,0,4583.97,26.8,1774.96,29,50806.54
2023-08-07,S01,Mumbai,West,Electronics,15247.7,0,0,0,6790.43,34.5,14376.36,26,396440.07
2023-08-07,S01,Mumbai,West,Grocery,430.53,5,1,0,4955.26,33.6,445.11,37,15929.63
2023-08-07,S01,Mumbai,West,Home & Kitchen,2062.3,0,0,0,3627.86,29.2,2179.9,39,80429.69
2023-08-07,S02,Pune,West,Clothing,1785.76,0,0,0,6444.43,30.7,1721.19,18,32143.63
2023-08-07,S02,Pune,West,Electronics,14666.12,0,0,0,5194.97,32.7,14913.58,31,454649.64
2023-08-07,S02,Pune,West,Grocery,452.38,0,0,0,7009.95,32.7,488.39,32,14476.08
2023-08-07,S02,Pune,West,Home & Kitchen,2196.78,0,0,0,2377.93,31.0,2058.33,18,39542.09
2023-08-07,S03,Delhi,North,Clothing,1789.03,0,0,0,2904.56,30.1,1899.2,34,60827.08
2023-08-07,S03,Delhi,North,Electronics,14371.74,0,0,0,6274.85,31.8,13679.85,25,359293.45
2023-08-07,S03,Delhi,North,Grocery,421.55,0,0,0,5785.38,29.8,437.99,38,16018.94
2023-08-07,S03,Delhi,North,Home & Kitchen,2159.12,5,1,0,6202.2,30.4,2138.1,33,71250.83
2023-08-07,S04,Bengaluru,South,Clothing,1820.27,0,0,0,5606.28,30.3,1999.93,27,49147.37
2023-08-07,S04,Bengaluru,South,Electronics,15851.39,0,0,0,4093.41,29.8,14989.97,19,301176.41
2023-08-07,S04,Bengaluru,South,Grocery,456.59,0,0,0,4442.22,32.6,,39,17807.03
2023-08-07,S04,Bengaluru,South,Home & Kitchen,2222.53,0,0,0,5368.83,29.0,2249.91,18,40005.47
2023-08-08,S01,Mumbai,West,Clothing,1556.05,15,1,0,6061.58,30.3,1829.7,55,85582.52
2023-08-08,S01,Mumbai,West,Electronics,14410.91,0,0,0,1744.08,32.2,13667.72,16,230574.52
2023-08-08,S01,Mumbai,West,Grocery,437.32,0,0,0,5194.9,30.1,447.58,47,20554.26
2023-08-08,S01,Mumbai,West,Home & Kitchen,2176.84,0,0,0,1647.24,28.7,1990.21,25,54421.06
2023-08-08,S02,Pune,West,Clothing,1798.15,0,0,0,4927.21,30.6,1878.47,16,28770.42
2023-08-08,S02,Pune,West,Electronics,15416.21,0,0,0,7022.35,27.4,14663.7,24,369989.03
2023-08-08,S02,Pune,West,Grocery,430.16,0,0,0,5473.3,28.2,431.69,40,17206.57
2023-08-08,S02,Pune,West,Home & Kitchen,1678.09,25,1,0,5712.93,30.5,2181.71,31,52020.92
2023-08-08,S03,Delhi,North,Clothing,1437.18,20,1,0,6168.25,34.9,1955.24,35,50301.39
2023-08-08,S03,Delhi,North,Electronics,11493.52,20,1,0,5576.33,33.9,,33,379286.21
2023-08-08,S03,Delhi,North,Grocery,398.7,10,1,0,7427.58,28.3,449.97,58,23124.71
2023-08-08,S03,Delhi,North,Home & Kitchen,2330.35,0,0,0,3989.39,27.4,2216.83,24,55928.46
2023-08-08,S04,Bengaluru,South,Clothing,1904.53,0,0,0,2145.74,27.3,1742.12,25,47613.25
2023-08-08,S04,Bengaluru,South,Electronics,14991.59,0,0,0,5642.07,30.3,16809.52,26,389781.27
2023-08-08,S04,Bengaluru,South,Grocery,440.94,0,0,0,5018.33,31.3,474.07,38,16755.72
2023-08-08,S04,Bengaluru,South,Home & Kitchen,1857.96,10,1,0,5427.79,31.9,2337.14,24,44591.07
2023-08-09,S01,Mumbai,West,Clothing,1766.36,0,0,0,6044.31,34.2,1866.91,31,54757.04
2023-08-09,S01,Mumbai,West,Electronics,15274.83,0,0,0,1978.85,30.9,15764.63,30,458245.02
2023-08-09,S01,Mumbai,West,Grocery,455.01,0,0,0,3864.63,30.3,468.88,49,22295.51
2023-08-09,S01,Mumbai,West,Home & Kitchen,2169.98,0,0,0,3720.7,30.5,2261.47,34,73779.36
2023-08-09,S02,Pune,West,Clothing,1768.02,0,0,0,6613.18,33.2,,21,37128.39
2023-08-09,S02,Pune,West,Electronics,15365.9,0,0,0,2751.97,30.5,15788.92,21,322683.92
2023-08-09,S02,Pune,West,Grocery,434.3,0,0,0,5987.86,29.4,485.15,37,16068.93
2023-08-09,S02,Pune,West,Home & Kitchen,1963.06,10,1,0,5741.04,27.9,2047.3,29,56928.77
2023-08-09,S03,Delhi,North,Clothing,1777.06,0,0,0,5195.37,29.9,1733.82,31,55088.71
2023-08-09,S03,Delhi,North,Electronics,15373.91,0,0,0,6516.52,32.2,13870.2,22,338225.96
2023-08-09,S03,Delhi,North,Grocery,439.49,0,0,0,3907.32,31.8,452.58,37,16261.1
2023-08-09,S03,Delhi,North,Home & Kitchen,2180.86,0,0,0,4804.12,29.9,1969.19,15,32712.93
2023-08-09,S04,Bengaluru,South,Clothing,1770.72,0,0,0,4343.23,33.9,1781.75,24,42497.23
2023-08-09,S04,Bengaluru,South,Electronics,15616.24,0,0,0,3329.8,28.6,14867.46,17,265476.14
2023-08-09,S04,Bengaluru,South,Grocery,455.1,0,0,0,7486.93,33.8,454.27,45,20479.51
2023-08-09,S04,Bengaluru,South,Home & Kitchen,1794.53,20,1,0,6627.92,31.5,2439.12,60,107671.56
2023-08-10,S01,Mumbai,West,Clothing,1428.4,20,1,0,7948.36,30.5,1749.02,59,84275.45
2023-08-10,S01,Mumbai,West,Electronics,14038.12,0,0,0,6193.76,34.1,15870.07,25,350953.12
2023-08-10,S01,Mumbai,West,Grocery,411.78,15,1,0,5405.87,34.3,450.48,52,21412.39
2023-08-10,S01,Mumbai,West,Home & Kitchen,2189.35,0,0,0,5363.13,33.2,2293.3,34,74437.74
2023-08-10,S02,Pune,West,Clothing,1795.87,0,0,0,5060.72,28.7,1714.74,29,52080.19
2023-08-10,S02,Pune,West,Electronics,15383.02,0,0,0,6530.14,32.6,15893.43,23,353809.43
2023-08-10,S02,Pune,West,Grocery,455.36,0,0,0,6954.7,28.2,446.71,37,16848.46
2023-08-10,S02,Pune,West,Home & Kitchen,2310.6,0,0,0,4987.45,29.9,2381.27,24,55454.42
2023-08-10,S03,Delhi,North,Clothing,1595.28,15,1,0,5548.75,30.2,1785.7,54,86145.37
2023-08-10,S03,Delhi,North,Electronics,14735.0,0,0,0,3757.87,32.6,13880.56,25,368375.08
2023-08-10,S03,Delhi,North,Grocery,464.19,0,0,0,6873.16,30.0,471.91,49,22745.13
2023-08-10,S03,Delhi,North,Home & Kitchen,1949.25,10,1,0,7754.48,32.9,2289.64,36,70172.89
2023-08-10,S04,Bengaluru,South,Clothing,1491.58,20,1,0,1250.1,30.6,1711.89,37,55188.32
2023-08-10,S04,Bengaluru,South,Electronics,14505.85,0,0,0,7257.72,29.2,13414.3,16,232093.57
2023-08-10,S04,Bengaluru,South,Grocery,432.04,0,0,0,6977.29,31.3,407.02,36,15553.29
2023-08-10,S04,Bengaluru,South,Home & Kitchen,1950.7,15,1,0,9339.39,32.5,2201.33,39,76077.13
2023-08-11,S01,Mumbai,West,Clothing,1754.96,5,1,0,5441.83,33.9,1699.55,41,71953.34
2023-08-11,S01,Mumbai,West,Electronics,14899.73,0,0,0,5090.7,31.2,15784.54,24,357593.52
2023-08-11,S01,Mumbai,West,Grocery,383.96,15,1,0,2605.56,32.2,445.16,65,24957.35
2023-08-11,S01,Mumbai,West,Home & Kitchen,2250.87,0,0,0,4625.73,29.3,2090.48,32,72027.92
2023-08-11,S02,Pune,West,Clothing,1831.16,0,0,0,6392.88,30.2,1806.09,26,47610.21
2023-08-11,S02,Pune,West,Electronics,14923.73,5,1,0,,28.6,15121.75,18,268627.11
2023-08-11,S02,Pune,West,Grocery,458.51,0,0,0,4737.82,32.0,485.36,43,19715.73
2023-08-11,S02,Pune,West,Home & Kitchen,2281.18,0,0,0,5070.97,34.1,2210.66,24,54748.2
2023-08-11,S03,Delhi,North,Clothing,1802.38,0,0,0,7135.72,31.2,1611.51,32,57676.12
2023-08-11,S03,Delhi,North,Electronics,14701.93,0,0,0,4877.83,29.9,14021.47,32,470461.84
2023-08-11,S03,Delhi,North,Grocery,378.02,15,1,0,5891.54,31.8,438.13,64,24193.28
2023-08-11,S03,Delhi,North,Home & Kitchen,2283.51,0,0,0,6467.01,32.8,2126.34,35,79922.97
2023-08-11,S04,Bengaluru,South,Clothing,1850.42,0,0,0,2747.4,32.9,1674.24,21,38858.77
2023-08-11,S04,Bengaluru,South,Electronics,15093.92,0,0,0,4339.2,27.5,15152.94,18,271690.62
2023-08-11,S04,Bengaluru,South,Grocery,440.13,0,0,0,7936.16,29.8,461.66,52,22886.86
2023-08-11,S04,Bengaluru,South,Home & Kitchen,2164.98,0,0,0,6453.82,30.6,2217.17,23,49794.5
2023-08-12,S01,Mumbai,West,Clothing,1770.62,0,0,0,3433.67,32.2,1834.72,51,90301.54
2023-08-12,S01,Mumbai,West,Electronics,15512.08,0,0,0,5375.67,30.9,14647.6,29,449850.34
2023-08-12,S01,Mumbai,West,Grocery,443.79,0,0,0,4444.03,26.5,470.85,45,19970.64
2023-08-12,S01,Mumbai,West,Home & Kitchen,2081.85,0,0,0,2659.36,32.1,2357.86,45,93683.46
2023-08-12,S02,Pune,West,Clothing,1785.11,0,0,0,4546.78,30.5,1909.44,29,51768.21
2023-08-12,S02,Pune,West,Electronics,14995.29,0,0,0,5404.61,25.2,15024.16,29,434863.47
2023-08-12,S02,Pune,West,Grocery,453.42,0,0,0,5125.21,31.8,443.0,42,19043.46
2023-08-12,S02,Pune,West,Home & Kitchen,2166.84,0,0,0,5056.2,29.7,2430.2,33,71505.85
2023-08-12,S03,Delhi,North,Clothing,1637.78,5,1,0,5932.8,28.3,1578.5,49,80251.13
2023-08-12,S03,Delhi,North,Electronics,15490.78,0,0,0,5289.18,33.3,14878.65,25,387269.46
2023-08-12,S03,Delhi,North,Grocery,440.89,0,0,0,7859.79,29.9,412.38,52,22926.34
2023-08-12,S03,Delhi,North,Home & Kitchen,2264.84,0,0,0,4356.34,31.0,2177.16,43,97388.07
2023-08-12,S04,Bengaluru,South,Clothing,1584.02,10,1,0,7879.51,30.2,1840.08,42,66528.7
2023-08-12,S04,Bengaluru,South,Electronics,14554.81,0,0,0,4517.21,27.0,,29,422089.53
2023-08-12,S04,Bengaluru,South,Grocery,462.85,0,0,0,8422.69,30.8,433.91,49,22679.82
2023-08-12,S04,Bengaluru,South,Home & Kitchen,2184.26,0,0,0,5827.53,27.8,2253.69,31,67712.0
2023-08-13,S01,Mumbai,West,Clothing,1693.87,0,0,0,5114.14,28.8,1752.0,39,66060.81
2023-08-13,S01,Mumbai,West,Electronics,15008.28,0,0,0,,29.6,14874.92,33,495273.15
2023-08-13,S01,Mumbai,West,Grocery,446.87,0,0,0,6535.38,31.8,460.62,63,28152.55
2023-08-13,S01,Mumbai,West,Home & Kitchen,2110.96,0,0,0,6524.09,31.1,2120.92,44,92882.09
2023-08-13,S02,Pune,West,Clothing,1782.03,0,0,0,7391.83,28.8,1709.88,29,51678.8
2023-08-13,S02,Pune,West,Electronics,15149.18,0,0,0,5425.35,31.6,13710.64,30,454475.54
2023-08-13,S02,Pune,West,Grocery,354.88,20,1,0,6876.11,33.7,440.37,62,22002.78
2023-08-13,S02,Pune,West,Home & Kitchen,2213.06,0,0,0,5544.61,29.3,2152.08,30,66391.67
2023-08-13,S03,Delhi,North,Clothing,1821.28,0,0,0,2674.96,31.2,1847.19,45,81957.71
2023-08-13,S03,Delhi,North,Electronics,14845.43,0,0,0,7515.05,28.4,14277.29,42,623508.08
2023-08-13,S03,Delhi,North,Grocery,457.84,0,0,0,6964.14,31.4,431.78,48,21976.43
2023-08-13,S03,Delhi,North,Home & Kitchen,2096.67,0,0,0,3838.99,29.7,2046.76,24,50320.04
2023-08-13,S04,Bengaluru,South,Clothing,1801.56,0,0,0,4123.24,31.1,1654.59,34,61253.07
2023-08-13,S04,Bengaluru,South,Electronics,14582.74,0,0,0,2593.5,27.9,15399.29,25,364568.54
2023-08-13,S04,Bengaluru,South,Grocery,447.58,0,0,0,4312.57,30.5,449.97,41,18350.66
2023-08-13,S04,Bengaluru,South,Home & Kitchen,2263.08,0,0,0,3688.94,28.7,2135.55,33,74681.77
2023-08-14,S01,Mumbai,West,Clothing,1729.74,0,0,0,5705.97,30.3,1813.15,33,57081.47
2023-08-14,S01,Mumbai,West,Electronics,14775.48,0,0,0,4965.15,32.1,15562.32,25,369386.95
2023-08-14,S01,Mumbai,West,Grocery,430.17,0,0,0,6057.77,29.8,456.49,45,19357.56
2023-08-14,S01,Mumbai,West,Home & Kitchen,2155.0,0,0,0,5245.25,34.9,2162.33,32,68960.15
2023-08-14,S02,Pune,West,Clothing,1649.53,10,1,0,6847.74,31.2,1739.81,39,64331.53
2023-08-14,S02,Pune,West,Electronics,13812.57,0,0,0,7559.51,30.8,16067.25,26,359126.88
2023-08-14,S02,Pune,West,Grocery,443.16,0,0,0,4356.5,31.6,449.49,40,17726.43
2023-08-14,S02,Pune,West,Home & Kitchen,2280.05,0,0,0,4836.9,30.8,2135.04,24,54721.14
2023-08-14,S03,Delhi,North,Clothing,1793.8,0,0,0,7274.71,32.2,1723.2,38,68164.52
2023-08-14,S03,Delhi,North,Electronics,15433.68,0,0,0,6249.42,29.8,13923.42,22,339540.88
2023-08-14,S03,Delhi,North,Grocery,429.49,0,0,0,5609.65,32.4,475.59,35,15032.28
2023-08-14,S03,Delhi,North,Home & Kitchen,2236.47,0,0,0,6317.79,31.0,2219.84,27,60384.77
2023-08-14,S04,Bengaluru,South,Clothing,1802.2,0,0,0,6530.82,27.7,1683.2,34,61274.93
2023-08-14,S04,Bengaluru,South,Electronics,14633.7,0,0,0,8056.7,29.7,15348.53,28,409743.53
2023-08-14,S04,Bengaluru,South,Grocery,438.94,0,0,0,3482.39,29.5,424.33,31,13607.08
2023-08-14,S04,Bengaluru,South,Home & Kitchen,2145.72,0,0,0,4248.16,28.2,2115.71,25,53642.99
2023-08-15,S01,Mumbai,West,Clothing,1800.54,0,0,1,2808.91,30.7,1679.1,43,77423.12
2023-08-15,S01,Mumbai,West,Electronics,11550.15,25,1,1,9606.32,31.9,15293.62,57,658358.8
2023-08-15,S01,Mumbai,West,Grocery,469.56,0,0,1,,32.7,446.88,57,26764.98
2023-08-15,S01,Mumbai,West,Home & Kitchen,2210.19,0,0,1,5583.52,31.7,2213.15,38,83987.1
2023-08-15,S02,Pune,West,Clothing,1377.3,25,1,1,4596.32,29.5,1859.56,59,81260.95
2023-08-15,S02,Pune,West,Electronics,15502.12,0,0,1,5382.66,33.8,14735.13,33,511569.97
2023-08-15,S02,Pune,West,Grocery,452.91,0,0,1,,29.7,,56,25363.17
2023-08-15,S02,Pune,West,Home & Kitchen,2157.71,0,0,1,8923.55,32.8,2265.0,30,64731.4
2023-08-15,S03,Delhi,North,Clothing,1456.46,20,1,1,3932.78,33.9,1622.41,51,74279.7
2023-08-15,S03,Delhi,North,Electronics,14527.78,0,0,1,5306.54,31.5,15284.99,29,421305.59
2023-08-15,S03,Delhi,North,Grocery,448.84,0,0,1,3782.27,31.9,457.83,52,23339.5
2023-08-15,S03,Delhi,North,Home & Kitchen,1688.38,25,1,1,6542.37,31.9,2207.75,56,94549.42
2023-08-15,S04,Bengaluru,South,Clothing,1725.13,0,0,1,3633.66,29.3,1804.11,45,77630.66
2023-08-15,S04,Bengaluru,South,Electronics,15027.48,0,0,1,4706.78,30.3,14447.4,27,405742.02
2023-08-15,S04,Bengaluru,South,Grocery,375.67,15,1,1,6295.12,31.1,,87,32683.72
2023-08-15,S04,Bengaluru,South,Home & Kitchen,2230.9,0,0,1,5868.19,29.2,2297.35,32,71388.81
2023-08-16,S01,Mumbai,West,Clothing,1699.38,0,0,0,3664.09,29.0,1777.3,42,71373.76
2023-08-16,S01,Mumbai,West,Electronics,15438.64,0,0,0,6236.3,31.0,14704.77,21,324211.4
2023-08-16,S01,Mumbai,West,Grocery,408.8,10,1,0,6438.57,31.7,442.21,65,26572.1
2023-08-16,S01,Mumbai,West,Home & Kitchen,2254.92,0,0,0,5629.42,29.5,2375.36,28,63137.77
2023-08-16,S02,Pune,West,Clothing,1738.58,0,0,0,5928.72,28.1,1785.54,25,43464.39
2023-08-16,S02,Pune,West,Electronics,15458.81,0,0,0,3823.82,30.6,14893.26,11,170046.95
2023-08-16,S02,Pune,West,Grocery,433.1,0,0,0,4343.0,31.2,453.56,32,13859.23
2023-08-16,S02,Pune,West,Home & Kitchen,2043.12,5,1,0,5383.69,30.3,2171.48,24,49034.8
2023-08-16,S03,Delhi,North,Clothing,1782.09,0,0,0,5821.34,33.6,1695.33,23,40988.16
2023-08-16,S03,Delhi,North,Electronics,14844.18,0,0,0,5959.71,28.6,14979.78,20,296883.62
2023-08-16,S03,Delhi,North,Grocery,423.32,0,0,0,4832.71,31.3,441.67,50,21165.94
2023-08-16,S03,Delhi,North,Home & Kitchen,2196.38,0,0,0,6315.26,27.9,2059.82,22,48320.46
2023-08-16,S04,Bengaluru,South,Clothing,1786.38,0,0,0,4605.34,33.9,1852.89,37,66096.04
2023-08-16,S04,Bengaluru,South,Electronics,14791.17,0,0,0,5435.86,31.9,14684.68,15,221867.48
2023-08-16,S04,Bengaluru,South,Grocery,368.57,15,1,0,6586.55,29.2,429.84,55,20271.12
2023-08-16,S04,Bengaluru,South,Home & Kitchen,1935.41,10,1,0,5220.7,29.7,2274.82,41,79351.9
2023-08-17,S01,Mumbai,West,Clothing,1516.36,15,1,0,4705.46,29.0,1864.35,35,53072.61
2023-08-17,S01,Mumbai,West,Electronics,15589.52,0,0,0,5254.56,29.3,13785.7,24,374148.43
2023-08-17,S01,Mumbai,West,Grocery,435.84,0,0,0,3757.61,27.4,470.64,43,18741.11
2023-08-17,S01,Mumbai,West,Home & Kitchen,2307.67,0,0,0,3052.21,32.4,2105.6,28,64614.69
2023-08-17,S02,Pune,West,Clothing,1798.44,0,0,0,5040.65,32.0,1658.23,19,34170.34
2023-08-17,S02,Pune,West,Electronics,15610.22,0,0,0,4076.09,30.8,15728.7,17,265373.66
2023-08-17,S02,Pune,West,Grocery,451.24,0,0,0,5091.93,27.2,454.71,43,19403.23
2023-08-17,S02,Pune,West,Home & Kitchen,2285.76,0,0,0,3166.09,31.2,2307.04,18,41143.63
2023-08-17,S03,Delhi,North,Clothing,1328.09,25,1,0,7221.65,31.7,1830.85,49,65076.27
2023-08-17,S03,Delhi,North,Electronics,13133.2,10,1,0,7955.08,29.1,15568.24,30,393996.06
2023-08-17,S03,Delhi,North,Grocery,440.28,0,0,0,6511.76,30.7,451.38,42,18491.61
2023-08-17,S03,Delhi,North,Home & Kitchen,2299.04,0,0,0,3546.63,31.4,2203.59,33,75868.19
2023-08-17,S04,Bengaluru,South,Clothing,1754.49,0,0,0,5035.07,32.7,1721.96,27,47371.25
2023-08-17,S04,Bengaluru,South,Electronics,12661.27,10,1,0,4608.92,31.8,14363.19,23,291209.12
2023-08-17,S04,Bengaluru,South,Grocery,454.45,0,0,0,2790.64,33.7,433.4,32,14542.27
2023-08-17,S04,Bengaluru,South,Home & Kitchen,2237.83,0,0,0,6200.34,30.0,2177.9,27,60421.32
2023-08-18,S01,Mumbai,West,Clothing,1724.83,0,0,0,4688.27,33.9,1854.53,36,62093.76
2023-08-18,S01,Mumbai,West,Electronics,11545.09,25,1,0,5209.7,31.2,15085.41,54,623434.89
2023-08-18,S01,Mumbai,West,Grocery,436.28,0,0,0,7436.66,31.5,442.43,44,19196.31
2023-08-18,S01,Mumbai,West,Home & Kitchen,2181.1,0,0,0,5454.32,,2232.04,17,37078.71
2023-08-18,S02,Pune,West,Clothing,1771.72,0,0,0,4696.24,34.0,,29,51379.79
2023-08-18,S02,Pune,West,Electronics,14578.49,0,0,0,6225.69,32.3,15148.2,25,364462.35
2023-08-18,S02,Pune,West,Grocery,431.25,0,0,0,7874.56,30.1,464.33,28,12075.04
2023-08-18,S02,Pune,West,Home & Kitchen,1908.79,15,1,0,3461.98,26.4,2358.2,40,76351.45
2023-08-18,S03,Delhi,North,Clothing,1848.28,0,0,0,4942.55,30.5,1834.55,37,68386.51
2023-08-18,S03,Delhi,North,Electronics,15246.55,0,0,0,5561.8,29.1,14452.87,22,335424.13
2023-08-18,S03,Delhi,North,Grocery,443.75,0,0,0,4160.57,31.9,444.02,32,14200.01
2023-08-18,S03,Delhi,North,Home & Kitchen,2094.13,0,0,0,4967.81,32.5,2170.83,21,43976.67
2023-08-18,S04,Bengaluru,South,Clothing,1608.75,10,1,0,8559.09,33.3,1733.47,39,62741.31
2023-08-18,S04,Bengaluru,South,Electronics,14803.8,0,0,0,4407.98,32.2,14448.76,21,310879.76
2023-08-18,S04,Bengaluru,South,Grocery,444.31,0,0,0,6191.04,27.5,475.66,39,17327.9
2023-08-18,S04,Bengaluru,South,Home & Kitchen,2183.98,0,0,0,5334.81,30.6,2027.59,27,58967.34
2023-08-19,S01,Mumbai,West,Clothing,1888.56,0,0,0,3858.45,29.0,1729.05,42,79319.38
2023-08-19,S01,Mumbai,West,Electronics,12389.29,20,1,0,5289.77,30.8,15809.26,46,569907.57
2023-08-19,S01,Mumbai,West,Grocery,450.21,0,0,0,8101.64,31.3,477.7,77,34665.89
2023-08-19,S01,Mumbai,West,Home & Kitchen,2254.81,0,0,0,6361.18,30.1,2285.23,34,76663.6
2023-08-19,S02,Pune,West,Clothing,1800.74,0,0,0,5144.03,31.0,1957.18,32,57623.7
2023-08-19,S02,Pune,West,Electronics,15432.92,0,0,0,5671.18,33.0,15752.88,30,462987.61
2023-08-19,S02,Pune,West,Grocery,326.84,25,1,0,2648.8,26.2,430.21,74,24186.32
2023-08-19,S02,Pune,West,Home & Kitchen,2270.87,0,0,0,5987.39,32.1,2320.91,25,56771.78
2023-08-19,S03,Delhi,North,Clothing,1900.39,0,0,0,6462.69,30.6,1652.65,40,76015.74
2023-08-19,S03,Delhi,North,Electronics,14906.89,0,0,0,3462.13,31.7,14952.32,24,357765.28
2023-08-19,S03,Delhi,North,Grocery,469.67,0,0,0,5650.2,29.7,467.72,52,24422.86
2023-08-19,S03,Delhi,North,Home & Kitchen,2058.08,0,0,0,6318.99,30.8,2334.63,24,49394.03
2023-08-19,S04,Bengaluru,South,Clothing,1791.16,0,0,0,6317.15,31.9,1652.95,39,69855.34
2023-08-19,S04,Bengaluru,South,Electronics,11774.67,20,1,0,6553.59,30.3,14843.7,34,400338.73
2023-08-19,S04,Bengaluru,South,Grocery,446.74,0,0,0,3438.78,33.3,456.19,51,22783.79
2023-08-19,S04,Bengaluru,South,Home & Kitchen,2018.24,0,0,0,4704.85,27.2,1964.86,31,62565.35
2023-08-20,S01,Mumbai,West,Clothing,1533.53,20,1,0,7272.67,33.1,1694.86,66,101213.25
2023-08-20,S01,Mumbai,West,Electronics,15329.81,0,0,0,1806.2,28.3,14101.81,21,321925.99
2023-08-20,S01,Mumbai,West,Grocery,462.58,0,0,0,5247.24,31.7,426.44,48,22203.93
2023-08-20,S01,Mumbai,West,Home & Kitchen,2246.87,0,0,0,6710.47,28.6,2262.53,43,96615.44
2023-08-20,S02,Pune,West,Clothing,1877.43,0,0,0,6126.87,30.7,1985.66,42,78852.24
2023-08-20,S02,Pune,West,Electronics,15458.44,0,0,0,2704.29,29.5,15452.56,27,417377.8
2023-08-20,S02,Pune,West,Grocery,452.41,0,0,0,5323.94,31.6,457.58,54,24429.92
2023-08-20,S02,Pune,West,Home & Kitchen,2220.82,0,0,0,2612.55,31.4,2350.09,40,88832.74
2023-08-20,S03,Delhi,North,Clothing,1699.62,0,0,0,5178.47,31.7,1911.28,48,81581.76
2023-08-20,S03,Delhi,North,Electronics,15329.01,0,0,0,5942.56,30.6,15600.25,30,459870.16
2023-08-20,S03,Delhi,North,Grocery,447.99,0,0,0,5819.69,30.5,457.59,47,21055.52
2023-08-20,S03,Delhi,North,Home & Kitchen,2270.28,0,0,0,3931.82,30.9,2122.07,24,54486.81
2023-08-20,S04,Bengaluru,South,Clothing,1797.17,0,0,0,4069.95,31.4,1845.87,30,53915.07
2023-08-20,S04,Bengaluru,South,Electronics,14212.95,0,0,0,5650.53,32.2,15690.06,32,454814.45
2023-08-20,S04,Bengaluru,South,Grocery,455.63,0,0,0,4386.7,29.9,490.37,49,22326.09
2023-08-20,S04,Bengaluru,South,Home & Kitchen,2024.14,5,1,0,8020.09,32.5,2192.01,42,85013.67
2023-08-21,S01,Mumbai,West,Clothing,1742.86,0,0,0,2592.3,30.1,1801.42,36,62742.86
2023-08-21,S01,Mumbai,West,Electronics,15119.49,0,0,0,5386.46,28.0,15479.07,26,393106.69
2023-08-21,S01,Mumbai,West,Grocery,434.46,0,0,0,8886.03,32.1,482.26,53,23026.47
2023-08-21,S01,Mumbai,West,Home & Kitchen,2235.75,0,0,0,6081.89,32.0,2266.59,40,89430.01
2023-08-21,S02,Pune,West,Clothing,1819.38,0,0,0,1823.73,30.7,1742.66,19,34568.3
2023-08-21,S02,Pune,West,Electronics,14707.09,0,0,0,5771.96,32.8,15152.84,17,250020.49
2023-08-21,S02,Pune,West,Grocery,412.09,10,1,0,4810.98,30.4,435.87,55,22664.74
2023-08-21,S02,Pune,West,Home & Kitchen,1964.86,10,1,0,3822.45,32.7,2289.93,30,58945.79
2023-08-21,S03,Delhi,North,Clothing,1804.43,0,0,0,4524.07,30.8,1737.39,30,54132.9
2023-08-21,S03,Delhi,North,Electronics,15068.79,0,0,0,4957.53,32.9,14014.98,15,226031.78
2023-08-21,S03,Delhi,North,Grocery,437.98,0,0,0,4831.31,31.6,443.73,39,17081.16
2023-08-21,S03,Delhi,North,Home & Kitchen,2146.34,0,0,0,7830.9,29.5,2252.69,27,57951.29
2023-08-21,S04,Bengaluru,South,Clothing,1767.34,0,0,0,4079.56,32.8,1803.18,32,56554.89
2023-08-21,S04,Bengaluru,South,Electronics,15203.72,0,0,0,5864.22,26.6,17160.64,27,410500.46
2023-08-21,S04,Bengaluru,South,Grocery,454.63,0,0,0,6115.2,25.1,469.98,38,17276.07
2023-08-21,S04,Bengaluru,South,Home & Kitchen,2193.83,0,0,0,4634.13,31.5,2195.78,23,50458.13
2023-08-22,S01,Mumbai,West,Clothing,1541.79,15,1,0,3156.51,30.9,1850.49,44,67838.55
2023-08-22,S01,Mumbai,West,Electronics,15040.28,0,0,0,6268.22,32.1,15248.66,35,526409.77
2023-08-22,S01,Mumbai,West,Grocery,465.03,0,0,0,3979.73,33.9,460.62,42,19531.3
2023-08-22,S01,Mumbai,West,Home & Kitchen,2198.4,0,0,0,5769.69,31.1,2283.77,29,63753.53
2023-08-22,S02,Pune,West,Clothing,1916.87,0,0,0,4473.59,29.9,1717.8,22,42171.12
2023-08-22,S02,Pune,West,Electronics,15475.18,0,0,0,3376.49,29.9,15232.83,23,355929.23
2023-08-22,S02,Pune,West,Grocery,454.61,0,0,0,5000.25,30.7,483.1,34,15456.89
2023-08-22,S02,Pune,West,Home & Kitchen,2111.44,0,0,0,2969.36,27.2,2139.6,25,52785.89
2023-08-22,S03,Delhi,North,Clothing,1770.83,0,0,0,1936.48,30.7,1824.74,35,61979.11
2023-08-22,S03,Delhi,North,Electronics,14124.31,0,0,0,4470.52,34.7,14503.81,24,338983.54
2023-08-22,S03,Delhi,North,Grocery,448.2,0,0,0,3767.48,34.0,470.65,46,20617.11
2023-08-22,S03,Delhi,North,Home & Kitchen,2197.71,0,0,0,7445.34,31.5,2038.25,35,76919.94
2023-08-22,S04,Bengaluru,South,Clothing,1742.67,0,0,0,5104.92,32.8,1800.91,37,64478.81
2023-08-22,S04,Bengaluru,South,Electronics,15299.32,0,0,0,6516.64,32.1,15109.93,21,321285.78
2023-08-22,S04,Bengaluru,South,Grocery,434.01,0,0,0,5712.04,27.3,474.75,38,16492.56
2023-08-22,S04,Bengaluru,South,Home & Kitchen,2323.22,0,0,0,2949.08,30.1,2173.01,25,58080.55
2023-08-23,S01,Mumbai,West,Clothing,1660.73,5,1,0,5399.0,32.1,1836.47,40,66429.25
2023-08-23,S01,Mumbai,West,Electronics,14893.23,0,0,0,2636.57,25.7,15562.61,27,402117.29
2023-08-23,S01,Mumbai,West,Grocery,448.76,0,0,0,3123.38,31.8,428.21,36,16155.47
2023-08-23,S01,Mumbai,West,Home & Kitchen,2173.63,0,0,0,,27.9,2138.98,29,63035.3
2023-08-23,S02,Pune,West,Clothing,1811.86,0,0,0,6024.01,33.3,1758.78,26,47108.31
2023-08-23,S02,Pune,West,Electronics,15208.37,0,0,0,5657.39,31.0,14157.92,21,319375.73
2023-08-23,S02,Pune,West,Grocery,434.95,0,0,0,3191.18,29.1,459.42,32,13918.52
2023-08-23,S02,Pune,West,Home & Kitchen,2209.03,0,0,0,5685.71,30.3,2325.39,20,44180.65
2023-08-23,S03,Delhi,North,Clothing,1750.76,0,0,0,2466.1,29.1,1803.39,29,50771.99
2023-08-23,S03,Delhi,North,Electronics,14881.17,0,0,0,3822.14,31.5,15744.59,24,357148.01
2023-08-23,S03,Delhi,North,Grocery,469.45,0,0,0,7396.38,29.7,476.48,47,22064.08
2023-08-23,S03,Delhi,North,Home & Kitchen,2125.22,0,0,0,4694.23,34.1,2208.8,32,68007.11
2023-08-23,S04,Bengaluru,South,Clothing,1704.37,0,0,0,8405.89,31.5,1681.96,33,56244.24
2023-08-23,S04,Bengaluru,South,Electronics,15277.52,0,0,0,6039.82,30.8,15405.37,19,290272.8
2023-08-23,S04,Bengaluru,South,Grocery,434.46,0,0,0,5112.54,30.8,426.53,38,16509.52
2023-08-23,S04,Bengaluru,South,Home & Kitchen,1747.12,20,1,0,8234.2,29.8,2298.95,37,64643.3
2023-08-24,S01,Mumbai,West,Clothing,1783.3,0,0,0,4736.52,29.7,1753.91,42,74898.47
2023-08-24,S01,Mumbai,West,Electronics,14454.43,0,0,0,4007.87,31.3,15653.98,27,390269.73
2023-08-24,S01,Mumbai,West,Grocery,437.44,0,0,0,3935.56,31.0,461.45,47,20559.76
2023-08-24,S01,Mumbai,West,Home & Kitchen,2129.68,0,0,0,4977.6,31.4,2385.66,29,61760.83
2023-08-24,S02,Pune,West,Clothing,1611.91,10,1,0,6446.81,31.1,1962.17,36,58028.76
2023-08-24,S02,Pune,West,Electronics,14235.89,0,0,0,3791.67,32.3,14888.26,26,370133.26
2023-08-24,S02,Pune,West,Grocery,424.74,0,0,0,4443.68,29.6,465.59,30,12742.24
2023-08-24,S02,Pune,West,Home & Kitchen,2281.32,0,0,0,6996.06,,2276.74,24,54751.64
2023-08-24,S03,Delhi,North,Clothing,1683.55,0,0,0,9194.7,32.3,1798.96,42,70709.01
2023-08-24,S03,Delhi,North,Electronics,14309.06,0,0,0,5869.0,29.9,15014.67,22,314799.27
2023-08-24,S03,Delhi,North,Grocery,422.26,0,0,0,5712.6,29.2,429.31,37,15623.75
2023-08-24,S03,Delhi,North,Home & Kitchen,2256.25,0,0,0,4704.92,33.7,2239.33,24,54150.06
2023-08-24,S04,Bengaluru,South,Clothing,1850.16,0,0,0,4951.79,31.1,1873.05,33,61055.33
2023-08-24,S04,Bengaluru,South,Electronics,15766.45,0,0,0,5818.16,32.9,13190.84,13,204963.8
2023-08-24,S04,Bengaluru,South,Grocery,449.07,0,0,0,5363.67,30.1,457.84,36,16166.4
2023-08-24,S04,Bengaluru,South,Home & Kitchen,2152.72,0,0,0,5010.23,29.9,2223.83,27,58123.38
2023-08-25,S01,Mumbai,West,Clothing,1897.39,0,0,0,2818.03,32.1,1826.8,35,66408.56
2023-08-25,S01,Mumbai,West,Electronics,14570.11,0,0,0,3263.8,30.0,14479.15,26,378822.86
2023-08-25,S01,Mumbai,West,Grocery,443.69,0,0,0,4670.76,33.2,435.37,46,20409.56
2023-08-25,S01,Mumbai,West,Home & Kitchen,2125.31,0,0,0,3565.14,29.7,2187.77,22,46756.93
2023-08-25,S02,Pune,West,Clothing,1798.94,0,0,0,3310.43,26.6,1875.79,20,35978.74
2023-08-25,S02,Pune,West,Electronics,15263.02,0,0,0,4577.78,,15813.04,17,259471.28
2023-08-25,S02,Pune,West,Grocery,449.89,0,0,0,5037.17,32.3,404.12,30,13496.63
2023-08-25,S02,Pune,West,Home & Kitchen,2282.09,0,0,0,3584.08,29.8,2132.05,26,59334.37
2023-08-25,S03,Delhi,North,Clothing,1819.48,0,0,0,6167.53,31.5,1715.68,25,45487.07
2023-08-25,S03,Delhi,North,Electronics,15155.93,0,0,0,5768.0,31.7,14887.08,27,409210.02
2023-08-25,S03,Delhi,North,Grocery,460.43,0,0,0,4547.23,31.5,429.73,32,14733.75
2023-08-25,S03,Delhi,North,Home & Kitchen,2222.49,0,0,0,5481.76,29.8,2244.82,17,37782.37
2023-08-25,S04,Bengaluru,South,Clothing,1801.05,0,0,0,3607.68,32.8,1754.96,27,48628.3
2023-08-25,S04,Bengaluru,South,Electronics,14495.08,0,0,0,4013.18,25.6,14670.24,13,188436.0
2023-08-25,S04,Bengaluru,South,Grocery,458.79,0,0,0,,31.7,491.13,27,12387.32
2023-08-25,S04,Bengaluru,South,Home & Kitchen,2220.54,0,0,0,4662.82,30.2,1982.59,24,53292.87
2023-08-26,S01,Mumbai,West,Clothing,1774.8,0,0,0,4089.88,26.8,1935.21,52,92289.54
2023-08-26,S01,Mumbai,West,Electronics,14873.09,0,0,0,3551.97,33.5,13787.28,35,520558.27
2023-08-26,S01,Mumbai,West,Grocery,473.61,0,0,0,8468.1,35.4,450.75,66,31257.96
2023-08-26,S01,Mumbai,West,Home & Kitchen,2222.91,0,0,0,6923.25,27.9,2173.18,29,64464.31
2023-08-26,S02,Pune,West,Clothing,1807.7,0,0,0,1448.36,33.3,1931.77,34,61461.87
2023-08-26,S02,Pune,West,Electronics,14654.76,0,0,0,4182.79,31.6,14326.02,25,366368.92
2023-08-26,S02,Pune,West,Grocery,360.7,15,1,0,6428.98,28.1,465.9,74,26692.14
2023-08-26,S02,Pune,West,Home & Kitchen,1816.54,20,1,0,6759.67,31.0,2146.0,47,85377.19
2023-08-26,S03,Delhi,North,Clothing,1773.89,0,0,0,6949.28,29.4,1797.81,40,70955.74
2023-08-26,S03,Delhi,North,Electronics,15249.83,0,0,0,3566.65,29.1,14971.06,27,411745.46
2023-08-26,S03,Delhi,North,Grocery,455.12,0,0,0,3814.73,33.3,504.02,53,24121.4
2023-08-26,S03,Delhi,North,Home & Kitchen,2081.68,5,1,0,6305.96,30.2,2186.93,40,83267.39
2023-08-26,S04,Bengaluru,South,Clothing,1855.09,0,0,0,3681.03,28.9,1880.05,41,76058.68
2023-08-26,S04,Bengaluru,South,Electronics,11604.93,20,1,0,5593.8,32.8,16148.78,37,429382.4
2023-08-26,S04,Bengaluru,South,Grocery,440.98,0,0,0,4096.02,30.1,425.52,54,23812.85
2023-08-26,S04,Bengaluru,South,Home & Kitchen,1996.54,0,0,0,4813.19,31.8,2419.91,27,53906.46
2023-08-27,S01,Mumbai,West,Clothing,1784.55,0,0,0,4398.43,31.8,1818.46,29,51752.07
2023-08-27,S01,Mumbai,West,Electronics,13597.79,10,1,0,6096.27,29.9,14599.86,49,666291.62
2023-08-27,S01,Mumbai,West,Grocery,431.26,0,0,0,4578.26,32.8,439.05,51,21994.22
2023-08-27,S01,Mumbai,West,Home & Kitchen,2086.59,5,1,0,8034.68,30.2,2348.24,49,102242.8
2023-08-27,S02,Pune,West,Clothing,1817.43,0,0,0,7551.39,32.8,1889.88,40,72697.36
2023-08-27,S02,Pune,West,Electronics,12821.25,10,1,0,8734.04,28.8,14463.54,36,461564.91
2023-08-27,S02,Pune,West,Grocery,462.75,0,0,0,6343.47,31.9,446.01,55,25451.24
2023-08-27,S02,Pune,West,Home & Kitchen,2251.96,0,0,0,1044.58,30.1,2189.9,28,63054.79
2023-08-27,S03,Delhi,North,Clothing,1593.61,10,1,0,10606.77,33.9,1824.24,52,82867.72
2023-08-27,S03,Delhi,North,Electronics,15296.51,0,0,0,3340.83,30.8,15917.27,32,489488.28
2023-08-27,S03,Delhi,North,Grocery,448.43,0,0,0,6347.78,32.6,464.09,50,22421.25
2023-08-27,S03,Delhi,North,Home & Kitchen,2118.51,0,0,0,6821.91,33.7,2390.49,49,103807.11
2023-08-27,S04,Bengaluru,South,Clothing,1791.39,0,0,0,4570.49,30.3,1740.97,32,57324.46
2023-08-27,S04,Bengaluru,South,Electronics,14984.51,0,0,0,3158.71,27.7,15070.2,27,404581.88
2023-08-27,S04,Bengaluru,South,Grocery,354.29,20,1,0,6590.6,32.1,450.23,75,26571.41
2023-08-27,S04,Bengaluru,South,Home & Kitchen,2284.14,0,0,0,4144.02,30.6,1923.69,32,73092.62
2023-08-28,S01,Mumbai,West,Clothing,1749.1,0,0,0,4410.05,26.0,1653.02,35,61218.62
2023-08-28,S01,Mumbai,West,Electronics,14865.95,5,1,0,2248.08,32.2,15666.85,21,312184.9
2023-08-28,S01,Mumbai,West,Grocery,440.12,0,0,0,3710.52,31.3,447.01,40,17604.78
2023-08-28,S01,Mumbai,West,Home & Kitchen,2172.58,0,0,0,3574.21,33.5,2130.64,23,49969.26
2023-08-28,S02,Pune,West,Clothing,1746.43,0,0,0,4719.38,32.1,1681.26,34,59378.75
2023-08-28,S02,Pune,West,Electronics,15164.95,0,0,0,5602.77,27.2,14340.28,20,303298.98
2023-08-28,S02,Pune,West,Grocery,391.86,10,1,0,1817.09,29.3,417.66,36,14107.02
2023-08-28,S02,Pune,West,Home & Kitchen,2345.93,0,0,0,3882.88,30.2,2322.26,17,39880.82
2023-08-28,S03,Delhi,North,Clothing,1864.95,0,0,0,4528.24,31.3,1782.06,27,50353.54
2023-08-28,S03,Delhi,North,Electronics,14944.71,0,0,0,7837.44,35.9,14981.95,22,328783.7
2023-08-28,S03,Delhi,North,Grocery,445.81,0,0,0,4895.89,31.0,487.56,38,16940.66
2023-08-28,S03,Delhi,North,Home & Kitchen,2189.42,0,0,0,3678.75,32.1,2160.34,22,48167.33
2023-08-28,S04,Bengaluru,South,Clothing,1798.76,0,0,0,5325.37,28.1,1829.36,35,62956.71
2023-08-28,S04,Bengaluru,South,Electronics,14946.42,0,0,0,4250.29,33.2,14921.31,22,328821.29
2023-08-28,S04,Bengaluru,South,Grocery,451.91,0,0,0,4993.68,30.9,447.76,36,16268.67
2023-08-28,S04,Bengaluru,South,Home & Kitchen,2240.69,0,0,0,8924.66,31.5,2139.65,23,51535.76
2023-08-29,S01,Mumbai,West,Clothing,1675.7,10,1,0,6273.39,30.5,1818.29,49,82109.54
2023-08-29,S01,Mumbai,West,Electronics,14981.19,0,0,0,5921.41,30.1,14593.5,29,434454.55
2023-08-29,S01,Mumbai,West,Grocery,462.86,0,0,0,3652.31,31.8,471.18,32,14811.52
2023-08-29,S01,Mumbai,West,Home & Kitchen,1907.3,15,1,0,5917.24,33.3,2235.23,36,68662.65
2023-08-29,S02,Pune,West,Clothing,1787.41,0,0,0,7271.07,25.4,1714.6,32,57197.1
2023-08-29,S02,Pune,West,Electronics,14970.6,0,0,0,6891.67,30.6,15115.04,16,239529.62
2023-08-29,S02,Pune,West,Grocery,480.16,0,0,0,4811.2,27.6,452.14,24,11523.88
2023-08-29,S02,Pune,West,Home & Kitchen,2097.59,0,0,0,5903.71,33.3,2212.86,25,52439.66
2023-08-29,S03,Delhi,North,Clothing,1776.27,0,0,0,4860.89,28.1,1809.08,42,74603.42
2023-08-29,S03,Delhi,North,Electronics,14265.55,0,0,0,6290.94,30.5,15034.17,13,185452.19
2023-08-29,S03,Delhi,North,Grocery,469.4,0,0,0,6466.18,33.4,470.08,42,19714.84
2023-08-29,S03,Delhi,North,Home & Kitchen,2222.02,0,0,0,3694.67,32.1,2252.99,27,59994.64
2023-08-29,S04,Bengaluru,South,Clothing,1785.01,0,0,0,3490.89,29.0,1732.07,30,53550.2
2023-08-29,S04,Bengaluru,South,Electronics,15060.11,0,0,0,5640.36,29.2,17175.67,34,512043.75
2023-08-29,S04,Bengaluru,South,Grocery,361.33,20,1,0,6249.31,32.2,456.17,58,20957.31
2023-08-29,S04,Bengaluru,South,Home & Kitchen,2058.33,5,1,0,3665.25,31.1,2090.05,25,51458.16
2023-08-30,S01,Mumbai,West,Clothing,1461.41,10,1,0,4809.16,32.6,1983.96,38,55533.4
2023-08-30,S01,Mumbai,West,Electronics,15451.56,0,0,0,6130.78,31.2,14479.47,19,293579.72
2023-08-30,S01,Mumbai,West,Grocery,452.92,0,0,0,6710.03,31.4,461.67,44,19928.58
2023-08-30,S01,Mumbai,West,Home & Kitchen,2186.77,0,0,0,5372.76,32.8,2120.49,32,69976.57
2023-08-30,S02,Pune,West,Clothing,1408.71,20,1,0,7430.93,30.9,1737.34,48,67617.89
2023-08-30,S02,Pune,West,Electronics,15631.72,0,0,0,9342.82,32.9,16051.9,25,390792.9
2023-08-30,S02,Pune,West,Grocery,349.61,20,1,0,5685.55,33.4,415.84,53,18529.36
2023-08-30,S02,Pune,West,Home & Kitchen,2215.24,0,0,0,4531.54,28.1,2199.38,25,55381.06
2023-08-30,S03,Delhi,North,Clothing,1596.58,10,1,0,3117.09,32.8,1899.16,47,75039.42
2023-08-30,S03,Delhi,North,Electronics,15094.31,0,0,0,5130.09,31.5,14987.44,23,347169.17
2023-08-30,S03,Delhi,North,Grocery,459.7,0,0,0,3616.77,27.3,460.34,31,14250.65
2023-08-30,S03,Delhi,North,Home & Kitchen,2164.9,0,0,0,5406.48,27.3,2165.37,27,58452.34
2023-08-30,S04,Bengaluru,South,Clothing,1779.89,0,0,0,6273.96,31.3,1886.57,27,48057.09
2023-08-30,S04,Bengaluru,South,Electronics,15376.18,0,0,0,5601.66,31.8,15892.32,18,276771.27
2023-08-30,S04,Bengaluru,South,Grocery,449.31,0,0,0,6736.83,32.7,467.14,53,23813.47
2023-08-30,S04,Bengaluru,South,Home & Kitchen,2247.71,0,0,0,5540.33,29.7,2253.49,23,51697.27
2023-08-31,S01,Mumbai,West,Clothing,1776.09,0,0,0,7216.75,32.2,1684.13,42,74595.74
2023-08-31,S01,Mumbai,West,Electronics,15485.69,0,0,0,4623.35,32.4,13633.99,34,526513.53
2023-08-31,S01,Mumbai,West,Grocery,439.32,0,0,0,6495.95,31.0,424.68,42,18451.37
2023-08-31,S01,Mumbai,West,Home & Kitchen,2139.73,0,0,0,6351.19,31.5,2477.12,41,87728.94
2023-08-31,S02,Pune,West,Clothing,1855.6,0,0,0,3809.58,32.7,1753.02,18,33400.79
2023-08-31,S02,Pune,West,Electronics,15081.77,0,0,0,5070.21,31.8,15410.37,16,241308.38
2023-08-31,S02,Pune,West,Grocery,456.25,0,0,0,4903.58,33.6,463.75,34,15512.5
2023-08-31,S02,Pune,West,Home & Kitchen,1817.45,15,1,0,7789.25,30.8,2182.49,41,74515.34
2023-08-31,S03,Delhi,North,Clothing,1727.86,0,0,0,4638.28,29.6,1757.59,31,53563.57
2023-08-31,S03,Delhi,North,Electronics,15183.21,0,0,0,5909.37,30.6,13788.05,16,242931.44
2023-08-31,S03,Delhi,North,Grocery,435.99,0,0,0,5453.91,33.0,401.92,41,17875.67
2023-08-31,S03,Delhi,North,Home & Kitchen,2167.16,0,0,0,5742.41,32.8,2107.83,24,52011.75
2023-08-31,S04,Bengaluru,South,Clothing,1812.54,0,0,0,3867.67,32.5,1691.14,29,52563.74
2023-08-31,S04,Bengaluru,South,Electronics,14884.88,0,0,0,5993.98,30.8,15578.71,22,327467.26
2023-08-31,S04,Bengaluru,South,Grocery,455.19,0,0,0,5431.17,31.9,453.05,31,14110.86
2023-08-31,S04,Bengaluru,South,Home & Kitchen,1664.92,25,1,0,6371.61,27.7,2058.59,45,74921.36
2023-09-01,S01,Mumbai,West,Clothing,1797.52,0,0,0,5732.31,25.4,1802.68,39,70103.36
2023-09-01,S01,Mumbai,West,Electronics,14895.85,0,0,0,1278.94,27.1,16314.49,20,297916.98
2023-09-01,S01,Mumbai,West,Grocery,463.02,0,0,0,4271.78,32.3,425.97,37,17131.91
2023-09-01,S01,Mumbai,West,Home & Kitchen,2073.29,5,1,0,2983.89,29.2,2453.95,37,76711.75
2023-09-01,S02,Pune,West,Clothing,1696.01,0,0,0,1247.85,28.8,1738.95,18,30528.25
2023-09-01,S02,Pune,West,Electronics,13047.78,15,1,0,8703.58,28.5,13367.28,29,378385.73
2023-09-01,S02,Pune,West,Grocery,440.06,0,0,0,5048.41,26.9,482.26,27,11881.51
2023-09-01,S02,Pune,West,Home & Kitchen,1726.85,25,1,0,1980.26,28.5,2161.13,29,50078.53
2023-09-01,S03,Delhi,North,Clothing,1313.23,25,1,0,5518.7,27.2,1858.8,63,82733.56
2023-09-01,S03,Delhi,North,Electronics,14917.85,0,0,0,4298.4,27.2,15376.96,21,313274.95
2023-09-01,S03,Delhi,North,Grocery,450.3,0,0,0,4280.31,27.4,422.52,33,14859.95
2023-09-01,S03,Delhi,North,Home & Kitchen,2200.69,0,0,0,4946.17,27.4,2069.36,23,50615.76
2023-09-01,S04,Bengaluru,South,Clothing,1783.35,0,0,0,6799.34,31.7,1827.12,24,42800.37
2023-09-01,S04,Bengaluru,South,Electronics,15464.78,0,0,0,7206.87,30.0,14952.26,17,262901.33
2023-09-01,S04,Bengaluru,South,Grocery,350.21,20,1,0,8563.35,27.4,495.62,69,24164.44
2023-09-01,S04,Bengaluru,South,Home & Kitchen,2191.22,0,0,0,6205.78,30.7,2272.76,37,81075.18
2023-09-02,S01,Mumbai,West,Clothing,1764.3,0,0,0,3789.33,25.7,1779.63,38,67043.47
2023-09-02,S01,Mumbai,West,Electronics,15267.61,0,0,0,3505.37,30.0,15619.29,37,564901.59
2023-09-02,S01,Mumbai,West,Grocery,463.67,0,0,0,2186.32,26.5,456.09,57,26428.96
2023-09-02,S01,Mumbai,West,Home & Kitchen,2254.16,0,0,0,1685.57,28.2,2187.87,37,83403.98
2023-09-02,S02,Pune,West,Clothing,1808.47,0,0,0,4306.78,28.4,1749.42,32,57871.13
2023-09-02,S02,Pune,West,Electronics,12183.17,20,1,0,4740.98,28.0,15486.47,32,389861.48
2023-09-02,S02,Pune,West,Grocery,447.73,0,0,0,3754.82,26.9,409.71,45,20147.83
2023-09-02,S02,Pune,West,Home & Kitchen,2163.53,0,0,0,3897.54,29.9,2071.97,17,36779.95
2023-09-02,S03,Delhi,North,Clothing,1879.19,0,0,0,4486.6,27.6,1781.06,34,63892.34
2023-09-02,S03,Delhi,North,Electronics,11278.85,25,1,0,5689.68,29.0,14384.14,53,597779.14
2023-09-02,S03,Delhi,North,Grocery,466.81,0,0,0,7612.23,29.3,464.63,58,27075.01
2023-09-02,S03,Delhi,North,Home & Kitchen,2244.47,0,0,0,6343.26,28.5,2099.41,29,65089.63
2023-09-02,S04,Bengaluru,South,Clothing,1851.69,0,0,0,5241.65,27.8,1690.13,27,49995.71
2023-09-02,S04,Bengaluru,South,Electronics,13920.26,5,1,0,3636.02,28.3,15204.0,28,389767.32
2023-09-02,S04,Bengaluru,South,Grocery,470.44,0,0,0,,30.8,397.01,32,15054.12
2023-09-02,S04,Bengaluru,South,Home & Kitchen,1677.05,25,1,0,5359.97,29.2,2165.64,51,85529.79
2023-09-03,S01,Mumbai,West,Clothing,1846.63,0,0,0,5141.77,26.6,1808.63,34,62785.47
2023-09-03,S01,Mumbai,West,Electronics,14890.41,0,0,0,6849.35,26.0,15577.42,33,491383.61
2023-09-03,S01,Mumbai,West,Grocery,454.47,0,0,0,3307.11,30.3,457.72,44,19996.85
2023-09-03,S01,Mumbai,West,Home & Kitchen,2132.45,0,0,0,5057.22,25.8,2257.18,32,68238.34
2023-09-03,S02,Pune,West,Clothing,1460.32,15,1,0,5932.96,29.8,1857.64,54,78857.06
2023-09-03,S02,Pune,West,Electronics,15459.43,0,0,0,6882.32,28.6,14668.43,33,510161.22
2023-09-03,S02,Pune,West,Grocery,452.48,0,0,0,2679.5,27.5,449.33,38,17194.38
2023-09-03,S02,Pune,West,Home & Kitchen,2266.56,0,0,0,5679.12,27.8,2287.47,28,63463.71
2023-09-03,S03,Delhi,North,Clothing,1833.03,0,0,0,6650.17,29.7,1928.21,39,71488.0
2023-09-03,S03,Delhi,North,Electronics,14150.43,0,0,0,5032.2,25.5,14053.34,30,424513.0
2023-09-03,S03,Delhi,North,Grocery,457.26,0,0,0,5552.34,30.0,429.64,50,22863.07
2023-09-03,S03,Delhi,North,Home & Kitchen,2116.58,5,1,0,8461.24,26.6,2266.47,40,84663.25
2023-09-03,S04,Bengaluru,South,Clothing,1874.66,0,0,0,4353.76,27.2,1761.52,29,54365.13
2023-09-03,S04,Bengaluru,South,Electronics,14771.86,0,0,0,2199.61,31.1,16603.44,32,472699.38
2023-09-03,S04,Bengaluru,South,Grocery,445.95,0,0,0,4861.16,27.9,389.57,42,18730.04
2023-09-03,S04,Bengaluru,South,Home & Kitchen,2194.22,0,0,0,6859.29,30.6,2279.37,34,74603.41
2023-09-04,S01,Mumbai,West,Clothing,1771.66,5,1,0,6223.23,28.4,1817.48,40,70866.56
2023-09-04,S01,Mumbai,West,Electronics,15594.96,0,0,0,833.01,28.6,15725.79,20,311899.22
2023-09-04,S01,Mumbai,West,Grocery,441.73,0,0,0,7581.87,27.7,434.82,45,19877.97
2023-09-04,S01,Mumbai,West,Home & Kitchen,2213.81,0,0,0,1202.87,26.2,2200.57,17,37634.81
2023-09-04,S02,Pune,West,Clothing,1823.34,0,0,0,5675.99,28.3,1812.22,27,49230.2
2023-09-04,S02,Pune,West,Electronics,13871.06,5,1,0,4546.48,26.0,15382.04,21,291292.28
2023-09-04,S02,Pune,West,Grocery,461.61,0,0,0,5325.66,26.4,446.29,25,11540.35
2023-09-04,S02,Pune,West,Home & Kitchen,2170.34,0,0,0,5660.29,29.9,2088.08,25,54258.59
2023-09-04,S03,Delhi,North,Clothing,1869.53,0,0,0,6146.51,27.9,1673.46,35,65433.59
2023-09-04,S03,Delhi,North,Electronics,15029.8,0,0,0,6446.45,27.7,13690.16,15,225447.07
2023-09-04,S03,Delhi,North,Grocery,453.54,0,0,0,3506.32,28.4,446.66,38,17234.59
2023-09-04,S03,Delhi,North,Home & Kitchen,2277.62,0,0,0,6120.71,31.3,2345.98,22,50107.67
2023-09-04,S04,Bengaluru,South,Clothing,1870.09,0,0,0,634.03,27.9,1857.53,28,52362.4
2023-09-04,S04,Bengaluru,South,Electronics,14500.01,0,0,0,4605.53,26.6,16674.26,25,362500.15
2023-09-04,S04,Bengaluru,South,Grocery,472.69,0,0,0,2717.77,26.5,444.39,35,16544.13
2023-09-04,S04,Bengaluru,South,Home & Kitchen,2211.17,0,0,0,4500.18,27.0,1936.69,32,70757.38
2023-09-05,S01,Mumbai,West,Clothing,1723.75,0,0,0,6822.08,23.9,1902.6,42,72397.49
2023-09-05,S01,Mumbai,West,Electronics,15286.13,0,0,0,4478.71,29.8,15432.53,23,351580.98
2023-09-05,S01,Mumbai,West,Grocery,443.81,0,0,0,6033.21,25.0,485.8,47,20859.21
2023-09-05,S01,Mumbai,West,Home & Kitchen,1647.26,25,1,0,6285.43,26.8,2161.65,52,85657.33
2023-09-05,S02,Pune,West,Clothing,1778.46,0,0,0,3333.68,30.4,1909.78,21,37347.64
2023-09-05,S02,Pune,West,Electronics,15089.34,0,0,0,4972.38,29.6,14887.87,18,271608.15
2023-09-05,S02,Pune,West,Grocery,463.76,0,0,0,3508.62,26.7,405.23,32,14840.43
2023-09-05,S02,Pune,West,Home & Kitchen,1782.19,20,1,0,6930.48,27.9,2207.44,34,60594.46
2023-09-05,S03,Delhi,North,Clothing,1754.61,0,0,0,6453.93,29.2,1917.34,30,52638.26
2023-09-05,S03,Delhi,North,Electronics,14951.23,0,0,0,2880.01,25.3,13845.92,18,269122.07
2023-09-05,S03,Delhi,North,Grocery,432.41,0,0,0,6402.45,28.1,470.48,33,14269.47
2023-09-05,S03,Delhi,North,Home & Kitchen,2194.08,0,0,0,5556.83,26.1,,31,68016.44
2023-09-05,S04,Bengaluru,South,Clothing,1694.87,10,1,0,5189.36,28.5,1697.3,29,49151.15
2023-09-05,S04,Bengaluru,South,Electronics,13464.83,0,0,0,7212.0,25.9,14596.95,20,269296.66
2023-09-05,S04,Bengaluru,South,Grocery,420.62,0,0,0,3556.31,27.1,478.72,25,10515.46
2023-09-05,S04,Bengaluru,South,Home & Kitchen,1789.33,20,1,0,5112.68,28.7,2178.1,39,69784.01
2023-09-06,S01,Mumbai,West,Clothing,1913.05,0,0,0,4099.43,28.0,1807.63,30,57391.45
2023-09-06,S01,Mumbai,West,Electronics,14464.28,0,0,0,3230.0,29.3,14816.75,24,347142.78
2023-09-06,S01,Mumbai,West,Grocery,453.84,0,0,0,5098.19,27.6,468.3,38,17246.04
2023-09-06,S01,Mumbai,West,Home & Kitchen,2149.79,0,0,0,5888.31,30.8,2213.16,37,79542.1
2023-09-06,S02,Pune,West,Clothing,1701.89,0,0,0,5267.01,28.3,1822.67,30,51056.79
2023-09-06,S02,Pune,West,Electronics,14936.67,0,0,0,5805.32,29.7,14354.66,13,194176.69
2023-09-06,S02,Pune,West,Grocery,344.86,25,1,0,6724.93,28.9,470.62,43,14829.16
2023-09-06,S02,Pune,West,Home & Kitchen,2083.2,5,1,0,6373.52,28.2,2155.03,21,43747.12
2023-09-06,S03,Delhi,North,Clothing,1819.5,0,0,0,3243.71,24.9,1752.15,20,36390.07
2023-09-06,S03,Delhi,North,Electronics,10840.7,25,1,0,4163.54,31.1,13298.0,23,249336.19
2023-09-06,S03,Delhi,North,Grocery,481.23,0,0,0,6852.07,27.2,453.05,32,15399.37
2023-09-06,S03,Delhi,North,Home & Kitchen,2266.85,0,0,0,4675.17,31.9,2163.15,21,47603.9
2023-09-06,S04,Bengaluru,South,Clothing,1737.99,0,0,0,4884.54,31.6,1842.2,34,59091.71
2023-09-06,S04,Bengaluru,South,Electronics,14212.43,0,0,0,7162.91,26.7,13782.09,26,369523.23
2023-09-06,S04,Bengaluru,South,Grocery,363.06,15,1,0,5326.91,28.8,446.49,57,20694.48
2023-09-06,S04,Bengaluru,South,Home & Kitchen,2066.37,5,1,0,6153.45,26.8,2276.91,28,57858.34
2023-09-07,S01,Mumbai,West,Clothing,1292.36,25,1,0,7381.21,28.6,1914.95,61,78833.84
2023-09-07,S01,Mumbai,West,Electronics,15072.69,0,0,0,6206.86,31.8,14877.18,23,346671.78
2023-09-07,S01,Mumbai,West,Grocery,432.29,0,0,0,7803.25,26.9,435.92,46,19885.29
2023-09-07,S01,Mumbai,West,Home & Kitchen,2180.64,0,0,0,6854.12,30.2,2195.53,25,54515.97
2023-09-07,S02,Pune,West,Clothing,1850.88,0,0,0,5266.46,28.2,1739.14,24,44421.13
2023-09-07,S02,Pune,West,Electronics,15294.16,0,0,0,6041.35,27.3,14946.4,23,351765.62
2023-09-07,S02,Pune,West,Grocery,464.01,0,0,0,3594.2,32.1,464.08,40,18560.32
2023-09-07,S02,Pune,West,Home & Kitchen,2199.09,0,0,0,3283.81,28.2,2284.3,24,52778.16
2023-09-07,S03,Delhi,North,Clothing,1856.58,0,0,0,5116.33,25.8,1990.06,37,68693.55
2023-09-07,S03,Delhi,North,Electronics,15237.72,0,0,0,3162.89,30.0,14231.2,12,182852.66
2023-09-07,S03,Delhi,North,Grocery,459.74,0,0,0,4494.44,31.4,458.97,42,19309.05
2023-09-07,S03,Delhi,North,Home & Kitchen,2123.05,0,0,0,5112.53,28.1,2130.89,20,42461.04
2023-09-07,S04,Bengaluru,South,Clothing,1771.54,5,1,0,5941.71,28.0,1867.99,29,51374.77
2023-09-07,S04,Bengaluru,South,Electronics,15402.72,0,0,0,5297.88,29.3,15037.05,27,415873.51
2023-09-07,S04,Bengaluru,South,Grocery,448.88,0,0,0,5711.08,30.0,440.52,35,15710.8
2023-09-07,S04,Bengaluru,South,Home & Kitchen,2191.67,0,0,0,5522.43,29.3,2075.22,32,70133.42
2023-09-08,S01,Mumbai,West,Clothing,1869.59,0,0,0,5062.78,27.4,1789.41,34,63565.93
2023-09-08,S01,Mumbai,West,Electronics,15741.65,0,0,0,3987.33,26.5,14679.33,16,251866.41
2023-09-08,S01,Mumbai,West,Grocery,467.93,0,0,0,7937.49,29.2,433.75,38,17781.15
2023-09-08,S01,Mumbai,West,Home & Kitchen,2096.27,0,0,0,4066.15,25.8,2032.73,25,52406.72
2023-09-08,S02,Pune,West,Clothing,1664.12,0,0,0,6478.93,29.8,1816.96,30,49923.45
2023-09-08,S02,Pune,West,Electronics,15115.12,0,0,0,3091.17,28.9,14668.9,14,211611.62
2023-09-08,S02,Pune,West,Grocery,441.68,0,0,0,6039.08,27.3,495.59,43,18992.35
2023-09-08,S02,Pune,West,Home & Kitchen,1888.72,15,1,0,4597.59,29.3,2162.38,32,60438.93
2023-09-08,S03,Delhi,North,Clothing,1831.28,0,0,0,5588.44,28.1,1839.18,32,58601.06
2023-09-08,S03,Delhi,North,Electronics,14777.58,0,0,0,6279.68,26.5,14674.02,21,310329.18
2023-09-08,S03,Delhi,North,Grocery,474.08,0,0,0,3785.32,28.7,481.23,38,18014.92
2023-09-08,S03,Delhi,North,Home & Kitchen,1892.34,15,1,0,3540.73,27.7,2218.07,41,77585.99
2023-09-08,S04,Bengaluru,South,Clothing,1443.75,20,1,0,6917.55,25.8,1619.87,38,54862.63
2023-09-08,S04,Bengaluru,South,Electronics,15496.15,0,0,0,4572.21,29.3,15572.77,33,511372.84
2023-09-08,S04,Bengaluru,South,Grocery,393.99,15,1,0,5100.06,29.3,407.25,34,13395.51
2023-09-08,S04,Bengaluru,South,Home & Kitchen,2122.85,0,0,0,6641.7,31.1,2234.15,16,33965.58
2023-09-09,S01,Mumbai,West,Clothing,1808.09,0,0,0,7237.35,29.1,1768.49,43,77747.9
2023-09-09,S01,Mumbai,West,Electronics,14918.45,0,0,0,5605.93,25.2,16976.06,25,372961.15
2023-09-09,S01,Mumbai,West,Grocery,472.95,0,0,0,4946.09,28.2,444.87,47,22228.78
2023-09-09,S01,Mumbai,West,Home & Kitchen,2207.24,0,0,0,5241.77,28.1,2228.93,30,66217.09
2023-09-09,S02,Pune,West,Clothing,1798.3,0,0,0,4539.79,27.2,1663.98,36,64738.92
2023-09-09,S02,Pune,West,Electronics,14723.68,0,0,0,3699.47,24.6,15230.79,27,397539.44
2023-09-09,S02,Pune,West,Grocery,458.76,0,0,0,4918.32,30.0,461.16,34,15597.8
2023-09-09,S02,Pune,West,Home & Kitchen,2260.69,0,0,0,8474.58,29.1,2089.31,27,61038.56
2023-09-09,S03,Delhi,North,Clothing,1885.34,0,0,0,7875.05,26.5,1876.52,34,64101.48
2023-09-09,S03,Delhi,North,Electronics,15103.1,0,0,0,4848.63,24.3,15795.94,26,392680.69
2023-09-09,S03,Delhi,North,Grocery,454.07,0,0,0,1695.64,28.4,483.46,30,13622.02
2023-09-09,S03,Delhi,North,Home & Kitchen,2222.77,0,0,0,3215.66,26.2,2085.45,26,57792.06
2023-09-09,S04,Bengaluru,South,Clothing,1805.42,0,0,0,4300.53,28.8,1842.81,34,61384.38
2023-09-09,S04,Bengaluru,South,Electronics,14424.4,0,0,0,5392.34,25.4,16354.68,23,331761.22
2023-09-09,S04,Bengaluru,South,Grocery,453.15,0,0,0,3365.29,29.3,443.12,42,19032.37
2023-09-09,S04,Bengaluru,South,Home & Kitchen,2009.41,5,1,0,3670.7,31.0,2230.52,36,72338.74
2023-09-10,S01,Mumbai,West,Clothing,1772.8,0,0,0,6936.34,28.4,1739.77,30,53184.0
2023-09-10,S01,Mumbai,West,Electronics,15201.47,0,0,0,5848.19,26.0,15416.93,26,395238.27
2023-09-10,S01,Mumbai,West,Grocery,446.81,0,0,0,4973.64,26.0,442.53,51,22787.55
2023-09-10,S01,Mumbai,West,Home & Kitchen,2109.93,0,0,0,5977.26,27.2,2195.35,30,63297.83
2023-09-10,S02,Pune,West,Clothing,1837.32,0,0,0,5664.14,25.8,1591.93,32,58794.38
2023-09-10,S02,Pune,West,Electronics,14847.93,0,0,0,5917.18,28.4,14335.5,24,356350.32
2023-09-10,S02,Pune,West,Grocery,445.4,0,0,0,5022.44,28.7,430.22,44,19597.51
2023-09-10,S02,Pune,West,Home & Kitchen,2192.79,0,0,0,3110.93,25.8,2308.82,25,54819.63
2023-09-10,S03,Delhi,North,Clothing,1457.37,20,1,0,6297.69,27.6,1785.52,58,84527.29
2023-09-10,S03,Delhi,North,Electronics,15219.62,0,0,0,3625.43,29.0,15045.54,28,426149.31
2023-09-10,S03,Delhi,North,Grocery,449.75,0,0,0,6651.18,31.0,448.73,41,18439.91
2023-09-10,S03,Delhi,North,Home & Kitchen,2355.6,0,0,0,6888.08,27.0,2297.21,30,70668.0
2023-09-10,S04,Bengaluru,South,Clothing,1761.12,0,0,0,5784.44,28.2,1901.31,34,59878.12
2023-09-10,S04,Bengaluru,South,Electronics,15419.15,0,0,0,6680.53,26.3,14921.25,21,323802.2
2023-09-10,S04,Bengaluru,South,Grocery,448.55,0,0,0,5516.82,27.3,438.09,56,25118.58
2023-09-10,S04,Bengaluru,South,Home & Kitchen,2087.82,0,0,0,6381.32,28.1,2227.47,38,79337.06
2023-09-11,S01,Mumbai,West,Clothing,1777.89,0,0,0,5295.47,26.9,1636.46,35,62226.3
2023-09-11,S01,Mumbai,West,Electronics,15245.65,0,0,0,7754.34,29.3,14652.15,31,472615.01
2023-09-11,S01,Mumbai,West,Grocery,454.81,0,0,0,4126.93,30.9,478.26,47,21375.95
2023-09-11,S01,Mumbai,West,Home & Kitchen,2270.78,0,0,0,3236.42,27.7,2234.34,34,77206.55
2023-09-11,S02,Pune,West,Clothing,1874.34,0,0,0,5432.66,28.0,1857.89,27,50607.27
2023-09-11,S02,Pune,West,Electronics,15741.83,0,0,0,4448.43,27.7,14156.42,8,125934.61
2023-09-11,S02,Pune,West,Grocery,463.31,0,0,0,4630.48,24.7,461.57,26,12046.17
2023-09-11,S02,Pune,West,Home & Kitchen,1694.12,25,1,0,3451.97,28.4,2109.14,33,55906.04
2023-09-11,S03,Delhi,North,Clothing,1799.9,0,0,0,4827.42,29.5,1861.26,29,52197.13
2023-09-11,S03,Delhi,North,Electronics,15147.96,0,0,0,4667.72,27.9,15190.12,22,333255.13
2023-09-11,S03,Delhi,North,Grocery,441.3,0,0,0,2370.5,27.0,478.66,38,16769.44
2023-09-11,S03,Delhi,North,Home & Kitchen,2155.77,0,0,0,7630.42,27.6,2240.64,20,43115.4
2023-09-11,S04,Bengaluru,South,Clothing,1779.62,0,0,0,3521.78,27.9,1732.65,21,37371.98
2023-09-11,S04,Bengaluru,South,Electronics,10430.41,25,1,0,4597.33,28.6,14738.49,42,438077.21
2023-09-11,S04,Bengaluru,South,Grocery,453.85,0,0,0,2500.87,30.2,446.18,50,22692.5
2023-09-11,S04,Bengaluru,South,Home & Kitchen,2224.06,0,0,0,6480.73,29.5,2160.23,17,37808.95
2023-09-12,S01,Mumbai,West,Clothing,1798.19,0,0,0,4606.58,24.1,1824.82,30,53945.71
2023-09-12,S01,Mumbai,West,Electronics,14533.52,0,0,0,4695.59,29.0,15349.12,27,392405.03
2023-09-12,S01,Mumbai,West,Grocery,466.01,0,0,0,4573.1,,472.15,55,25630.46
2023-09-12,S01,Mumbai,West,Home & Kitchen,2084.23,5,1,0,7647.63,26.9,2191.47,39,81285.1
2023-09-12,S02,Pune,West,Clothing,1284.79,25,1,0,7576.06,29.2,1891.65,50,64239.43
2023-09-12,S02,Pune,West,Electronics,14237.54,0,0,0,2903.98,30.5,15549.06,17,242038.21
2023-09-12,S02,Pune,West,Grocery,451.56,0,0,0,4389.97,28.0,478.91,36,16256.17
2023-09-12,S02,Pune,West,Home & Kitchen,2268.5,0,0,0,6019.84,29.1,2217.01,21,47638.44
2023-09-12,S03,Delhi,North,Clothing,1589.22,5,1,0,8043.46,26.4,1861.23,54,85817.86
2023-09-12,S03,Delhi,North,Electronics,14396.65,0,0,0,4052.29,32.5,15959.54,26,374312.83
2023-09-12,S03,Delhi,North,Grocery,463.17,0,0,0,4927.48,27.5,428.38,33,15284.46
2023-09-12,S03,Delhi,North,Home & Kitchen,2120.73,0,0,0,2950.68,28.3,2093.55,24,50897.57
2023-09-12,S04,Bengaluru,South,Clothing,1680.9,0,0,0,6394.94,27.5,1722.65,31,52107.88
2023-09-12,S04,Bengaluru,South,Electronics,14535.83,0,0,0,,30.5,15834.01,21,305252.4
2023-09-12,S04,Bengaluru,South,Grocery,449.72,0,0,0,2555.82,28.0,446.81,29,13041.76
2023-09-12,S04,Bengaluru,South,Home & Kitchen,2179.26,0,0,0,6102.76,29.0,2280.15,20,43585.23
2023-09-13,S01,Mumbai,West,Clothing,1811.25,0,0,0,5759.91,28.3,1984.86,42,76072.69
2023-09-13,S01,Mumbai,West,Electronics,15229.82,0,0,0,5564.07,28.2,14241.85,25,380745.46
2023-09-13,S01,Mumbai,West,Grocery,476.4,0,0,0,2770.51,31.2,450.79,40,19056.0
2023-09-13,S01,Mumbai,West,Home & Kitchen,1837.92,15,1,0,6493.82,30.8,2160.36,48,88220.22
2023-09-13,S02,Pune,West,Clothing,1772.13,0,0,0,3770.13,29.9,1806.49,24,42531.23
2023-09-13,S02,Pune,West,Electronics,15319.21,0,0,0,4893.53,27.6,15831.63,20,306384.28
2023-09-13,S02,Pune,West,Grocery,458.37,0,0,0,4650.52,27.7,439.54,32,14667.95
2023-09-13,S02,Pune,West,Home & Kitchen,1955.22,10,1,0,4093.31,30.9,2340.12,18,35194.03
2023-09-13,S03,Delhi,North,Clothing,1822.51,0,0,0,4685.56,26.5,1787.18,28,51030.2
2023-09-13,S03,Delhi,North,Electronics,14827.15,0,0,0,2848.2,30.8,12861.58,15,222407.3
2023-09-13,S03,Delhi,North,Grocery,376.17,20,1,0,2894.64,29.9,455.1,59,22194.26
2023-09-13,S03,Delhi,North,Home & Kitchen,2149.16,0,0,0,5819.76,29.1,2364.05,32,68773.18
2023-09-13,S04,Bengaluru,South,Clothing,1830.02,0,0,0,6416.08,32.1,1653.66,25,45750.54
2023-09-13,S04,Bengaluru,South,Electronics,14789.59,0,0,0,5143.36,26.6,14307.78,13,192264.65
2023-09-13,S04,Bengaluru,South,Grocery,476.49,0,0,0,3770.95,26.9,465.55,32,15247.79
2023-09-13,S04,Bengaluru,South,Home & Kitchen,2122.32,0,0,0,4905.19,28.3,2238.32,31,65791.84
2023-09-14,S01,Mumbai,West,Clothing,1750.31,0,0,0,4729.32,26.1,1841.24,34,59510.6
2023-09-14,S01,Mumbai,West,Electronics,14372.77,0,0,0,2772.42,25.8,16128.38,23,330573.81
2023-09-14,S01,Mumbai,West,Grocery,471.02,0,0,0,2764.42,28.5,465.25,42,19782.81
2023-09-14,S01,Mumbai,West,Home & Kitchen,2276.6,0,0,0,4091.83,28.0,2296.24,29,66021.31
2023-09-14,S02,Pune,West,Clothing,1858.52,0,0,0,500.0,29.9,1764.78,26,48321.45
2023-09-14,S02,Pune,West,Electronics,15558.65,0,0,0,4821.54,29.7,15435.04,20,311173.02
2023-09-14,S02,Pune,West,Grocery,385.84,15,1,0,8126.97,,469.18,45,17363.01
2023-09-14,S02,Pune,West,Home & Kitchen,2324.42,0,0,0,7688.32,26.0,2119.68,12,27893.07
2023-09-14,S03,Delhi,North,Clothing,1832.27,0,0,0,5778.03,28.2,1868.79,29,53135.9
2023-09-14,S03,Delhi,North,Electronics,15958.26,0,0,0,6890.53,29.3,15293.75,20,319165.15
2023-09-14,S03,Delhi,North,Grocery,464.06,0,0,0,7701.51,31.5,462.74,43,19954.49
2023-09-14,S03,Delhi,North,Home & Kitchen,2158.28,0,0,0,2713.14,27.6,2067.32,23,49640.44
2023-09-14,S04,Bengaluru,South,Clothing,1788.96,0,0,0,5394.16,27.0,1713.47,32,57246.61
2023-09-14,S04,Bengaluru,South,Electronics,15474.17,0,0,0,6679.09,25.1,14821.91,28,433276.9
2023-09-14,S04,Bengaluru,South,Grocery,443.05,0,0,0,5592.78,24.2,440.2,33,14620.68
2023-09-14,S04,Bengaluru,South,Home & Kitchen,2174.62,0,0,0,4273.07,28.9,2231.9,28,60889.22
2023-09-15,S01,Mumbai,West,Clothing,1519.26,15,1,0,9024.55,26.8,1861.81,58,88117.21
2023-09-15,S01,Mumbai,West,Electronics,12510.7,15,1,0,8142.74,29.5,14504.2,36,450385.16
2023-09-15,S01,Mumbai,West,Grocery,426.57,0,0,0,2416.01,27.9,468.52,45,19195.66
2023-09-15,S01,Mumbai,West,Home & Kitchen,2131.9,0,0,0,5212.07,28.4,2258.64,28,59693.14
2023-09-15,S02,Pune,West,Clothing,1862.17,0,0,0,4644.71,27.9,1679.23,27,50278.51
2023-09-15,S02,Pune,West,Electronics,13734.43,10,1,0,6318.45,27.2,14513.42,26,357095.16
2023-09-15,S02,Pune,West,Grocery,460.27,0,0,0,2698.44,31.0,397.01,22,10125.83
2023-09-15,S02,Pune,West,Home & Kitchen,2249.18,0,0,0,9101.67,29.1,2188.61,29,65226.28
2023-09-15,S03,Delhi,North,Clothing,1861.97,0,0,0,5733.58,23.7,1497.52,20,37239.36
2023-09-15,S03,Delhi,North,Electronics,15627.99,0,0,0,4775.99,26.9,15236.18,29,453211.73
2023-09-15,S03,Delhi,North,Grocery,480.45,0,0,0,7001.83,28.1,447.63,47,22581.22
2023-09-15,S03,Delhi,North,Home & Kitchen,2227.05,0,0,0,7471.95,29.1,2205.69,30,66811.62
2023-09-15,S04,Bengaluru,South,Clothing,1771.99,0,0,0,6057.75,24.9,1891.7,36,63791.76
2023-09-15,S04,Bengaluru,South,Electronics,15812.89,0,0,0,6252.97,30.0,15004.12,23,363696.51
2023-09-15,S04,Bengaluru,South,Grocery,373.76,20,1,0,4431.53,29.2,430.83,61,22799.64
2023-09-15,S04,Bengaluru,South,Home & Kitchen,2130.01,0,0,0,5750.11,26.5,2136.35,34,72420.29
2023-09-16,S01,Mumbai,West,Clothing,1758.38,0,0,0,5117.71,29.0,1762.83,49,86160.8
2023-09-16,S01,Mumbai,West,Electronics,14709.87,5,1,0,4631.08,25.6,15375.81,33,485425.76
2023-09-16,S01,Mumbai,West,Grocery,445.74,0,0,0,6626.51,29.4,451.31,54,24069.96
2023-09-16,S01,Mumbai,West,Home & Kitchen,2150.65,0,0,0,4791.0,28.4,2353.57,23,49465.02
2023-09-16,S02,Pune,West,Clothing,1869.16,0,0,0,4653.55,27.7,1905.02,33,61682.28
2023-09-16,S02,Pune,West,Electronics,15886.95,0,0,0,5793.86,23.4,14444.95,19,301852.12
2023-09-16,S02,Pune,West,Grocery,439.1,0,0,0,4027.8,28.8,483.19,40,17563.87
2023-09-16,S02,Pune,West,Home & Kitchen,2171.53,0,0,0,4638.59,27.3,2152.57,26,56459.69
2023-09-16,S03,Delhi,North,Clothing,1757.09,0,0,0,4292.79,30.0,1742.03,40,70283.73
2023-09-16,S03,Delhi,North,Electronics,13069.2,15,1,0,8310.21,27.5,15617.74,51,666529.4
2023-09-16,S03,Delhi,North,Grocery,451.77,0,0,0,5450.21,28.8,445.0,37,16715.46
2023-09-16,S03,Delhi,North,Home & Kitchen,2116.8,0,0,0,4974.98,30.4,2291.72,37,78321.74
2023-09-16,S04,Bengaluru,South,Clothing,1404.07,25,1,0,5353.53,26.8,1762.43,63,88456.53
2023-09-16,S04,Bengaluru,South,Electronics,12572.85,15,1,0,2453.7,24.5,14946.25,36,452622.74
2023-09-16,S04,Bengaluru,South,Grocery,440.01,0,0,0,5145.58,26.8,450.41,45,19800.32
2023-09-16,S04,Bengaluru,South,Home & Kitchen,2212.1,0,0,0,5351.87,24.9,2091.72,35,77423.58
2023-09-17,S01,Mumbai,West,Clothing,1734.39,0,0,0,4391.54,30.8,1778.01,39,67641.11
2023-09-17,S01,Mumbai,West,Electronics,15160.54,0,0,0,4158.87,30.3,15799.48,27,409334.59
2023-09-17,S01,Mumbai,West,Grocery,388.25,15,1,0,3189.48,26.8,459.06,55,21353.5
2023-09-17,S01,Mumbai,West,Home & Kitchen,2079.27,0,0,0,6170.11,25.9,2254.42,46,95646.41
2023-09-17,S02,Pune,West,Clothing,1841.41,5,1,0,3916.47,26.8,1844.33,38,69973.55
2023-09-17,S02,Pune,West,Electronics,15422.33,0,0,0,5698.48,27.5,14488.13,29,447247.63
2023-09-17,S02,Pune,West,Grocery,428.78,0,0,0,6584.99,30.4,468.01,43,18437.5
2023-09-17,S02,Pune,West,Home & Kitchen,2240.53,0,0,0,5464.18,28.4,2214.46,19,42569.99
2023-09-17,S03,Delhi,North,Clothing,1798.19,0,0,0,4035.87,28.3,1801.93,42,75523.84
2023-09-17,S03,Delhi,North,Electronics,15123.45,0,0,0,2826.83,28.6,13652.78,18,272222.03
2023-09-17,S03,Delhi,North,Grocery,441.62,0,0,0,6571.55,24.8,424.81,38,16781.49
2023-09-17,S03,Delhi,North,Home & Kitchen,2222.8,0,0,0,8778.91,30.1,2280.78,38,84466.37
2023-09-17,S04,Bengaluru,South,Clothing,1800.52,0,0,0,4647.69,27.0,1844.99,32,57616.79
2023-09-17,S04,Bengaluru,South,Electronics,14969.21,0,0,0,6256.52,29.1,15959.41,24,359260.97
2023-09-17,S04,Bengaluru,South,Grocery,446.03,0,0,0,6124.85,25.8,449.57,54,24085.63
2023-09-17,S04,Bengaluru,South,Home & Kitchen,2265.11,0,0,0,2779.84,28.9,2252.63,24,54362.54
2023-09-18,S01,Mumbai,West,Clothing,1668.07,5,1,0,5172.69,27.9,1888.62,40,66722.88
2023-09-18,S01,Mumbai,West,Electronics,11890.39,20,1,0,5959.95,33.7,15288.58,27,321040.48
2023-09-18,S01,Mumbai,West,Grocery,443.33,0,0,0,7924.94,28.3,463.37,37,16403.14
2023-09-18,S01,Mumbai,West,Home & Kitchen,2286.43,0,0,0,4459.31,28.2,2178.26,30,68592.82
2023-09-18,S02,Pune,West,Clothing,1772.53,0,0,0,2737.91,28.5,1826.21,23,40768.2
2023-09-18,S02,Pune,West,Electronics,12138.28,20,1,0,4617.29,28.4,15667.8,40,485531.38
2023-09-18,S02,Pune,West,Grocery,463.35,0,0,0,6229.66,27.7,392.75,35,16217.29
2023-09-18,S02,Pune,West,Home & Kitchen,1814.83,20,1,0,2715.62,25.9,2192.47,33,59889.35
2023-09-18,S03,Delhi,North,Clothing,1714.14,0,0,0,4952.65,28.2,1845.17,37,63423.17
2023-09-18,S03,Delhi,North,Electronics,10916.53,25,1,0,6907.7,28.7,14569.49,39,425744.73
2023-09-18,S03,Delhi,North,Grocery,453.47,0,0,0,4801.69,30.6,449.2,33,14964.62
2023-09-18,S03,Delhi,North,Home & Kitchen,2202.26,0,0,0,4045.06,29.3,2131.25,15,33033.9
2023-09-18,S04,Bengaluru,South,Clothing,1750.09,0,0,0,4557.95,25.5,1743.79,25,43752.3
2023-09-18,S04,Bengaluru,South,Electronics,15468.32,0,0,0,4978.42,23.7,15401.64,25,386708.0
2023-09-18,S04,Bengaluru,South,Grocery,436.89,0,0,0,5706.95,25.4,422.41,28,12233.0
2023-09-18,S04,Bengaluru,South,Home & Kitchen,2287.61,0,0,0,6369.54,25.8,2122.36,25,57190.17
2023-09-19,S01,Mumbai,West,Clothing,1737.9,0,0,0,3180.45,29.1,1980.78,45,78205.56
2023-09-19,S01,Mumbai,West,Electronics,15200.91,0,0,0,2655.67,28.7,15070.85,28,425625.41
2023-09-19,S01,Mumbai,West,Grocery,474.07,0,0,0,3904.43,27.6,460.97,34,16118.29
2023-09-19,S01,Mumbai,West,Home & Kitchen,2323.61,0,0,0,5340.64,30.1,2267.84,25,58090.23
2023-09-19,S02,Pune,West,Clothing,1820.11,0,0,0,4137.95,24.7,1799.57,29,52783.15
2023-09-19,S02,Pune,West,Electronics,14789.97,0,0,0,4383.76,28.3,14381.21,16,236639.55
2023-09-19,S02,Pune,West,Grocery,468.16,0,0,0,7015.3,30.2,458.61,41,19194.45
2023-09-19,S02,Pune,West,Home & Kitchen,2238.92,0,0,0,6547.41,28.0,2301.24,27,60450.81
2023-09-19,S03,Delhi,North,Clothing,1712.89,0,0,0,4350.77,26.9,1887.48,28,47960.85
2023-09-19,S03,Delhi,North,Electronics,14926.97,0,0,0,2836.24,26.6,14301.76,16,238831.54
2023-09-19,S03,Delhi,North,Grocery,460.86,0,0,0,3762.89,25.8,413.81,31,14286.51
2023-09-19,S03,Delhi,North,Home & Kitchen,1921.3,15,1,0,5082.47,29.0,2154.65,34,65324.23
2023-09-19,S04,Bengaluru,South,Clothing,1799.04,0,0,0,6866.21,27.6,1789.91,19,34181.71
2023-09-19,S04,Bengaluru,South,Electronics,16011.51,0,0,0,5954.82,27.8,14594.74,22,352253.32
2023-09-19,S04,Bengaluru,South,Grocery,392.29,15,1,0,9111.34,29.8,458.42,55,21575.7
2023-09-19,S04,Bengaluru,South,Home & Kitchen,2189.8,0,0,0,3987.73,26.3,2358.71,28,61314.31
2023-09-20,S01,Mumbai,West,Clothing,1777.31,0,0,0,5834.84,25.1,1933.92,43,76424.4
2023-09-20,S01,Mumbai,West,Electronics,14972.96,0,0,0,5343.16,29.2,15008.1,27,404269.88
2023-09-20,S01,Mumbai,West,Grocery,472.0,0,0,0,7606.02,25.1,432.48,52,24543.82
2023-09-20,S01,Mumbai,West,Home & Kitchen,2089.54,0,0,0,4068.6,30.9,1982.13,26,54328.11
2023-09-20,S02,Pune,West,Clothing,1781.32,0,0,0,4827.68,28.0,1757.74,29,51658.38
2023-09-20,S02,Pune,West,Electronics,15181.2,0,0,0,6391.68,28.3,15663.03,21,318805.21
2023-09-20,S02,Pune,West,Grocery,448.44,0,0,0,4911.14,28.2,405.3,29,13004.63
2023-09-20,S02,Pune,West,Home & Kitchen,2213.32,0,0,0,1642.04,28.6,2131.72,23,50906.44
2023-09-20,S03,Delhi,North,Clothing,1827.7,0,0,0,2752.52,29.4,1777.26,29,53003.3
2023-09-20,S03,Delhi,North,Electronics,14809.9,0,0,0,8668.07,25.3,14034.08,27,399867.36
2023-09-20,S03,Delhi,North,Grocery,446.45,0,0,0,2485.33,26.9,447.0,34,15179.39
2023-09-20,S03,Delhi,North,Home & Kitchen,1904.74,15,1,0,6719.26,25.9,2094.87,39,74284.87
2023-09-20,S04,Bengaluru,South,Clothing,1892.48,0,0,0,5217.89,31.2,1912.13,37,70021.91
2023-09-20,S04,Bengaluru,South,Electronics,12427.66,20,1,0,5611.91,27.3,14823.54,34,422540.42
2023-09-20,S04,Bengaluru,South,Grocery,466.37,0,0,0,5245.6,28.3,421.55,25,11659.33
2023-09-20,S04,Bengaluru,South,Home & Kitchen,2188.33,0,0,0,4040.16,27.1,2424.16,37,80968.18
2023-09-21,S01,Mumbai,West,Clothing,1823.35,0,0,0,3769.98,28.5,1872.47,33,60170.67
2023-09-21,S01,Mumbai,West,Electronics,12004.53,20,1,0,7741.44,27.0,14957.67,36,432163.02
2023-09-21,S01,Mumbai,West,Grocery,438.98,0,0,0,4452.42,28.3,434.75,44,19315.34
2023-09-21,S01,Mumbai,West,Home & Kitchen,2146.16,0,0,0,3593.24,25.7,2431.4,36,77261.72
2023-09-21,S02,Pune,West,Clothing,1693.34,0,0,0,5143.14,33.7,1699.8,22,37253.56
2023-09-21,S02,Pune,West,Electronics,15306.76,0,0,0,4185.22,27.0,15477.68,24,367362.16
2023-09-21,S02,Pune,West,Grocery,460.95,0,0,0,3022.56,30.2,436.25,31,14289.45
2023-09-21,S02,Pune,West,Home & Kitchen,1972.21,0,0,0,2990.7,26.1,2340.16,19,37471.98
2023-09-21,S03,Delhi,North,Clothing,1868.39,0,0,0,6082.26,27.7,1764.86,36,67262.14
2023-09-21,S03,Delhi,North,Electronics,14961.89,0,0,0,2405.81,31.9,16734.49,30,448856.64
2023-09-21,S03,Delhi,North,Grocery,337.06,25,1,0,7425.6,28.4,451.36,62,20897.74
2023-09-21,S03,Delhi,North,Home & Kitchen,2254.66,0,0,0,6355.56,28.4,2224.07,25,56366.61
2023-09-21,S04,Bengaluru,South,Clothing,1792.94,0,0,0,3770.03,25.5,1921.2,25,44823.56
2023-09-21,S04,Bengaluru,South,Electronics,14455.43,0,0,0,5749.01,26.4,17098.33,21,303564.1
2023-09-21,S04,Bengaluru,South,Grocery,447.65,0,0,0,7136.9,29.0,464.68,43,19249.04
2023-09-21,S04,Bengaluru,South,Home & Kitchen,2080.88,0,0,0,6611.58,31.0,2122.3,23,47860.17
2023-09-22,S01,Mumbai,West,Clothing,1806.52,0,0,0,6647.22,27.9,1803.16,29,52389.03
2023-09-22,S01,Mumbai,West,Electronics,15295.57,0,0,0,5439.4,24.4,14567.48,22,336502.5
2023-09-22,S01,Mumbai,West,Grocery,447.81,0,0,0,2650.72,27.1,443.51,49,21942.57
2023-09-22,S01,Mumbai,West,Home & Kitchen,2204.61,0,0,0,5257.3,25.0,2230.18,25,55115.19
2023-09-22,S02,Pune,West,Clothing,1795.14,0,0,0,1572.04,25.0,1822.74,13,23336.82
2023-09-22,S02,Pune,West,Electronics,15001.58,0,0,0,4407.36,27.4,15928.3,19,285029.93
2023-09-22,S02,Pune,West,Grocery,428.0,0,0,0,3338.24,30.4,465.27,30,12840.13
2023-09-22,S02,Pune,West,Home & Kitchen,2029.35,5,1,0,6213.47,30.9,2376.51,31,62909.75
2023-09-22,S03,Delhi,North,Clothing,1870.29,0,0,0,5855.52,30.5,1878.44,30,56108.6
2023-09-22,S03,Delhi,North,Electronics,14349.08,0,0,0,7694.01,28.1,14575.46,26,373076.17
2023-09-22,S03,Delhi,North,Grocery,430.24,5,1,0,4183.1,26.7,466.77,48,20651.63
2023-09-22,S03,Delhi,North,Home & Kitchen,2232.42,0,0,0,6216.86,25.8,2290.21,25,55810.4
2023-09-22,S04,Bengaluru,South,Clothing,1843.6,0,0,0,4830.34,25.2,1813.76,29,53464.36
2023-09-22,S04,Bengaluru,South,Electronics,13854.74,10,1,0,6083.8,30.9,13917.26,22,304804.22
2023-09-22,S04,Bengaluru,South,Grocery,343.02,25,1,0,7124.03,27.6,438.16,64,21953.42
2023-09-22,S04,Bengaluru,South,Home & Kitchen,2103.54,0,0,0,5260.9,27.9,2109.52,23,48381.52
2023-09-23,S01,Mumbai,West,Clothing,1906.61,0,0,0,3060.6,30.5,1818.87,36,68638.13
2023-09-23,S01,Mumbai,West,Electronics,12471.78,15,1,0,3139.98,26.8,14662.89,50,623589.09
2023-09-23,S01,Mumbai,West,Grocery,439.88,0,0,0,6925.67,27.5,434.1,52,22873.81
2023-09-23,S01,Mumbai,West,Home & Kitchen,1624.47,25,1,0,4385.82,28.1,2440.29,48,77974.71
2023-09-23,S02,Pune,West,Clothing,1692.3,0,0,0,2369.69,28.3,1751.53,40,67692.17
2023-09-23,S02,Pune,West,Electronics,12465.87,15,1,0,3292.32,25.7,15797.36,31,386441.93
2023-09-23,S02,Pune,West,Grocery,353.29,20,1,0,5462.32,29.4,446.94,74,26143.27
2023-09-23,S02,Pune,West,Home & Kitchen,2244.79,0,0,0,5821.49,24.9,2228.22,22,49385.32
2023-09-23,S03,Delhi,North,Clothing,1823.68,0,0,0,3885.83,24.6,1903.64,34,62005.02
2023-09-23,S03,Delhi,North,Electronics,15429.52,0,0,0,4970.26,28.8,15695.42,31,478315.25
2023-09-23,S03,Delhi,North,Grocery,342.5,25,1,0,10547.78,24.1,423.53,81,27742.29
2023-09-23,S03,Delhi,North,Home & Kitchen,2277.07,0,0,0,6461.0,30.0,1989.97,33,75143.47
2023-09-23,S04,Bengaluru,South,Clothing,1761.04,0,0,0,4206.11,29.5,1781.3,37,65158.65
2023-09-23,S04,Bengaluru,South,Electronics,14709.29,0,0,0,4183.63,27.8,13591.12,30,441278.63
2023-09-23,S04,Bengaluru,South,Grocery,451.73,0,0,0,4411.77,28.1,424.4,37,16713.84
2023-09-23,S04,Bengaluru,South,Home & Kitchen,2288.14,0,0,0,4763.53,26.2,2248.7,26,59491.67
2023-09-24,S01,Mumbai,West,Clothing,1680.64,0,0,0,5190.86,26.9,1732.18,50,84031.78
2023-09-24,S01,Mumbai,West,Electronics,15018.15,0,0,0,4814.29,25.8,16109.69,36,540653.45
2023-09-24,S01,Mumbai,West,Grocery,447.37,0,0,0,7102.8,28.7,416.86,63,28184.04
2023-09-24,S01,Mumbai,West,Home & Kitchen,2197.93,0,0,0,6200.87,30.2,2104.37,34,74729.73
2023-09-24,S02,Pune,West,Clothing,1771.88,0,0,0,6694.33,28.8,1761.84,26,46068.76
2023-09-24,S02,Pune,West,Electronics,14458.1,0,0,0,4956.98,24.0,15406.99,27,390368.69
2023-09-24,S02,Pune,West,Grocery,451.11,0,0,0,6141.05,26.5,478.27,44,19848.68
2023-09-24,S02,Pune,West,Home & Kitchen,2134.84,0,0,0,2774.15,29.1,2113.08,25,53371.07
2023-09-24,S03,Delhi,North,Clothing,1910.48,0,0,0,3740.31,28.1,1866.59,27,51583.02
2023-09-24,S03,Delhi,North,Electronics,13791.08,0,0,0,4725.89,26.3,15529.27,31,427523.63
2023-09-24,S03,Delhi,North,Grocery,451.82,0,0,0,3331.46,25.5,457.65,52,23494.63
2023-09-24,S03,Delhi,North,Home & Kitchen,2101.62,0,0,0,4660.98,28.6,2261.15,37,77760.0
2023-09-24,S04,Bengaluru,South,Clothing,1826.7,0,0,0,5187.2,27.6,1728.86,27,49320.94
2023-09-24,S04,Bengaluru,South,Electronics,15630.44,0,0,0,3862.12,27.7,14069.05,28,437652.35
2023-09-24,S04,Bengaluru,South,Grocery,458.02,0,0,0,3559.42,27.9,512.38,46,21068.96
2023-09-24,S04,Bengaluru,South,Home & Kitchen,2211.47,0,0,0,4453.65,25.5,2233.51,27,59709.7
2023-09-25,S01,Mumbai,West,Clothing,1734.08,5,1,0,8070.4,27.5,1669.66,49,84969.78
2023-09-25,S01,Mumbai,West,Electronics,14116.51,5,1,0,7335.65,25.1,14918.6,22,310563.12
2023-09-25,S01,Mumbai,West,Grocery,446.96,0,0,0,3640.92,30.5,465.21,48,21453.92
2023-09-25,S01,Mumbai,West,Home & Kitchen,2192.24,0,0,0,5888.35,28.7,2077.06,25,54805.96
2023-09-25,S02,Pune,West,Clothing,1720.72,0,0,0,4715.59,29.0,1954.61,27,46459.43
2023-09-25,S02,Pune,West,Electronics,11312.57,25,1,0,6621.49,27.8,13898.49,32,362002.39
2023-09-25,S02,Pune,West,Grocery,426.57,0,0,0,4617.98,27.2,451.43,24,10237.77
2023-09-25,S02,Pune,West,Home & Kitchen,2233.92,0,0,0,4186.2,23.1,2195.48,17,37976.56
2023-09-25,S03,Delhi,North,Clothing,1778.8,0,0,0,5732.92,28.1,1786.23,30,53364.14
2023-09-25,S03,Delhi,North,Electronics,15385.7,0,0,0,5884.01,30.7,13919.85,23,353871.08
2023-09-25,S03,Delhi,North,Grocery,452.85,0,0,0,6518.11,28.2,462.82,28,12679.73
2023-09-25,S03,Delhi,North,Home & Kitchen,2103.93,0,0,0,6478.28,30.3,2145.89,28,58910.07
2023-09-25,S04,Bengaluru,South,Clothing,1811.12,0,0,0,4672.76,27.2,1872.19,23,41655.79
2023-09-25,S04,Bengaluru,South,Electronics,11463.63,25,1,0,5655.36,27.5,15228.06,42,481472.63
2023-09-25,S04,Bengaluru,South,Grocery,396.07,15,1,0,6291.75,25.7,452.38,37,14654.6
2023-09-25,S04,Bengaluru,South,Home & Kitchen,2274.16,0,0,0,4647.76,27.6,2196.54,25,56854.04
2023-09-26,S01,Mumbai,West,Clothing,1800.35,0,0,0,1771.63,30.1,1698.59,29,52210.05
2023-09-26,S01,Mumbai,West,Electronics,11429.18,20,1,0,2619.62,31.4,14410.65,29,331446.3
2023-09-26,S01,Mumbai,West,Grocery,462.88,0,0,0,4502.52,26.3,457.79,43,19903.95
2023-09-26,S01,Mumbai,West,Home & Kitchen,2226.9,0,0,0,3852.33,29.4,2240.24,29,64580.05
2023-09-26,S02,Pune,West,Clothing,1823.7,0,0,0,4996.35,26.1,1795.67,27,49239.85
2023-09-26,S02,Pune,West,Electronics,14333.86,0,0,0,2036.76,26.5,15457.6,27,387014.16
2023-09-26,S02,Pune,West,Grocery,429.35,0,0,0,4502.48,29.5,449.16,35,15027.32
2023-09-26,S02,Pune,West,Home & Kitchen,1693.79,25,1,0,3009.17,27.5,2186.26,30,50813.83
2023-09-26,S03,Delhi,North,Clothing,1848.51,0,0,0,7628.13,28.6,2029.37,31,57303.66
2023-09-26,S03,Delhi,North,Electronics,13085.16,15,1,0,4311.56,30.1,14606.15,29,379469.57
2023-09-26,S03,Delhi,North,Grocery,458.58,0,0,0,,31.0,449.5,39,17884.81
2023-09-26,S03,Delhi,North,Home & Kitchen,2198.64,0,0,0,,30.4,2189.77,28,61561.97
2023-09-26,S04,Bengaluru,South,Clothing,1800.08,0,0,0,2889.4,30.2,1789.23,23,41401.83
2023-09-26,S04,Bengaluru,South,Electronics,14539.72,0,0,0,3058.23,26.5,15852.7,19,276254.7
2023-09-26,S04,Bengaluru,South,Grocery,434.57,0,0,0,3052.24,29.6,473.79,31,13471.76
2023-09-26,S04,Bengaluru,South,Home & Kitchen,2075.6,0,0,0,4963.81,27.6,2263.39,24,49814.49
2023-09-27,S01,Mumbai,West,Clothing,1659.64,10,1,0,9632.88,27.8,1804.48,43,71364.59
2023-09-27,S01,Mumbai,West,Electronics,10939.35,25,1,0,4065.42,28.5,14612.78,45,492270.58
2023-09-27,S01,Mumbai,West,Grocery,438.01,0,0,0,3641.31,27.3,419.86,29,12702.17
2023-09-27,S01,Mumbai,West,Home & Kitchen,1816.09,15,1,0,6384.8,25.3,2239.88,52,94436.67
2023-09-27,S02,Pune,West,Clothing,1757.96,0,0,0,3000.12,29.0,1579.23,22,38675.11
2023-09-27,S02,Pune,West,Electronics,14787.81,0,0,0,3394.62,30.2,15086.61,15,221817.09
2023-09-27,S02,Pune,West,Grocery,452.13,0,0,0,5595.4,29.8,474.72,30,13563.97
2023-09-27,S02,Pune,West,Home & Kitchen,2192.57,0,0,0,4524.46,29.0,2394.96,21,46043.92
2023-09-27,S03,Delhi,North,Clothing,1728.84,0,0,0,6531.16,30.8,1807.14,26,44949.72
2023-09-27,S03,Delhi,North,Electronics,13640.02,15,1,0,7413.19,28.1,15045.2,30,409200.46
2023-09-27,S03,Delhi,North,Grocery,460.38,0,0,0,2990.32,30.8,460.07,39,17954.69
2023-09-27,S03,Delhi,North,Home & Kitchen,2205.56,0,0,0,6201.82,28.9,2082.87,26,57344.69
2023-09-27,S04,Bengaluru,South,Clothing,1773.62,0,0,0,3311.43,26.9,1916.57,30,53208.62
2023-09-27,S04,Bengaluru,South,Electronics,15497.32,0,0,0,4335.95,31.7,14913.7,24,371935.68
2023-09-27,S04,Bengaluru,South,Grocery,435.74,0,0,0,4675.38,26.3,448.35,29,12636.55
2023-09-27,S04,Bengaluru,South,Home & Kitchen,2085.24,5,1,0,8975.81,25.7,2277.73,26,54216.17
2023-09-28,S01,Mumbai,West,Clothing,1379.02,25,1,0,5234.49,25.8,1773.72,57,78603.96
2023-09-28,S01,Mumbai,West,Electronics,12564.55,20,1,0,7577.78,28.8,15825.28,28,351807.52
2023-09-28,S01,Mumbai,West,Grocery,414.67,0,0,0,4819.21,26.5,444.58,39,16172.28
2023-09-28,S01,Mumbai,West,Home & Kitchen,2212.72,0,0,0,3845.45,26.9,2237.21,32,70806.9
2023-09-28,S02,Pune,West,Clothing,1703.6,0,0,0,4993.39,26.9,1751.81,27,45997.17
2023-09-28,S02,Pune,West,Electronics,13905.72,0,0,0,2867.41,23.6,14720.06,19,264208.62
2023-09-28,S02,Pune,West,Grocery,441.82,0,0,0,5041.58,28.3,442.4,34,15021.99
2023-09-28,S02,Pune,West,Home & Kitchen,2083.53,0,0,0,3798.87,29.4,2188.65,23,47921.24
2023-09-28,S03,Delhi,North,Clothing,1222.69,25,1,0,8161.15,25.3,1819.48,63,77029.41
2023-09-28,S03,Delhi,North,Electronics,14887.59,0,0,0,6287.51,28.4,15296.6,24,357302.27
2023-09-28,S03,Delhi,North,Grocery,421.15,5,1,0,5190.61,28.8,456.07,40,16846.06
2023-09-28,S03,Delhi,North,Home & Kitchen,1919.17,10,1,0,4527.62,26.6,2131.93,29,55656.01
2023-09-28,S04,Bengaluru,South,Clothing,1784.72,0,0,0,4363.15,24.9,1648.57,18,32125.05
2023-09-28,S04,Bengaluru,South,Electronics,15238.03,0,0,0,,27.2,14577.02,13,198094.39
2023-09-28,S04,Bengaluru,South,Grocery,442.56,0,0,0,4780.9,26.9,479.53,46,20357.85
2023-09-28,S04,Bengaluru,South,Home & Kitchen,2085.51,0,0,0,2114.27,28.3,2115.11,17,35453.64
2023-09-29,S01,Mumbai,West,Clothing,1791.09,0,0,0,5211.64,33.1,1667.75,30,53732.71
2023-09-29,S01,Mumbai,West,Electronics,11379.84,25,1,0,6486.17,27.4,15506.7,42,477953.45
2023-09-29,S01,Mumbai,West,Grocery,428.34,0,0,0,5161.74,26.3,445.85,48,20560.26
2023-09-29,S01,Mumbai,West,Home & Kitchen,2126.34,0,0,0,2593.53,23.6,2220.44,22,46779.38
2023-09-29,S02,Pune,West,Clothing,1754.41,5,1,0,5323.79,25.1,1709.87,29,50877.84
2023-09-29,S02,Pune,West,Electronics,15374.86,0,0,0,6182.53,28.6,16021.67,22,338246.88
2023-09-29,S02,Pune,West,Grocery,445.32,0,0,0,4339.12,27.4,449.43,44,19594.07
2023-09-29,S02,Pune,West,Home & Kitchen,2151.37,0,0,0,4046.45,27.8,2352.11,18,38724.74
2023-09-29,S03,Delhi,North,Clothing,1774.01,0,0,0,4543.29,25.2,1946.96,29,51446.19
2023-09-29,S03,Delhi,North,Electronics,13289.4,10,1,0,6021.44,28.6,15248.03,34,451839.77
2023-09-29,S03,Delhi,North,Grocery,425.21,0,0,0,4655.12,28.3,391.48,31,13181.51
2023-09-29,S03,Delhi,North,Home & Kitchen,2236.97,0,0,0,5640.44,23.5,2419.16,18,40265.53
2023-09-29,S04,Bengaluru,South,Clothing,1698.15,0,0,0,6990.28,29.6,1761.13,35,59435.31
2023-09-29,S04,Bengaluru,South,Electronics,15179.29,0,0,0,6554.73,31.7,14449.1,21,318765.06
2023-09-29,S04,Bengaluru,South,Grocery,399.65,10,1,0,8124.21,28.7,466.58,49,19582.96
2023-09-29,S04,Bengaluru,South,Home & Kitchen,1645.46,20,1,0,10532.84,24.7,2106.02,22,36200.11
2023-09-30,S01,Mumbai,West,Clothing,1809.32,0,0,0,5857.17,25.8,1796.64,32,57898.34
2023-09-30,S01,Mumbai,West,Electronics,10803.29,25,1,0,6741.55,27.7,15420.25,66,713017.07
2023-09-30,S01,Mumbai,West,Grocery,436.12,0,0,0,4472.93,26.8,454.09,52,22678.13
2023-09-30,S01,Mumbai,West,Home & Kitchen,2172.82,0,0,0,4104.16,27.7,2130.91,36,78221.43
2023-09-30,S02,Pune,West,Clothing,1767.4,0,0,0,4072.2,29.9,1787.47,33,58324.11
2023-09-30,S02,Pune,West,Electronics,13191.42,15,1,0,2557.77,32.2,14886.5,24,316594.15
2023-09-30,S02,Pune,West,Grocery,444.51,0,0,0,3497.73,28.4,452.4,42,18669.63
2023-09-30,S02,Pune,West,Home & Kitchen,2245.2,0,0,0,5976.82,27.5,2212.26,31,69601.05
2023-09-30,S03,Delhi,North,Clothing,1524.46,15,1,0,6747.82,27.3,1937.52,57,86894.37
2023-09-30,S03,Delhi,North,Electronics,15054.16,0,0,0,5375.08,28.2,16314.86,32,481732.99
2023-09-30,S03,Delhi,North,Grocery,435.98,0,0,0,10223.9,29.6,429.25,68,29646.91
2023-09-30,S03,Delhi,North,Home & Kitchen,2113.91,0,0,0,2063.43,29.1,2162.79,30,63417.36
2023-09-30,S04,Bengaluru,South,Clothing,1712.83,0,0,0,2176.83,27.9,1786.75,37,63374.76
2023-09-30,S04,Bengaluru,South,Electronics,15013.49,0,0,0,5995.02,26.3,13700.25,30,450404.8
2023-09-30,S04,Bengaluru,South,Grocery,452.84,0,0,0,3935.15,30.1,443.8,40,18113.4
2023-09-30,S04,Bengaluru,South,Home & Kitchen,2140.92,0,0,0,8518.23,25.8,1994.7,30,64227.58
2023-10-01,S01,Mumbai,West,Clothing,1759.82,0,0,0,6089.19,23.9,1771.34,46,80951.73
2023-10-01,S01,Mumbai,West,Electronics,14306.84,0,0,0,7789.24,25.9,14806.86,32,457818.9
2023-10-01,S01,Mumbai,West,Grocery,397.03,10,1,0,2726.0,23.6,425.66,69,27395.3
2023-10-01,S01,Mumbai,West,Home & Kitchen,2085.37,0,0,0,4924.52,19.7,2036.61,40,83414.98
2023-10-01,S02,Pune,West,Clothing,1421.33,20,1,0,3368.7,25.3,1671.8,36,51167.99
2023-10-01,S02,Pune,West,Electronics,15035.53,0,0,0,4881.97,23.6,14602.91,23,345817.11
2023-10-01,S02,Pune,West,Grocery,432.67,0,0,0,6420.43,23.4,448.48,52,22498.93
2023-10-01,S02,Pune,West,Home & Kitchen,2282.96,0,0,0,5422.35,25.1,2205.04,25,57073.99
2023-10-01,S03,Delhi,North,Clothing,1812.67,0,0,0,4801.4,20.2,1863.68,42,76131.98
2023-10-01,S03,Delhi,North,Electronics,15251.92,0,0,0,7894.47,25.1,15682.8,36,549069.06
2023-10-01,S03,Delhi,North,Grocery,456.22,0,0,0,4631.97,26.7,498.21,55,25092.32
2023-10-01,S03,Delhi,North,Home & Kitchen,2182.31,0,0,0,6053.54,23.7,2198.8,38,82927.78
2023-10-01,S04,Bengaluru,South,Clothing,1715.89,0,0,0,5521.48,23.8,1846.07,39,66919.71
2023-10-01,S04,Bengaluru,South,Electronics,14764.35,0,0,0,8019.23,24.0,16199.54,38,561045.41
2023-10-01,S04,Bengaluru,South,Grocery,427.65,5,1,0,6795.48,22.8,471.86,57,24375.89
2023-10-01,S04,Bengaluru,South,Home & Kitchen,2320.31,0,0,0,4461.01,26.7,2014.18,32,74249.76
2023-10-02,S01,Mumbai,West,Clothing,1374.85,25,1,0,6492.99,24.7,1694.44,58,79741.53
2023-10-02,S01,Mumbai,West,Electronics,14949.53,0,0,0,5702.83,23.9,15430.02,27,403637.21
2023-10-02,S01,Mumbai,West,Grocery,452.53,0,0,0,4128.68,25.2,419.54,39,17648.55
2023-10-02,S01,Mumbai,West,Home & Kitchen,2173.3,0,0,0,5782.11,26.7,2231.15,28,60852.39
2023-10-02,S02,Pune,West,Clothing,1747.2,0,0,0,3697.27,22.1,,33,57657.64
2023-10-02,S02,Pune,West,Electronics,15824.16,0,0,0,6076.79,24.0,15843.04,14,221538.19
2023-10-02,S02,Pune,West,Grocery,402.36,10,1,0,7886.06,23.5,476.1,53,21324.93
2023-10-02,S02,Pune,West,Home & Kitchen,2062.61,0,0,0,5841.78,25.9,2161.02,21,43314.85
2023-10-02,S03,Delhi,North,Clothing,1789.95,0,0,0,3910.89,28.6,1718.85,38,68018.0
2023-10-02,S03,Delhi,North,Electronics,14959.4,0,0,0,5976.77,24.8,15492.7,17,254309.74
2023-10-02,S03,Delhi,North,Grocery,440.13,0,0,0,3292.72,24.2,464.76,42,18485.62
2023-10-02,S03,Delhi,North,Home & Kitchen,2198.81,0,0,0,2498.86,25.6,2099.37,18,39578.65
2023-10-02,S04,Bengaluru,South,Clothing,1717.62,0,0,0,,20.1,1683.65,25,42940.48
2023-10-02,S04,Bengaluru,South,Electronics,11458.34,25,1,0,2980.11,23.0,14848.12,30,343750.08
2023-10-02,S04,Bengaluru,South,Grocery,447.3,0,0,0,3542.37,25.5,476.74,47,21022.96
2023-10-02,S04,Bengaluru,South,Home & Kitchen,2146.8,0,0,0,5284.95,21.7,2095.18,26,55816.9
2023-10-03,S01,Mumbai,West,Clothing,1698.54,0,0,0,6496.08,24.5,1766.68,43,73037.25
2023-10-03,S01,Mumbai,West,Electronics,15702.53,0,0,0,5986.83,25.1,14517.33,36,565291.22
2023-10-03,S01,Mumbai,West,Grocery,435.42,0,0,0,6055.28,24.6,461.69,60,26125.37
2023-10-03,S01,Mumbai,West,Home & Kitchen,2162.2,0,0,0,5224.22,27.1,2058.91,20,43243.99
2023-10-03,S02,Pune,West,Clothing,1862.05,0,0,0,7958.03,22.9,1773.35,34,63309.7
2023-10-03,S02,Pune,West,Electronics,15606.32,0,0,0,5281.73,24.9,14696.18,17,265307.51
2023-10-03,S02,Pune,West,Grocery,449.81,0,0,0,3413.47,27.9,435.0,27,12145.0
2023-10-03,S02,Pune,West,Home & Kitchen,2205.33,0,0,0,4806.2,26.8,2171.28,32,70570.67
2023-10-03,S03,Delhi,North,Clothing,1364.64,25,1,0,6352.19,25.9,1810.14,60,81878.13
2023-10-03,S03,Delhi,North,Electronics,13020.86,10,1,0,4592.03,23.6,15726.22,27,351563.35
2023-10-03,S03,Delhi,North,Grocery,453.58,0,0,0,5737.62,24.3,436.46,39,17689.81
2023-10-03,S03,Delhi,North,Home & Kitchen,2237.76,0,0,0,6077.43,25.4,2484.11,30,67132.72
2023-10-03,S04,Bengaluru,South,Clothing,1784.63,0,0,0,6448.07,22.0,1787.76,32,57108.18
2023-10-03,S04,Bengaluru,South,Electronics,15990.71,0,0,0,4615.04,22.4,15166.91,20,319814.24
2023-10-03,S04,Bengaluru,South,Grocery,449.0,0,0,0,6300.59,24.7,440.63,41,18409.04
2023-10-03,S04,Bengaluru,South,Home & Kitchen,1711.94,25,1,0,6337.5,23.7,2163.13,32,54782.03
2023-10-04,S01,Mumbai,West,Clothing,1841.95,0,0,0,5778.61,23.6,1771.11,56,103149.12
2023-10-04,S01,Mumbai,West,Electronics,14915.96,0,0,0,9066.12,23.6,14805.29,31,462394.72
2023-10-04,S01,Mumbai,West,Grocery,433.65,0,0,0,4686.65,21.9,415.49,31,13443.15
2023-10-04,S01,Mumbai,West,Home & Kitchen,2262.28,0,0,0,6361.51,24.3,2048.53,37,83704.22
2023-10-04,S02,Pune,West,Clothing,1814.61,0,0,0,4475.79,22.8,1757.19,33,59882.06
2023-10-04,S02,Pune,West,Electronics,15215.9,0,0,0,4340.06,25.0,14565.38,26,395613.49
2023-10-04,S02,Pune,West,Grocery,442.13,0,0,0,4396.09,23.0,431.32,44,19453.87
2023-10-04,S02,Pune,West,Home & Kitchen,1997.99,5,1,0,7290.48,21.4,2297.87,41,81917.5
2023-10-04,S03,Delhi,North,Clothing,1893.98,0,0,0,3698.37,25.0,1846.57,26,49243.39
2023-10-04,S03,Delhi,North,Electronics,15251.34,0,0,0,6125.8,21.7,16014.59,28,427037.51
2023-10-04,S03,Delhi,North,Grocery,404.3,10,1,0,4114.47,24.4,458.25,45,18193.7
2023-10-04,S03,Delhi,North,Home & Kitchen,1841.72,15,1,0,5927.4,25.2,2251.25,38,69985.46
2023-10-04,S04,Bengaluru,South,Clothing,1772.73,0,0,0,4962.11,23.6,1887.67,33,58500.05
2023-10-04,S04,Bengaluru,South,Electronics,15858.69,0,0,0,6849.27,23.6,,22,348891.26
2023-10-04,S04,Bengaluru,South,Grocery,385.05,15,1,0,8725.87,23.6,449.67,43,16557.01
2023-10-04,S04,Bengaluru,South,Home & Kitchen,2182.98,0,0,0,6607.29,24.8,2288.14,29,63306.44
2023-10-05,S01,Mumbai,West,Clothing,1618.87,10,1,0,9169.59,23.6,1744.5,51,82562.56
2023-10-05,S01,Mumbai,West,Electronics,15588.15,0,0,0,4679.29,23.3,15727.35,37,576761.54
2023-10-05,S01,Mumbai,West,Grocery,437.45,0,0,0,4508.84,26.6,444.77,51,22310.08
2023-10-05,S01,Mumbai,West,Home & Kitchen,2196.09,0,0,0,3528.25,21.0,2158.13,28,61490.49
2023-10-05,S02,Pune,West,Clothing,1766.89,0,0,0,6184.43,20.7,1813.47,26,45939.22
2023-10-05,S02,Pune,West,Electronics,14949.05,0,0,0,5519.7,23.2,14154.63,15,224235.8
2023-10-05,S02,Pune,West,Grocery,443.23,0,0,0,6000.46,25.0,426.11,38,16842.74
2023-10-05,S02,Pune,West,Home & Kitchen,1985.37,10,1,0,5936.83,23.6,2119.63,30,59561.18
2023-10-05,S03,Delhi,North,Clothing,1839.85,0,0,0,3882.29,25.6,1975.69,30,55195.36
2023-10-05,S03,Delhi,North,Electronics,14999.7,0,0,0,,23.9,14532.74,28,419991.72
2023-10-05,S03,Delhi,North,Grocery,450.9,0,0,0,4907.68,26.0,466.0,35,15781.63
2023-10-05,S03,Delhi,North,Home & Kitchen,2280.23,0,0,0,6507.2,24.5,2197.63,23,52445.25
2023-10-05,S04,Bengaluru,South,Clothing,1742.95,0,0,0,4659.2,21.9,1828.33,39,67974.95
2023-10-05,S04,Bengaluru,South,Electronics,14917.02,0,0,0,5411.7,,16040.12,32,477344.75
2023-10-05,S04,Bengaluru,South,Grocery,373.7,15,1,0,4506.35,23.8,497.02,57,21300.92
2023-10-05,S04,Bengaluru,South,Home & Kitchen,2281.22,0,0,0,5211.66,27.6,2267.57,31,70717.91
2023-10-06,S01,Mumbai,West,Clothing,1773.7,0,0,0,5783.49,23.5,1883.4,46,81590.14
2023-10-06,S01,Mumbai,West,Electronics,15158.37,0,0,0,3803.18,21.2,15655.71,26,394117.59
2023-10-06,S01,Mumbai,West,Grocery,434.94,0,0,0,3603.84,25.9,442.66,40,17397.55
2023-10-06,S01,Mumbai,West,Home & Kitchen,2208.09,0,0,0,4434.95,24.8,2247.37,28,61826.39
2023-10-06,S02,Pune,West,Clothing,1357.31,20,1,0,5646.48,25.5,1793.1,48,65151.06
2023-10-06,S02,Pune,West,Electronics,14842.77,0,0,0,6555.46,22.0,14384.87,14,207798.79
2023-10-06,S02,Pune,West,Grocery,380.16,15,1,0,3952.21,,401.81,53,20148.45
2023-10-06,S02,Pune,West,Home & Kitchen,2189.64,0,0,0,4262.92,19.6,2305.57,20,43792.73
2023-10-06,S03,Delhi,North,Clothing,1758.66,0,0,0,4332.36,26.5,2065.48,45,79139.52
2023-10-06,S03,Delhi,North,Electronics,14546.32,0,0,0,3902.67,25.5,13815.35,35,509121.09
2023-10-06,S03,Delhi,North,Grocery,456.63,0,0,0,4317.59,21.3,484.68,43,19635.23
2023-10-06,S03,Delhi,North,Home & Kitchen,2310.89,0,0,0,5072.78,20.7,2301.24,23,53150.53
2023-10-06,S04,Bengaluru,South,Clothing,1864.73,0,0,0,5961.52,25.9,1830.11,42,78318.7
2023-10-06,S04,Bengaluru,South,Electronics,14053.24,0,0,0,4672.95,26.6,14830.6,28,393490.76
2023-10-06,S04,Bengaluru,South,Grocery,421.42,0,0,0,5215.9,23.8,454.43,53,22335.47
2023-10-06,S04,Bengaluru,South,Home & Kitchen,2244.97,0,0,0,5579.53,27.0,2251.6,26,58369.27
2023-10-07,S01,Mumbai,West,Clothing,1340.58,25,1,0,9536.34,21.8,1628.74,78,104565.43
2023-10-07,S01,Mumbai,West,Electronics,15212.06,0,0,0,5641.69,20.0,14263.57,36,547634.26
2023-10-07,S01,Mumbai,West,Grocery,376.14,15,1,0,4901.91,22.2,447.23,86,32347.8
2023-10-07,S01,Mumbai,West,Home & Kitchen,2198.52,0,0,0,7466.55,27.7,2418.65,45,98933.32
2023-10-07,S02,Pune,West,Clothing,1935.57,0,0,0,4531.83,25.6,1787.88,36,69680.67
2023-10-07,S02,Pune,West,Electronics,15253.12,0,0,0,4838.58,25.3,14449.21,31,472846.75
2023-10-07,S02,Pune,West,Grocery,345.8,25,1,0,6657.32,21.5,483.38,88,30430.41
2023-10-07,S02,Pune,West,Home & Kitchen,2355.79,0,0,0,5855.86,21.3,2358.5,25,58894.64
2023-10-07,S03,Delhi,North,Clothing,1664.32,0,0,0,4492.28,22.8,1746.09,48,79887.42
2023-10-07,S03,Delhi,North,Electronics,14268.82,0,0,0,5768.97,25.3,14545.02,38,542215.25
2023-10-07,S03,Delhi,North,Grocery,372.85,20,1,0,,24.0,441.24,65,24235.38
2023-10-07,S03,Delhi,North,Home & Kitchen,2301.51,0,0,0,7119.95,26.5,2239.05,39,89758.79
2023-10-07,S04,Bengaluru,South,Clothing,1785.2,0,0,0,7262.19,23.9,1726.82,45,80333.78
2023-10-07,S04,Bengaluru,South,Electronics,14753.59,0,0,0,3601.31,24.0,14315.89,25,368839.65
2023-10-07,S04,Bengaluru,South,Grocery,437.77,0,0,0,8885.27,24.5,475.04,55,24077.53
2023-10-07,S04,Bengaluru,South,Home & Kitchen,2287.0,0,0,0,6779.83,25.3,2178.39,33,75470.97
2023-10-08,S01,Mumbai,West,Clothing,1791.4,0,0,0,6351.62,28.3,1621.28,43,77030.35
2023-10-08,S01,Mumbai,West,Electronics,12239.09,15,1,0,6790.18,23.5,14358.36,42,514041.65
2023-10-08,S01,Mumbai,West,Grocery,441.94,0,0,0,7113.42,26.4,455.69,80,35354.93
2023-10-08,S01,Mumbai,West,Home & Kitchen,2059.48,0,0,0,2103.38,25.0,2307.72,37,76200.72
2023-10-08,S02,Pune,West,Clothing,1811.54,5,1,0,4855.2,23.3,1779.82,32,57969.33
2023-10-08,S02,Pune,West,Electronics,14936.45,0,0,0,1641.59,20.2,15465.79,22,328601.85
2023-10-08,S02,Pune,West,Grocery,448.72,0,0,0,4510.26,21.5,429.73,37,16602.82
2023-10-08,S02,Pune,West,Home & Kitchen,2164.44,0,0,0,4364.87,22.6,2134.9,34,73590.95
2023-10-08,S03,Delhi,North,Clothing,1741.93,0,0,0,4955.79,23.3,1876.74,27,47032.2
2023-10-08,S03,Delhi,North,Electronics,12888.81,20,1,0,4183.15,26.6,13969.77,41,528441.21
2023-10-08,S03,Delhi,North,Grocery,449.78,0,0,0,4158.18,24.8,436.59,55,24737.64
2023-10-08,S03,Delhi,North,Home & Kitchen,2319.32,0,0,0,5858.75,21.5,2181.07,31,71898.82
2023-10-08,S04,Bengaluru,South,Clothing,1847.86,0,0,0,6077.16,23.5,1780.44,22,40652.98
2023-10-08,S04,Bengaluru,South,Electronics,15065.74,0,0,0,6041.43,21.3,14983.8,32,482103.59
2023-10-08,S04,Bengaluru,South,Grocery,464.96,0,0,0,3891.9,26.3,468.62,41,19063.51
2023-10-08,S04,Bengaluru,South,Home & Kitchen,1843.28,15,1,0,2520.13,21.8,2445.73,51,94007.42
2023-10-09,S01,Mumbai,West,Clothing,1870.05,0,0,0,2291.37,23.6,1800.3,32,59841.74
2023-10-09,S01,Mumbai,West,Electronics,15421.89,0,0,0,4209.93,24.1,15081.53,29,447234.67
2023-10-09,S01,Mumbai,West,Grocery,459.3,0,0,0,3290.33,24.7,485.97,45,20668.6
2023-10-09,S01,Mumbai,West,Home & Kitchen,1757.97,15,1,0,5186.48,26.4,2357.65,43,75592.77
2023-10-09,S02,Pune,West,Clothing,1877.93,0,0,0,7018.45,23.9,1798.17,38,71361.25
2023-10-09,S02,Pune,West,Electronics,12959.7,15,1,0,8065.92,25.7,14235.7,32,414710.34
2023-10-09,S02,Pune,West,Grocery,423.99,0,0,0,3174.86,23.8,444.63,33,13991.82
2023-10-09,S02,Pune,West,Home & Kitchen,2269.22,0,0,0,4505.77,25.7,2332.88,24,54461.29
2023-10-09,S03,Delhi,North,Clothing,1872.52,0,0,0,1900.58,24.7,1726.65,25,46813.06
2023-10-09,S03,Delhi,North,Electronics,13836.98,10,1,0,6083.51,26.8,14262.77,32,442783.28
2023-10-09,S03,Delhi,North,Grocery,435.93,0,0,0,3955.81,20.2,438.8,46,20052.85
2023-10-09,S03,Delhi,North,Home & Kitchen,2270.36,0,0,0,6652.44,22.7,2185.89,31,70381.25
2023-10-09,S04,Bengaluru,South,Clothing,1720.1,0,0,0,5278.57,25.9,1707.78,35,60203.57
2023-10-09,S04,Bengaluru,South,Electronics,15128.35,0,0,0,5279.71,24.6,14901.24,25,378208.85
2023-10-09,S04,Bengaluru,South,Grocery,415.04,0,0,0,2819.05,24.6,474.58,44,18261.86
2023-10-09,S04,Bengaluru,South,Home & Kitchen,2217.6,0,0,0,4769.48,22.1,2069.27,26,57657.61
2023-10-10,S01,Mumbai,West,Clothing,1974.61,0,0,0,8916.65,25.2,1808.65,48,94781.22
2023-10-10,S01,Mumbai,West,Electronics,14849.28,0,0,0,3451.4,21.4,16294.6,27,400930.58
2023-10-10,S01,Mumbai,West,Grocery,436.64,0,0,0,6081.23,23.7,414.01,43,18775.58
2023-10-10,S01,Mumbai,West,Home & Kitchen,1743.17,20,1,0,,23.0,2271.9,45,78442.82
2023-10-10,S02,Pune,West,Clothing,1762.03,0,0,0,5559.61,24.2,1830.89,32,56384.92
2023-10-10,S02,Pune,West,Electronics,15280.1,0,0,0,5600.4,23.2,13606.62,24,366722.5
2023-10-10,S02,Pune,West,Grocery,433.88,0,0,0,7666.01,20.1,485.05,44,19090.85
2023-10-10,S02,Pune,West,Home & Kitchen,2266.59,0,0,0,6602.4,,2315.31,21,47598.41
2023-10-10,S03,Delhi,North,Clothing,1772.81,0,0,0,3601.48,23.0,1788.76,43,76230.68
2023-10-10,S03,Delhi,North,Electronics,15251.72,0,0,0,6010.63,25.4,15074.86,34,518558.57
2023-10-10,S03,Delhi,North,Grocery,386.07,15,1,0,7942.28,25.8,437.14,56,21619.83
2023-10-10,S03,Delhi,North,Home & Kitchen,2240.6,0,0,0,4423.86,23.3,2030.68,27,60496.26
2023-10-10,S04,Bengaluru,South,Clothing,1457.95,20,1,0,8178.41,22.8,1891.16,64,93308.89
2023-10-10,S04,Bengaluru,South,Electronics,15404.3,0,0,0,4492.93,22.9,14581.65,21,323490.38
2023-10-10,S04,Bengaluru,South,Grocery,348.98,25,1,0,6407.19,23.5,472.46,59,20589.92
2023-10-10,S04,Bengaluru,South,Home & Kitchen,2207.91,0,0,0,5351.5,23.0,2172.46,27,59613.52
2023-10-11,S01,Mumbai,West,Clothing,1865.87,0,0,0,4138.48,23.3,1836.38,41,76500.79
2023-10-11,S01,Mumbai,West,Electronics,15388.39,0,0,0,8464.77,23.9,13563.33,24,369321.4
2023-10-11,S01,Mumbai,West,Grocery,445.17,0,0,0,5070.58,24.7,469.72,56,24929.66
2023-10-11,S01,Mumbai,West,Home & Kitchen,2107.47,5,1,0,5648.28,22.3,2240.35,44,92728.49
2023-10-11,S02,Pune,West,Clothing,1772.95,0,0,0,3815.59,24.5,1819.62,25,44323.72
2023-10-11,S02,Pune,West,Electronics,14896.69,0,0,0,4950.39,24.0,15227.42,29,432003.99
2023-10-11,S02,Pune,West,Grocery,462.58,0,0,0,4487.85,27.7,,29,13414.81
2023-10-11,S02,Pune,West,Home & Kitchen,2187.14,0,0,0,6461.13,23.4,2295.61,27,59052.71
2023-10-11,S03,Delhi,North,Clothing,1836.65,0,0,0,7356.31,22.1,1721.93,36,66119.3
2023-10-11,S03,Delhi,North,Electronics,12706.02,15,1,0,9437.48,24.4,14584.91,29,368474.63
2023-10-11,S03,Delhi,North,Grocery,459.62,0,0,0,5433.59,26.2,436.39,37,17006.12
2023-10-11,S03,Delhi,North,Home & Kitchen,1612.91,25,1,0,5213.87,24.0,2159.79,40,64516.56
2023-10-11,S04,Bengaluru,South,Clothing,1852.91,0,0,0,5267.39,24.8,1838.07,42,77822.41
2023-10-11,S04,Bengaluru,South,Electronics,15326.77,0,0,0,6512.74,22.1,14053.31,28,429149.54
2023-10-11,S04,Bengaluru,South,Grocery,442.34,0,0,0,3401.48,23.1,388.67,35,15482.02
2023-10-11,S04,Bengaluru,South,Home & Kitchen,2367.62,0,0,0,4519.65,28.9,2237.57,30,71028.67
2023-10-12,S01,Mumbai,West,Clothing,1769.47,0,0,0,7243.32,23.3,1751.49,30,53084.17
2023-10-12,S01,Mumbai,West,Electronics,14633.62,0,0,0,5490.27,24.1,15208.75,38,556077.69
2023-10-12,S01,Mumbai,West,Grocery,376.25,15,1,0,6440.66,23.9,393.48,75,28218.44
2023-10-12,S01,Mumbai,West,Home & Kitchen,2184.5,0,0,0,4348.33,23.9,2475.64,40,87379.96
2023-10-12,S02,Pune,West,Clothing,1821.64,0,0,0,4408.83,21.3,1901.42,29,52827.44
2023-10-12,S02,Pune,West,Electronics,15493.1,0,0,0,2029.44,22.9,14524.54,16,247889.66
2023-10-12,S02,Pune,West,Grocery,440.74,0,0,0,5786.46,23.3,461.57,46,20274.24
2023-10-12,S02,Pune,West,Home & Kitchen,1876.67,15,1,0,5465.15,24.6,2130.03,30,56300.02
2023-10-12,S03,Delhi,North,Clothing,1834.58,0,0,0,4986.73,22.9,1950.23,32,58706.44
2023-10-12,S03,Delhi,North,Electronics,13013.92,15,1,0,7149.0,24.7,15486.05,31,403431.53
2023-10-12,S03,Delhi,North,Grocery,398.6,5,1,0,6050.83,20.1,454.22,40,15943.87
2023-10-12,S03,Delhi,North,Home & Kitchen,2162.77,0,0,0,2909.26,23.4,2144.41,37,80022.42
2023-10-12,S04,Bengaluru,South,Clothing,1821.25,0,0,0,5138.28,24.0,1811.52,27,49173.67
2023-10-12,S04,Bengaluru,South,Electronics,15333.42,0,0,0,8357.61,25.3,15291.81,23,352668.63
2023-10-12,S04,Bengaluru,South,Grocery,461.49,0,0,0,5559.82,24.3,438.11,44,20305.78
2023-10-12,S04,Bengaluru,South,Home & Kitchen,2259.31,0,0,0,2455.32,25.0,2080.87,29,65520.07
2023-10-13,S01,Mumbai,West,Clothing,1834.01,0,0,0,5040.19,23.1,1717.39,46,84364.38
2023-10-13,S01,Mumbai,West,Electronics,15079.67,0,0,0,3901.57,19.7,13967.97,22,331752.79
2023-10-13,S01,Mumbai,West,Grocery,460.92,0,0,0,3901.47,25.1,481.36,44,20280.48
2023-10-13,S01,Mumbai,West,Home & Kitchen,1607.23,25,1,0,7083.88,20.1,2054.49,60,96433.74
2023-10-13,S02,Pune,West,Clothing,1751.73,0,0,0,6613.86,25.0,1750.8,28,49048.49
2023-10-13,S02,Pune,West,Electronics,14897.15,0,0,0,4552.54,26.9,14987.8,20,297943.04
2023-10-13,S02,Pune,West,Grocery,448.81,0,0,0,3318.24,23.1,418.04,34,15259.38
2023-10-13,S02,Pune,West,Home & Kitchen,2200.03,0,0,0,6309.29,22.7,2186.87,27,59400.85
2023-10-13,S03,Delhi,North,Clothing,1617.29,10,1,0,7010.5,24.8,1821.4,57,92185.76
2023-10-13,S03,Delhi,North,Electronics,14526.47,0,0,0,2795.05,22.9,15227.7,22,319582.38
2023-10-13,S03,Delhi,North,Grocery,440.25,0,0,0,2112.57,23.2,440.53,43,18930.69
2023-10-13,S03,Delhi,North,Home & Kitchen,2262.62,0,0,0,3293.65,22.9,2235.32,31,70141.22
2023-10-13,S04,Bengaluru,South,Clothing,1775.67,0,0,0,5952.37,25.7,1816.01,37,65699.71
2023-10-13,S04,Bengaluru,South,Electronics,14714.96,0,0,0,3667.33,21.4,15993.97,23,338444.0
2023-10-13,S04,Bengaluru,South,Grocery,436.21,0,0,0,6306.3,23.1,443.22,47,20502.01
2023-10-13,S04,Bengaluru,South,Home & Kitchen,2190.5,0,0,0,5070.78,23.9,2166.95,28,61334.09
2023-10-14,S01,Mumbai,West,Clothing,1836.36,0,0,0,6591.64,20.9,1799.34,53,97327.07
2023-10-14,S01,Mumbai,West,Electronics,11368.8,25,1,0,7648.67,22.2,14524.25,49,557071.25
2023-10-14,S01,Mumbai,West,Grocery,447.92,0,0,0,4472.33,24.4,404.04,56,25083.36
2023-10-14,S01,Mumbai,West,Home & Kitchen,2184.14,0,0,0,5383.28,,2154.54,49,107022.83
2023-10-14,S02,Pune,West,Clothing,1397.26,20,1,0,890.63,21.6,1821.43,40,55890.32
2023-10-14,S02,Pune,West,Electronics,15009.6,0,0,0,3686.78,24.5,15961.81,21,315201.65
2023-10-14,S02,Pune,West,Grocery,475.99,0,0,0,7328.51,26.4,481.46,42,19991.41
2023-10-14,S02,Pune,West,Home & Kitchen,2150.91,0,0,0,3082.74,20.0,2186.72,17,36565.5
2023-10-14,S03,Delhi,North,Clothing,1795.31,0,0,0,5624.23,25.8,1826.41,49,87970.34
2023-10-14,S03,Delhi,North,Electronics,15089.73,0,0,0,3029.32,25.6,15273.56,30,452691.87
2023-10-14,S03,Delhi,North,Grocery,450.39,0,0,0,5932.75,23.2,448.6,67,30176.45
2023-10-14,S03,Delhi,North,Home & Kitchen,2082.46,0,0,0,5145.4,25.6,2176.71,33,68721.16
2023-10-14,S04,Bengaluru,South,Clothing,1784.33,0,0,0,4042.82,24.9,1909.27,39,69588.98
2023-10-14,S04,Bengaluru,South,Electronics,14764.64,0,0,0,5874.83,24.2,16313.81,34,501997.59
2023-10-14,S04,Bengaluru,South,Grocery,416.16,0,0,0,3464.54,20.4,456.59,52,21640.1
2023-10-14,S04,Bengaluru,South,Home & Kitchen,2334.2,0,0,0,4187.85,24.4,2041.38,41,95702.06
2023-10-15,S01,Mumbai,West,Clothing,1750.04,0,0,0,3967.28,23.7,1760.26,37,64751.53
2023-10-15,S01,Mumbai,West,Electronics,14930.69,0,0,0,,24.8,14726.68,34,507643.29
2023-10-15,S01,Mumbai,West,Grocery,464.18,0,0,0,4991.42,23.3,504.82,56,25994.33
2023-10-15,S01,Mumbai,West,Home & Kitchen,2178.41,0,0,0,3041.57,24.3,2163.13,40,87136.49
2023-10-15,S02,Pune,West,Clothing,1878.76,0,0,0,5465.75,25.4,2020.15,40,75150.49
2023-10-15,S02,Pune,West,Electronics,14560.11,0,0,0,3175.58,23.4,15053.66,29,422243.3
2023-10-15,S02,Pune,West,Grocery,458.53,0,0,0,7921.08,23.7,447.26,45,20633.83
2023-10-15,S02,Pune,West,Home & Kitchen,1608.9,25,1,0,5475.59,22.5,2429.97,56,90098.48
2023-10-15,S03,Delhi,North,Clothing,1764.13,0,0,0,4837.59,21.5,1804.43,44,77621.6
2023-10-15,S03,Delhi,North,Electronics,15109.35,0,0,0,7589.52,26.6,14051.28,25,377733.7
2023-10-15,S03,Delhi,North,Grocery,443.52,0,0,0,4294.0,22.2,492.13,51,22619.31
2023-10-15,S03,Delhi,North,Home & Kitchen,2287.36,0,0,0,5098.28,21.3,2275.44,43,98356.29
2023-10-15,S04,Bengaluru,South,Clothing,1818.03,0,0,0,9486.18,25.3,1981.6,48,87265.21
2023-10-15,S04,Bengaluru,South,Electronics,14513.34,0,0,0,5207.82,24.9,14432.69,23,333806.89
2023-10-15,S04,Bengaluru,South,Grocery,394.57,10,1,0,3351.81,26.3,430.21,51,20122.98
2023-10-15,S04,Bengaluru,South,Home & Kitchen,2339.67,0,0,0,4363.97,26.7,2162.81,29,67850.43
2023-10-16,S01,Mumbai,West,Clothing,1731.92,0,0,0,5938.62,23.2,1939.6,39,67544.76
2023-10-16,S01,Mumbai,West,Electronics,15182.05,0,0,0,4620.68,24.8,14684.62,24,364369.09
2023-10-16,S01,Mumbai,West,Grocery,369.28,15,1,0,5062.8,19.9,441.23,57,21048.76
2023-10-16,S01,Mumbai,West,Home & Kitchen,2251.41,0,0,0,4117.76,25.7,2298.29,31,69793.84
2023-10-16,S02,Pune,West,Clothing,1797.02,0,0,0,5806.4,21.9,1796.31,27,48519.61
2023-10-16,S02,Pune,West,Electronics,12646.49,15,1,0,5754.39,23.3,16132.22,21,265576.27
2023-10-16,S02,Pune,West,Grocery,315.75,25,1,0,3296.08,25.3,427.09,48,15155.91
2023-10-16,S02,Pune,West,Home & Kitchen,2172.95,0,0,0,3872.3,23.8,2198.89,29,63015.58
2023-10-16,S03,Delhi,North,Clothing,1920.27,0,0,0,3675.6,23.6,1833.87,30,57608.08
2023-10-16,S03,Delhi,North,Electronics,14537.61,0,0,0,4048.62,26.1,14341.81,29,421590.64
2023-10-16,S03,Delhi,North,Grocery,451.82,0,0,0,5417.62,22.5,428.45,48,21687.13
2023-10-16,S03,Delhi,North,Home & Kitchen,2159.99,0,0,0,5603.06,23.2,2210.97,26,56159.75
2023-10-16,S04,Bengaluru,South,Clothing,1442.23,20,1,0,6284.31,23.0,1807.38,52,74995.9
2023-10-16,S04,Bengaluru,South,Electronics,15116.98,0,0,0,5974.27,25.3,16319.01,22,332573.48
2023-10-16,S04,Bengaluru,South,Grocery,448.22,0,0,0,6538.06,23.7,447.57,46,20618.09
2023-10-16,S04,Bengaluru,South,Home & Kitchen,2157.56,0,0,0,4991.78,22.8,2362.39,36,77672.34
2023-10-17,S01,Mumbai,West,Clothing,1796.58,0,0,0,4620.21,26.3,1770.82,41,73659.9
2023-10-17,S01,Mumbai,West,Electronics,11160.09,25,1,0,7012.09,21.7,14599.65,40,446403.64
2023-10-17,S01,Mumbai,West,Grocery,449.33,0,0,0,5497.15,25.1,479.03,42,18872.01
2023-10-17,S01,Mumbai,West,Home & Kitchen,2247.72,0,0,0,4999.82,23.1,2092.33,26,58440.7
2023-10-17,S02,Pune,West,Clothing,1739.53,0,0,0,3875.38,21.4,1799.8,47,81757.77
2023-10-17,S02,Pune,West,Electronics,15971.19,0,0,0,4196.05,23.7,14948.89,21,335394.98
2023-10-17,S02,Pune,West,Grocery,469.51,0,0,0,4753.16,22.9,427.07,37,17371.73
2023-10-17,S02,Pune,West,Home & Kitchen,2124.87,0,0,0,4997.37,24.9,2179.84,31,65870.82
2023-10-17,S03,Delhi,North,Clothing,1748.38,0,0,0,4175.18,23.9,1836.94,36,62941.59
2023-10-17,S03,Delhi,North,Electronics,14953.0,0,0,0,2725.3,25.1,13567.52,27,403730.99
2023-10-17,S03,Delhi,North,Grocery,331.18,25,1,0,2680.27,23.0,457.58,54,17883.78
2023-10-17,S03,Delhi,North,Home & Kitchen,2164.75,0,0,0,3966.45,19.8,2107.46,24,51953.99
2023-10-17,S04,Bengaluru,South,Clothing,1858.69,0,0,0,4722.8,22.9,1807.45,31,57619.39
2023-10-17,S04,Bengaluru,South,Electronics,15389.33,0,0,0,6980.79,21.4,14174.55,31,477069.13
2023-10-17,S04,Bengaluru,South,Grocery,455.23,0,0,0,7600.76,23.6,421.73,40,18209.0
2023-10-17,S04,Bengaluru,South,Home & Kitchen,2218.44,0,0,0,2470.59,24.1,2218.52,35,77645.5
2023-10-18,S01,Mumbai,West,Clothing,1843.62,0,0,0,7368.5,21.6,1795.21,38,70057.42
2023-10-18,S01,Mumbai,West,Electronics,14707.92,0,0,0,3062.18,24.3,15005.41,26,382406.0
2023-10-18,S01,Mumbai,West,Grocery,442.23,0,0,0,5686.16,23.3,474.39,55,24322.4
2023-10-18,S01,Mumbai,West,Home & Kitchen,1622.61,25,1,0,7330.89,20.9,2283.98,53,85998.12
2023-10-18,S02,Pune,West,Clothing,1851.44,0,0,0,5231.89,23.9,1686.3,30,55543.32
2023-10-18,S02,Pune,West,Electronics,14594.83,0,0,0,4294.85,28.8,15755.22,19,277301.69
2023-10-18,S02,Pune,West,Grocery,452.02,0,0,0,6991.83,24.1,488.02,53,23957.07
2023-10-18,S02,Pune,West,Home & Kitchen,2166.97,0,0,0,,23.6,2073.73,22,47673.43
2023-10-18,S03,Delhi,North,Clothing,1860.53,0,0,0,7937.61,21.2,1738.33,27,50234.35
2023-10-18,S03,Delhi,North,Electronics,11851.41,20,1,0,4191.42,23.5,15426.03,31,367393.56
2023-10-18,S03,Delhi,North,Grocery,462.65,0,0,0,5415.83,25.2,424.45,37,17118.07
2023-10-18,S03,Delhi,North,Home & Kitchen,2138.65,5,1,0,6306.37,21.9,2363.76,42,89823.2
2023-10-18,S04,Bengaluru,South,Clothing,1748.88,0,0,0,6266.32,23.8,1835.76,27,47219.7
2023-10-18,S04,Bengaluru,South,Electronics,15481.06,0,0,0,7133.24,27.3,15111.92,23,356064.44
2023-10-18,S04,Bengaluru,South,Grocery,409.37,5,1,0,5451.57,26.7,404.57,48,19649.81
2023-10-18,S04,Bengaluru,South,Home & Kitchen,1957.35,10,1,0,5485.51,23.5,2412.46,38,74379.43
2023-10-19,S01,Mumbai,West,Clothing,1541.67,10,1,0,6789.6,22.8,2022.79,56,86333.3
2023-10-19,S01,Mumbai,West,Electronics,14150.22,10,1,0,6634.73,26.0,14598.56,20,283004.42
2023-10-19,S01,Mumbai,West,Grocery,433.45,0,0,0,8259.06,25.6,440.18,58,25140.01
2023-10-19,S01,Mumbai,West,Home & Kitchen,2196.7,0,0,0,8649.43,26.9,2263.76,37,81278.08
2023-10-19,S02,Pune,West,Clothing,1769.01,0,0,0,5753.46,23.9,1735.81,26,45994.25
2023-10-19,S02,Pune,West,Electronics,15196.97,0,0,0,6109.44,21.4,14589.43,23,349530.32
2023-10-19,S02,Pune,West,Grocery,341.24,25,1,0,5156.82,25.9,436.81,64,21839.31
2023-10-19,S02,Pune,West,Home & Kitchen,2187.1,0,0,0,5833.52,24.9,2093.1,30,65612.98
2023-10-19,S03,Delhi,North,Clothing,1844.86,0,0,0,,24.9,1648.1,27,49811.28
2023-10-19,S03,Delhi,North,Electronics,14656.22,0,0,0,6191.2,23.3,16441.61,31,454342.87
2023-10-19,S03,Delhi,North,Grocery,338.02,25,1,0,6347.6,26.5,470.86,85,28731.73
2023-10-19,S03,Delhi,North,Home & Kitchen,2218.51,0,0,0,7019.89,20.9,2157.47,33,73210.77
2023-10-19,S04,Bengaluru,South,Clothing,1851.67,0,0,0,6644.55,25.2,1930.77,43,79621.89
2023-10-19,S04,Bengaluru,South,Electronics,13871.28,0,0,0,4252.35,24.5,15784.17,18,249683.04
2023-10-19,S04,Bengaluru,South,Grocery,455.09,0,0,0,7076.22,23.0,510.42,42,19113.88
2023-10-19,S04,Bengaluru,South,Home & Kitchen,2096.14,0,0,0,3985.54,22.5,2356.38,30,62884.33
2023-10-20,S01,Mumbai,West,Clothing,1673.02,5,1,0,7684.7,22.2,1782.47,48,80304.86
2023-10-20,S01,Mumbai,West,Electronics,15472.03,0,0,0,7869.43,25.6,13903.16,33,510576.95
2023-10-20,S01,Mumbai,West,Grocery,404.18,10,1,0,6500.74,25.0,441.91,51,20613.17
2023-10-20,S01,Mumbai,West,Home & Kitchen,2218.23,0,0,0,6054.19,21.8,2289.47,40,88729.17
2023-10-20,S02,Pune,West,Clothing,1439.15,15,1,0,3783.94,24.2,1790.43,43,61883.35
2023-10-20,S02,Pune,West,Electronics,14795.48,0,0,0,5383.36,26.2,15080.77,36,532637.24
2023-10-20,S02,Pune,West,Grocery,454.11,0,0,0,5613.95,22.3,427.58,42,19072.46
2023-10-20,S02,Pune,West,Home & Kitchen,2210.68,0,0,0,5629.44,25.8,2124.74,16,35370.88
2023-10-20,S03,Delhi,North,Clothing,1833.22,0,0,0,7582.51,23.8,1680.53,42,76995.12
2023-10-20,S03,Delhi,North,Electronics,14757.52,0,0,0,5169.26,23.7,15134.1,25,368937.93
2023-10-20,S03,Delhi,North,Grocery,425.7,0,0,0,4655.69,25.1,475.18,47,20008.04
2023-10-20,S03,Delhi,North,Home & Kitchen,2172.31,0,0,0,5650.72,25.5,2260.97,32,69513.96
2023-10-20,S04,Bengaluru,South,Clothing,1815.66,0,0,0,3972.91,24.8,1869.83,37,67179.24
2023-10-20,S04,Bengaluru,South,Electronics,15211.73,0,0,0,2512.21,23.9,15414.39,36,547622.23
2023-10-20,S04,Bengaluru,South,Grocery,450.37,0,0,0,7649.12,24.9,440.34,51,22968.9
2023-10-20,S04,Bengaluru,South,Home & Kitchen,2212.1,0,0,0,3079.76,23.5,2037.73,36,79635.53
2023-10-21,S01,Mumbai,West,Clothing,1830.92,0,0,0,1753.88,26.9,1850.05,44,80560.62
2023-10-21,S01,Mumbai,West,Electronics,13191.85,10,1,0,6839.12,23.8,15584.9,45,593633.24
2023-10-21,S01,Mumbai,West,Grocery,473.39,0,0,0,2131.64,23.3,431.16,39,18462.39
2023-10-21,S01,Mumbai,West,Home & Kitchen,2228.03,0,0,0,3481.25,,2287.47,43,95805.14
2023-10-21,S02,Pune,West,Clothing,1738.72,0,0,0,6262.9,22.2,1848.01,30,52161.6
2023-10-21,S02,Pune,West,Electronics,14003.74,0,0,0,4256.73,25.1,14300.27,26,364097.35
2023-10-21,S02,Pune,West,Grocery,462.33,0,0,0,2479.48,25.1,440.26,34,15719.23
2023-10-21,S02,Pune,West,Home & Kitchen,2229.28,0,0,0,5206.24,26.2,2239.75,36,80254.19
2023-10-21,S03,Delhi,North,Clothing,1793.53,0,0,0,4377.03,22.1,1655.04,42,75328.12
2023-10-21,S03,Delhi,North,Electronics,14231.92,0,0,0,5971.0,22.5,15200.77,28,398493.64
2023-10-21,S03,Delhi,North,Grocery,459.87,0,0,0,3670.96,22.2,430.48,40,18394.95
2023-10-21,S03,Delhi,North,Home & Kitchen,2139.9,0,0,0,5060.13,24.4,2055.78,26,55637.31
2023-10-21,S04,Bengaluru,South,Clothing,1810.46,0,0,0,2436.37,25.6,1835.94,44,79660.08
2023-10-21,S04,Bengaluru,South,Electronics,14531.08,0,0,0,4859.57,21.3,16058.98,41,595774.37
2023-10-21,S04,Bengaluru,South,Grocery,441.67,0,0,0,6069.48,24.0,478.69,48,21200.07
2023-10-21,S04,Bengaluru,South,Home & Kitchen,1498.84,25,1,0,6910.67,24.7,2073.54,63,94427.22
2023-10-22,S01,Mumbai,West,Clothing,1802.25,0,0,0,4871.64,22.3,1858.17,50,90112.65
2023-10-22,S01,Mumbai,West,Electronics,15255.8,0,0,0,4435.68,23.1,15564.65,34,518697.2
2023-10-22,S01,Mumbai,West,Grocery,438.49,0,0,0,6744.53,26.0,467.72,55,24116.72
2023-10-22,S01,Mumbai,West,Home & Kitchen,2309.07,0,0,0,4859.23,24.9,2369.22,35,80817.5
2023-10-22,S02,Pune,West,Clothing,1772.11,0,0,0,5446.01,24.4,1858.42,35,62023.83
2023-10-22,S02,Pune,West,Electronics,12963.81,15,1,0,4879.71,27.1,14389.35,34,440769.41
2023-10-22,S02,Pune,West,Grocery,448.92,0,0,0,3817.55,19.2,451.02,43,19303.71
2023-10-22,S02,Pune,West,Home & Kitchen,2187.04,0,0,0,4760.95,24.3,2043.35,23,50301.96
2023-10-22,S03,Delhi,North,Clothing,1720.09,0,0,0,4521.22,23.0,1817.54,32,55042.93
2023-10-22,S03,Delhi,North,Electronics,15478.26,0,0,0,4950.49,24.5,14601.3,32,495304.41
2023-10-22,S03,Delhi,North,Grocery,460.73,0,0,0,6749.07,25.6,434.34,54,24879.48
2023-10-22,S03,Delhi,North,Home & Kitchen,2100.91,0,0,0,5429.15,22.4,2284.72,41,86137.5
2023-10-22,S04,Bengaluru,South,Clothing,1789.94,0,0,0,4503.68,22.3,1869.56,36,64437.98
2023-10-22,S04,Bengaluru,South,Electronics,12212.47,20,1,0,5842.37,22.3,14231.41,44,537348.85
2023-10-22,S04,Bengaluru,South,Grocery,451.58,0,0,0,5209.92,24.7,470.21,53,23933.58
2023-10-22,S04,Bengaluru,South,Home & Kitchen,2205.32,0,0,0,3080.04,24.6,2357.83,32,70570.29
2023-10-23,S01,Mumbai,West,Clothing,1876.48,0,0,0,5615.83,25.1,1865.83,47,88194.5
2023-10-23,S01,Mumbai,West,Electronics,14665.79,0,0,0,4239.34,22.7,15632.38,29,425308.04
2023-10-23,S01,Mumbai,West,Grocery,448.28,0,0,0,4694.19,24.4,440.47,51,22862.25
2023-10-23,S01,Mumbai,West,Home & Kitchen,2198.14,0,0,0,5271.46,24.1,2194.59,21,46160.99
2023-10-23,S02,Pune,West,Clothing,1811.88,0,0,0,4770.54,24.6,1829.36,39,70663.23
2023-10-23,S02,Pune,West,Electronics,14749.74,0,0,0,4317.71,25.3,14831.5,14,206496.42
2023-10-23,S02,Pune,West,Grocery,430.0,0,0,0,5457.57,26.5,453.42,30,12899.96
2023-10-23,S02,Pune,West,Home & Kitchen,2149.24,0,0,0,6801.78,21.7,2126.75,30,64477.21
2023-10-23,S03,Delhi,North,Clothing,1738.01,0,0,0,5114.65,25.1,1726.52,38,66044.19
2023-10-23,S03,Delhi,North,Electronics,15703.05,0,0,0,3345.72,18.4,14837.58,22,345466.99
2023-10-23,S03,Delhi,North,Grocery,449.5,0,0,0,3880.19,25.2,465.0,44,19777.82
2023-10-23,S03,Delhi,North,Home & Kitchen,2057.23,0,0,0,6865.98,17.6,2020.05,28,57602.46
2023-10-23,S04,Bengaluru,South,Clothing,1857.06,0,0,0,5427.01,21.3,1837.57,25,46426.59
2023-10-23,S04,Bengaluru,South,Electronics,14528.1,0,0,0,871.01,23.2,14863.05,33,479427.3
2023-10-23,S04,Bengaluru,South,Grocery,451.21,0,0,0,6018.58,22.8,440.65,44,19853.17
2023-10-23,S04,Bengaluru,South,Home & Kitchen,2196.57,0,0,0,5829.66,26.8,2189.53,29,63700.62
2023-10-24,S01,Mumbai,West,Clothing,1723.79,0,0,1,5335.42,25.9,1826.05,49,84465.52
2023-10-24,S01,Mumbai,West,Electronics,14466.89,0,0,1,4384.49,24.9,13844.45,36,520808.11
2023-10-24,S01,Mumbai,West,Grocery,432.28,0,0,1,8017.89,24.3,431.57,71,30692.23
2023-10-24,S01,Mumbai,West,Home & Kitchen,2277.14,0,0,1,4220.91,22.4,2258.32,50,113856.86
2023-10-24,S02,Pune,West,Clothing,1537.88,15,1,1,6188.87,26.3,1872.37,53,81507.79
2023-10-24,S02,Pune,West,Electronics,15143.57,0,0,1,4628.83,24.0,14003.6,29,439163.49
2023-10-24,S02,Pune,West,Grocery,454.37,0,0,1,4115.81,22.9,460.0,49,22264.01
2023-10-24,S02,Pune,West,Home & Kitchen,1782.47,20,1,1,3216.25,21.5,1995.29,51,90905.94
2023-10-24,S03,Delhi,North,Clothing,1758.16,0,0,1,4735.86,26.0,1888.21,43,75600.98
2023-10-24,S03,Delhi,North,Electronics,14583.15,0,0,1,2319.13,22.9,15955.99,26,379161.98
2023-10-24,S03,Delhi,North,Grocery,425.17,0,0,1,6365.3,18.1,443.82,71,30186.96
2023-10-24,S03,Delhi,North,Home & Kitchen,2296.57,0,0,1,5261.11,20.9,2413.08,43,98752.44
2023-10-24,S04,Bengaluru,South,Clothing,1751.87,0,0,1,3887.57,23.0,1674.4,34,59563.57
2023-10-24,S04,Bengaluru,South,Electronics,15330.53,0,0,1,6519.68,23.9,14847.69,37,567229.66
2023-10-24,S04,Bengaluru,South,Grocery,457.11,0,0,1,6305.07,25.8,484.32,61,27883.77
2023-10-24,S04,Bengaluru,South,Home & Kitchen,2195.81,0,0,1,6323.96,22.7,2037.75,37,81245.11
2023-10-25,S01,Mumbai,West,Clothing,1927.02,0,0,0,6441.74,23.7,1817.45,34,65518.57
2023-10-25,S01,Mumbai,West,Electronics,15465.21,0,0,0,4619.06,24.4,15224.19,26,402095.57
2023-10-25,S01,Mumbai,West,Grocery,430.3,0,0,0,7206.39,23.7,462.09,53,22805.92
2023-10-25,S01,Mumbai,West,Home & Kitchen,1911.09,10,1,0,6846.46,23.7,2118.98,31,59243.82
2023-10-25,S02,Pune,West,Clothing,1866.3,0,0,0,6060.79,24.4,1710.06,27,50390.09
2023-10-25,S02,Pune,West,Electronics,15445.37,0,0,0,5876.08,26.0,15119.52,22,339798.22
2023-10-25,S02,Pune,West,Grocery,431.35,0,0,0,4459.2,23.8,455.28,23,9920.95
2023-10-25,S02,Pune,West,Home & Kitchen,2252.2,0,0,0,3999.85,21.7,2354.21,16,36035.26
2023-10-25,S03,Delhi,North,Clothing,1819.97,0,0,0,3592.18,24.7,1821.66,37,67338.77
2023-10-25,S03,Delhi,North,Electronics,15499.5,0,0,0,3748.12,24.1,15068.06,29,449485.4
2023-10-25,S03,Delhi,North,Grocery,462.18,0,0,0,6570.74,26.5,481.89,49,22646.64
2023-10-25,S03,Delhi,North,Home & Kitchen,2185.71,0,0,0,4221.02,,2275.32,26,56828.38
2023-10-25,S04,Bengaluru,South,Clothing,1737.63,0,0,0,4961.99,22.7,1896.34,37,64292.31
2023-10-25,S04,Bengaluru,South,Electronics,14708.67,0,0,0,4212.42,24.6,15854.39,19,279464.64
2023-10-25,S04,Bengaluru,South,Grocery,452.71,0,0,0,1632.71,27.6,429.92,40,18108.47
2023-10-25,S04,Bengaluru,South,Home & Kitchen,1967.35,10,1,0,5804.33,24.5,2305.06,33,64922.48
2023-10-26,S01,Mumbai,West,Clothing,1716.95,0,0,0,4451.14,21.2,1809.03,44,75545.73
2023-10-26,S01,Mumbai,West,Electronics,14233.16,0,0,0,4433.29,25.3,15506.98,25,355828.88
2023-10-26,S01,Mumbai,West,Grocery,439.37,0,0,0,4242.1,27.4,429.81,48,21089.86
2023-10-26,S01,Mumbai,West,Home & Kitchen,2157.91,0,0,0,1592.93,22.1,2093.87,23,49632.01
2023-10-26,S02,Pune,West,Clothing,1787.2,0,0,0,8474.17,22.8,1844.0,34,60764.81
2023-10-26,S02,Pune,West,Electronics,12839.73,15,1,0,4123.39,24.5,14772.93,24,308153.61
2023-10-26,S02,Pune,West,Grocery,403.35,15,1,0,3271.97,23.8,464.56,41,16537.16
2023-10-26,S02,Pune,West,Home & Kitchen,2167.93,0,0,0,5616.92,21.9,2211.7,27,58534.2
2023-10-26,S03,Delhi,North,Clothing,1848.09,0,0,0,4978.68,27.8,1634.81,33,60987.09
2023-10-26,S03,Delhi,North,Electronics,14985.59,0,0,0,5182.65,29.0,15479.48,30,449567.84
2023-10-26,S03,Delhi,North,Grocery,436.2,0,0,0,3751.67,24.3,422.96,41,17884.31
2023-10-26,S03,Delhi,North,Home & Kitchen,2141.34,0,0,0,,23.3,2176.07,26,55674.88
2023-10-26,S04,Bengaluru,South,Clothing,1801.1,0,0,0,4807.72,22.1,1728.4,26,46828.54
2023-10-26,S04,Bengaluru,South,Electronics,14718.21,0,0,0,4922.54,23.2,14826.42,25,367955.16
2023-10-26,S04,Bengaluru,South,Grocery,451.42,0,0,0,4823.97,22.1,448.31,34,15348.37
2023-10-26,S04,Bengaluru,South,Home & Kitchen,2171.52,0,0,0,6648.36,21.6,2369.51,31,67317.12
2023-10-27,S01,Mumbai,West,Clothing,1690.43,0,0,0,5073.18,21.3,1748.16,33,55784.03
2023-10-27,S01,Mumbai,West,Electronics,15417.09,0,0,0,6374.47,24.3,14226.6,28,431678.38
2023-10-27,S01,Mumbai,West,Grocery,443.93,0,0,0,6082.85,22.6,442.6,40,17757.01
2023-10-27,S01,Mumbai,West,Home & Kitchen,2059.04,0,0,0,5829.72,25.6,2394.13,38,78243.35
2023-10-27,S02,Pune,West,Clothing,1686.11,5,1,0,7097.9,21.3,1801.2,32,53955.58
2023-10-27,S02,Pune,West,Electronics,15147.73,0,0,0,7187.66,25.5,15175.93,22,333250.16
2023-10-27,S02,Pune,West,Grocery,445.11,0,0,0,5981.1,22.1,443.86,34,15133.78
2023-10-27,S02,Pune,West,Home & Kitchen,2135.15,0,0,0,7291.82,24.2,2234.15,27,57648.97
2023-10-27,S03,Delhi,North,Clothing,1635.26,10,1,0,3350.12,26.2,1763.06,39,63775.17
2023-10-27,S03,Delhi,North,Electronics,14995.41,0,0,0,3224.67,24.0,15975.61,26,389880.66
2023-10-27,S03,Delhi,North,Grocery,445.12,0,0,0,6122.08,24.3,474.23,46,20475.63
2023-10-27,S03,Delhi,North,Home & Kitchen,2249.6,0,0,0,4183.81,25.5,2262.85,38,85484.81
2023-10-27,S04,Bengaluru,South,Clothing,1762.5,0,0,0,2546.26,23.6,1792.3,31,54637.65
2023-10-27,S04,Bengaluru,South,Electronics,15361.58,0,0,0,4143.8,26.8,15175.3,33,506932.18
2023-10-27,S04,Bengaluru,South,Grocery,476.7,0,0,0,3036.7,25.5,463.74,46,21928.29
2023-10-27,S04,Bengaluru,South,Home & Kitchen,2087.22,0,0,0,8481.18,23.8,2364.08,28,58442.18
2023-10-28,S01,Mumbai,West,Clothing,1796.82,0,0,0,6771.84,25.7,1829.3,48,86247.3
2023-10-28,S01,Mumbai,West,Electronics,14886.27,0,0,0,2400.19,25.6,15006.88,36,535905.9
2023-10-28,S01,Mumbai,West,Grocery,444.52,0,0,0,4109.07,23.4,452.41,42,18670.03
2023-10-28,S01,Mumbai,West,Home & Kitchen,2209.99,0,0,0,4285.42,25.1,2110.67,44,97239.39
2023-10-28,S02,Pune,West,Clothing,1773.87,5,1,0,7459.05,20.9,1811.24,44,78050.32
2023-10-28,S02,Pune,West,Electronics,14609.43,0,0,0,5877.16,26.9,14015.11,31,452892.24
2023-10-28,S02,Pune,West,Grocery,449.3,0,0,0,2990.63,21.9,496.62,39,17522.76
2023-10-28,S02,Pune,West,Home & Kitchen,2170.55,0,0,0,4481.24,27.8,2080.1,37,80310.22
2023-10-28,S03,Delhi,North,Clothing,1814.02,0,0,0,5546.62,25.1,1608.94,40,72560.97
2023-10-28,S03,Delhi,North,Electronics,14417.12,0,0,0,6474.35,24.1,15825.34,30,432513.53
2023-10-28,S03,Delhi,North,Grocery,442.25,0,0,0,4355.44,20.5,500.34,58,25650.43
2023-10-28,S03,Delhi,North,Home & Kitchen,2148.57,0,0,0,4146.21,21.1,2060.59,33,70902.74
2023-10-28,S04,Bengaluru,South,Clothing,1815.56,0,0,0,5991.8,21.4,1730.36,40,72622.3
2023-10-28,S04,Bengaluru,South,Electronics,13276.6,10,1,0,5626.48,23.2,14806.28,37,491234.23
2023-10-28,S04,Bengaluru,South,Grocery,423.74,0,0,0,3645.04,24.2,450.72,52,22034.39
2023-10-28,S04,Bengaluru,South,Home & Kitchen,2107.55,0,0,0,5862.84,20.9,2255.08,43,90624.57
2023-10-29,S01,Mumbai,West,Clothing,1738.74,0,0,0,1581.97,21.5,1982.58,38,66072.09
2023-10-29,S01,Mumbai,West,Electronics,11923.84,20,1,0,7551.6,24.2,14912.8,59,703506.75
2023-10-29,S01,Mumbai,West,Grocery,335.21,25,1,0,6004.84,21.5,435.55,96,32180.3
2023-10-29,S01,Mumbai,West,Home & Kitchen,2018.46,10,1,0,5802.53,24.0,2270.54,51,102941.61
2023-10-29,S02,Pune,West,Clothing,1852.85,0,0,0,5290.29,24.6,1767.39,40,74113.99
2023-10-29,S02,Pune,West,Electronics,15318.07,0,0,0,893.11,24.2,15526.3,27,413587.93
2023-10-29,S02,Pune,West,Grocery,440.87,0,0,0,7311.04,25.0,,54,23807.18
2023-10-29,S02,Pune,West,Home & Kitchen,2188.02,0,0,0,4608.61,24.4,2327.74,42,91896.69
2023-10-29,S03,Delhi,North,Clothing,1856.29,0,0,0,5337.19,22.6,1697.02,37,68682.81
2023-10-29,S03,Delhi,North,Electronics,14749.02,0,0,0,3499.9,22.3,15024.25,24,353976.46
2023-10-29,S03,Delhi,North,Grocery,430.57,0,0,0,5957.79,27.2,458.82,66,28417.38
2023-10-29,S03,Delhi,North,Home & Kitchen,2149.86,0,0,0,6184.54,21.3,2177.75,38,81694.62
2023-10-29,S04,Bengaluru,South,Clothing,1616.88,15,1,0,7616.87,22.9,1776.4,54,87311.76
2023-10-29,S04,Bengaluru,South,Electronics,12345.17,20,1,0,8297.28,24.3,15271.46,50,617258.37
2023-10-29,S04,Bengaluru,South,Grocery,432.41,0,0,0,5481.57,24.7,446.45,59,25512.22
2023-10-29,S04,Bengaluru,South,Home & Kitchen,2196.23,0,0,0,4543.76,24.9,2331.01,32,70279.29
2023-10-30,S01,Mumbai,West,Clothing,1797.91,0,0,0,5884.03,24.8,1908.96,35,62926.75
2023-10-30,S01,Mumbai,West,Electronics,15184.39,0,0,0,4430.47,25.6,16381.61,28,425162.87
2023-10-30,S01,Mumbai,West,Grocery,427.75,0,0,0,6013.98,25.5,438.94,37,15826.66
2023-10-30,S01,Mumbai,West,Home & Kitchen,2031.34,0,0,0,7198.58,22.9,2258.41,31,62971.68
2023-10-30,S02,Pune,West,Clothing,1788.47,0,0,0,7852.48,25.6,1714.23,25,44711.83
2023-10-30,S02,Pune,West,Electronics,14914.64,0,0,0,5128.02,23.2,16273.21,26,387780.7
2023-10-30,S02,Pune,West,Grocery,454.58,0,0,0,3975.96,25.1,480.43,34,15455.68
2023-10-30,S02,Pune,West,Home & Kitchen,2275.57,0,0,0,3065.12,23.8,2365.34,26,59164.94
2023-10-30,S03,Delhi,North,Clothing,1687.14,0,0,0,6092.63,26.3,1755.88,41,69172.84
2023-10-30,S03,Delhi,North,Electronics,15239.76,0,0,0,2522.04,27.4,15079.37,31,472432.71
2023-10-30,S03,Delhi,North,Grocery,450.08,0,0,0,3596.16,24.7,435.67,47,21153.89
2023-10-30,S03,Delhi,North,Home & Kitchen,2278.52,0,0,0,7550.86,20.6,2281.94,36,82026.68
2023-10-30,S04,Bengaluru,South,Clothing,1803.91,0,0,0,5295.21,22.1,1821.58,35,63136.96
2023-10-30,S04,Bengaluru,South,Electronics,13800.48,10,1,0,6151.78,26.2,14436.61,32,441615.3
2023-10-30,S04,Bengaluru,South,Grocery,418.24,10,1,0,5827.17,24.9,406.04,34,14220.29
2023-10-30,S04,Bengaluru,South,Home & Kitchen,2086.87,5,1,0,8131.51,27.6,2257.44,34,70953.63
2023-10-31,S01,Mumbai,West,Clothing,1796.02,0,0,0,4499.17,24.2,1827.35,42,75432.79
2023-10-31,S01,Mumbai,West,Electronics,15261.54,0,0,0,5565.42,25.7,16443.37,24,366276.95
2023-10-31,S01,Mumbai,West,Grocery,375.32,15,1,0,8003.4,22.8,484.54,63,23644.99
2023-10-31,S01,Mumbai,West,Home & Kitchen,2212.43,0,0,0,3107.72,28.2,2329.25,33,73010.09
2023-10-31,S02,Pune,West,Clothing,1815.77,0,0,0,2801.01,22.2,1690.64,25,45394.24
2023-10-31,S02,Pune,West,Electronics,14100.71,0,0,0,6561.1,22.7,16114.9,25,352517.68
2023-10-31,S02,Pune,West,Grocery,456.13,0,0,0,6201.05,22.2,436.52,42,19157.63
2023-10-31,S02,Pune,West,Home & Kitchen,2021.21,10,1,0,5025.27,25.9,2207.36,33,66699.95
2023-10-31,S03,Delhi,North,Clothing,1596.78,5,1,0,5105.68,22.5,1714.92,37,59081.04
2023-10-31,S03,Delhi,North,Electronics,14561.1,0,0,0,5000.99,22.4,14710.26,30,436832.91
2023-10-31,S03,Delhi,North,Grocery,452.74,0,0,0,4827.35,25.6,432.52,40,18109.48
2023-10-31,S03,Delhi,North,Home & Kitchen,2248.94,0,0,0,4387.12,24.0,2263.04,27,60721.41
2023-10-31,S04,Bengaluru,South,Clothing,1810.47,0,0,0,5582.01,21.7,1922.29,30,54314.01
2023-10-31,S04,Bengaluru,South,Electronics,11212.45,25,1,0,9818.73,22.8,14160.38,50,560622.3
2023-10-31,S04,Bengaluru,South,Grocery,430.2,0,0,0,5049.76,21.5,467.32,38,16347.76
2023-10-31,S04,Bengaluru,South,Home & Kitchen,2256.76,0,0,0,2096.03,26.1,2093.95,30,67702.92
2023-11-01,S01,Mumbai,West,Clothing,1789.43,0,0,0,3631.52,20.8,1877.02,35,62629.99
2023-11-01,S01,Mumbai,West,Electronics,14628.15,0,0,0,3309.52,18.4,13751.73,25,365703.64
2023-11-01,S01,Mumbai,West,Grocery,456.77,0,0,0,6342.81,19.1,445.4,55,25122.56
2023-11-01,S01,Mumbai,West,Home & Kitchen,2015.89,10,1,0,6490.89,17.4,2017.6,41,82651.49
2023-11-01,S02,Pune,West,Clothing,1774.33,0,0,0,2393.9,20.5,,29,51455.65
2023-11-01,S02,Pune,West,Electronics,15372.26,0,0,0,5583.06,20.9,16427.93,23,353561.98
2023-11-01,S02,Pune,West,Grocery,440.84,0,0,0,6053.31,21.1,417.88,24,10580.1
2023-11-01,S02,Pune,West,Home & Kitchen,2199.78,0,0,0,6062.35,18.3,2147.3,24,52794.8
2023-11-01,S03,Delhi,North,Clothing,1716.42,0,0,0,6107.44,21.5,1969.64,32,54925.56
2023-11-01,S03,Delhi,North,Electronics,14666.24,0,0,0,6141.08,24.1,15374.2,22,322657.27
2023-11-01,S03,Delhi,North,Grocery,451.53,0,0,0,5115.59,17.4,446.35,43,19415.83
2023-11-01,S03,Delhi,North,Home & Kitchen,2212.09,0,0,0,3646.75,15.7,2199.15,22,48665.94
2023-11-01,S04,Bengaluru,South,Clothing,1885.12,0,0,0,4020.09,17.5,,41,77289.75
2023-11-01,S04,Bengaluru,South,Electronics,13316.33,10,1,0,7132.35,17.2,14625.99,30,399489.97
2023-11-01,S04,Bengaluru,South,Grocery,462.1,0,0,0,4805.26,18.4,470.59,33,15249.43
2023-11-01,S04,Bengaluru,South,Home & Kitchen,2168.65,0,0,0,8516.08,19.2,2322.66,36,78071.3
2023-11-02,S01,Mumbai,West,Clothing,1579.06,10,1,0,6605.78,20.9,1721.77,50,78952.94
2023-11-02,S01,Mumbai,West,Electronics,15322.98,0,0,0,6992.95,16.4,16870.45,33,505658.23
2023-11-02,S01,Mumbai,West,Grocery,431.66,0,0,0,5112.48,19.0,441.91,38,16403.22
2023-11-02,S01,Mumbai,West,Home & Kitchen,2236.12,0,0,0,6190.88,16.9,2298.03,39,87208.59
2023-11-02,S02,Pune,West,Clothing,1737.24,0,0,0,5229.55,19.7,1844.81,39,67752.49
2023-11-02,S02,Pune,West,Electronics,15509.84,0,0,0,4381.49,18.2,15031.82,25,387746.06
2023-11-02,S02,Pune,West,Grocery,387.7,15,1,0,4226.86,21.1,412.49,34,13181.76
2023-11-02,S02,Pune,West,Home & Kitchen,2325.45,0,0,0,7368.94,22.1,2260.75,29,67437.92
2023-11-02,S03,Delhi,North,Clothing,1757.48,5,1,0,6775.2,15.1,1867.39,41,72056.69
2023-11-02,S03,Delhi,North,Electronics,14771.35,0,0,0,7238.84,18.5,14690.01,24,354512.39
2023-11-02,S03,Delhi,North,Grocery,447.17,0,0,0,4955.91,21.0,465.21,43,19228.48
2023-11-02,S03,Delhi,North,Home & Kitchen,2163.42,0,0,0,3094.53,16.5,2234.71,32,69229.48
2023-11-02,S04,Bengaluru,South,Clothing,1729.42,5,1,0,5784.92,18.0,1931.7,42,72635.66
2023-11-02,S04,Bengaluru,South,Electronics,11680.73,25,1,0,7262.52,19.1,14311.35,39,455548.32
2023-11-02,S04,Bengaluru,South,Grocery,454.31,0,0,0,4720.13,19.5,439.2,28,12720.79
2023-11-02,S04,Bengaluru,South,Home & Kitchen,2129.1,0,0,0,5152.56,21.9,2176.5,27,57485.81
2023-11-03,S01,Mumbai,West,Clothing,1823.36,0,0,0,6841.18,18.1,1776.55,39,71111.17
2023-11-03,S01,Mumbai,West,Electronics,15051.02,0,0,0,6868.45,23.1,14313.58,24,361224.4
2023-11-03,S01,Mumbai,West,Grocery,445.21,0,0,0,8725.14,20.1,446.06,59,26267.13
2023-11-03,S01,Mumbai,West,Home & Kitchen,2121.07,0,0,0,5255.5,19.8,2193.62,24,50905.76
2023-11-03,S02,Pune,West,Clothing,1918.65,0,0,0,5990.21,21.4,1788.34,38,72908.73
2023-11-03,S02,Pune,West,Electronics,15666.51,0,0,0,4908.36,19.3,14735.75,23,360329.62
2023-11-03,S02,Pune,West,Grocery,450.91,0,0,0,4136.36,19.2,456.84,39,17585.66
2023-11-03,S02,Pune,West,Home & Kitchen,2197.7,0,0,0,4560.07,21.9,2280.83,22,48349.5
2023-11-03,S03,Delhi,North,Clothing,1353.2,20,1,0,6229.54,19.0,1770.5,42,56834.24
2023-11-03,S03,Delhi,North,Electronics,13466.72,0,0,0,2582.3,21.9,15262.58,25,336668.09
2023-11-03,S03,Delhi,North,Grocery,439.94,0,0,0,5571.81,21.1,416.39,43,18917.54
2023-11-03,S03,Delhi,North,Home & Kitchen,2215.42,0,0,0,7589.65,20.9,2318.87,33,73108.76
2023-11-03,S04,Bengaluru,South,Clothing,1856.91,0,0,0,6009.19,21.0,1655.88,32,59421.05
2023-11-03,S04,Bengaluru,South,Electronics,15373.49,0,0,0,4693.68,21.8,14847.9,16,245975.88
2023-11-03,S04,Bengaluru,South,Grocery,432.35,0,0,0,4980.99,22.4,471.03,40,17293.99
2023-11-03,S04,Bengaluru,South,Home & Kitchen,2179.46,0,0,0,5428.51,17.0,2403.84,17,37050.84
2023-11-04,S01,Mumbai,West,Clothing,1515.43,15,1,0,7870.46,18.0,1885.31,55,83348.88
2023-11-04,S01,Mumbai,West,Electronics,14434.78,0,0,0,6439.39,20.5,15735.5,26,375304.16
2023-11-04,S01,Mumbai,West,Grocery,453.95,0,0,0,4452.47,17.5,460.23,55,24967.44
2023-11-04,S01,Mumbai,West,Home & Kitchen,2251.03,0,0,0,2578.71,19.5,2134.01,26,58526.67
2023-11-04,S02,Pune,West,Clothing,1770.74,0,0,0,1138.08,21.7,1798.67,25,44268.45
2023-11-04,S02,Pune,West,Electronics,15976.87,0,0,0,5267.48,18.1,15365.69,33,527236.72
2023-11-04,S02,Pune,West,Grocery,448.71,0,0,0,4313.84,17.4,476.14,43,19294.35
2023-11-04,S02,Pune,West,Home & Kitchen,2293.31,0,0,0,3801.54,20.1,2295.74,30,68799.28
2023-11-04,S03,Delhi,North,Clothing,1799.47,0,0,0,7965.65,17.2,1928.42,41,73778.19
2023-11-04,S03,Delhi,North,Electronics,15147.72,0,0,0,7135.53,19.9,15778.72,35,530170.34
2023-11-04,S03,Delhi,North,Grocery,469.83,0,0,0,3786.82,19.7,443.03,45,21142.48
2023-11-04,S03,Delhi,North,Home & Kitchen,2238.31,0,0,0,6449.7,23.0,2279.53,43,96247.42
2023-11-04,S04,Bengaluru,South,Clothing,1785.06,0,0,0,2949.81,,1689.22,28,49981.54
2023-11-04,S04,Bengaluru,South,Electronics,15739.12,0,0,0,4909.97,20.1,15586.31,26,409217.12
2023-11-04,S04,Bengaluru,South,Grocery,463.37,0,0,0,7344.35,19.4,455.64,35,16217.99
2023-11-04,S04,Bengaluru,South,Home & Kitchen,2054.78,0,0,0,2660.65,20.9,2162.38,29,59588.69
2023-11-05,S01,Mumbai,West,Clothing,1766.62,5,1,0,5756.8,21.4,1933.85,58,102463.84
2023-11-05,S01,Mumbai,West,Electronics,14923.56,0,0,0,2727.87,16.6,15727.87,24,358165.36
2023-11-05,S01,Mumbai,West,Grocery,439.44,0,0,0,2589.2,15.5,426.74,60,26366.36
2023-11-05,S01,Mumbai,West,Home & Kitchen,2200.61,0,0,0,7025.59,22.2,2172.41,45,99027.63
2023-11-05,S02,Pune,West,Clothing,1815.93,0,0,0,4994.85,15.5,1735.18,32,58109.75
2023-11-05,S02,Pune,West,Electronics,15348.09,0,0,0,6154.38,21.0,14821.34,40,613923.62
2023-11-05,S02,Pune,West,Grocery,439.85,0,0,0,4415.52,19.9,424.1,37,16274.61
2023-11-05,S02,Pune,West,Home & Kitchen,2280.6,0,0,0,5104.63,24.2,2273.03,43,98065.94
2023-11-05,S03,Delhi,North,Clothing,1750.84,0,0,0,5706.23,19.4,1712.3,48,84040.28
2023-11-05,S03,Delhi,North,Electronics,15286.64,0,0,0,5278.0,18.9,13735.41,34,519745.61
2023-11-05,S03,Delhi,North,Grocery,452.5,0,0,0,4171.46,17.4,452.96,55,24887.61
2023-11-05,S03,Delhi,North,Home & Kitchen,2217.03,0,0,0,3978.48,20.1,1993.36,34,75379.08
2023-11-05,S04,Bengaluru,South,Clothing,1796.62,0,0,0,3466.97,20.2,1723.75,31,55695.07
2023-11-05,S04,Bengaluru,South,Electronics,14215.75,0,0,0,6548.68,21.3,13996.84,33,469119.8
2023-11-05,S04,Bengaluru,South,Grocery,466.04,0,0,0,5971.65,20.9,474.86,46,21438.01
2023-11-05,S04,Bengaluru,South,Home & Kitchen,2211.66,0,0,0,6374.23,25.1,2174.41,31,68561.44
2023-11-06,S01,Mumbai,West,Clothing,1790.26,0,0,0,6313.61,18.7,1730.62,37,66239.62
2023-11-06,S01,Mumbai,West,Electronics,14059.42,10,1,0,7492.42,18.6,14253.23,40,562376.72
2023-11-06,S01,Mumbai,West,Grocery,454.61,0,0,0,2877.95,20.9,459.61,42,19093.64
2023-11-06,S01,Mumbai,West,Home & Kitchen,2239.01,0,0,0,4682.97,21.3,2314.04,26,58214.22
2023-11-06,S02,Pune,West,Clothing,1718.17,0,0,0,4729.27,22.1,1845.28,32,54981.48
2023-11-06,S02,Pune,West,Electronics,15231.29,0,0,0,2877.36,18.5,13694.67,18,274163.17
2023-11-06,S02,Pune,West,Grocery,481.24,0,0,0,3053.5,20.7,430.26,29,13956.08
2023-11-06,S02,Pune,West,Home & Kitchen,1706.96,25,1,0,3093.58,22.2,2306.04,27,46087.83
2023-11-06,S03,Delhi,North,Clothing,1808.38,0,0,0,4304.19,16.9,1770.1,29,52443.02
2023-11-06,S03,Delhi,North,Electronics,15164.07,0,0,0,4068.49,22.0,13606.89,22,333609.44
2023-11-06,S03,Delhi,North,Grocery,437.37,0,0,0,6070.76,19.9,484.97,44,19244.32
2023-11-06,S03,Delhi,North,Home & Kitchen,2280.15,0,0,0,5210.44,19.4,2199.15,27,61564.06
2023-11-06,S04,Bengaluru,South,Clothing,1763.52,0,0,0,2861.24,19.6,1868.85,30,52905.52
2023-11-06,S04,Bengaluru,South,Electronics,14869.91,0,0,0,6780.8,17.3,14689.59,18,267658.34
2023-11-06,S04,Bengaluru,South,Grocery,450.42,0,0,0,3595.6,20.1,467.64,37,16665.61
2023-11-06,S04,Bengaluru,South,Home & Kitchen,2237.78,0,0,0,5186.05,20.8,2081.02,25,55944.5
2023-11-07,S01,Mumbai,West,Clothing,1747.91,0,0,0,6302.1,14.5,1756.48,42,73412.18
2023-11-07,S01,Mumbai,West,Electronics,15754.47,0,0,0,5607.28,21.5,15369.95,23,362352.76
2023-11-07,S01,Mumbai,West,Grocery,429.46,0,0,0,7211.01,15.8,455.76,49,21043.77
2023-11-07,S01,Mumbai,West,Home & Kitchen,2191.69,0,0,0,4208.69,20.1,2280.44,30,65750.8
2023-11-07,S02,Pune,West,Clothing,1839.77,0,0,0,6116.24,20.5,1805.46,29,53353.28
2023-11-07,S02,Pune,West,Electronics,13942.08,10,1,0,4910.97,17.4,15614.47,28,390378.15
2023-11-07,S02,Pune,West,Grocery,465.97,0,0,0,5800.8,19.9,458.69,35,16308.87
2023-11-07,S02,Pune,West,Home & Kitchen,2221.2,0,0,0,6853.37,20.1,2123.81,28,62193.51
2023-11-07,S03,Delhi,North,Clothing,1792.35,0,0,0,7304.42,20.1,1876.85,32,57355.21
2023-11-07,S03,Delhi,North,Electronics,13881.85,10,1,0,7225.46,22.7,14966.51,22,305400.66
2023-11-07,S03,Delhi,North,Grocery,455.95,0,0,0,4381.48,18.1,491.89,31,14134.33
2023-11-07,S03,Delhi,North,Home & Kitchen,2133.91,0,0,0,7104.47,24.4,2202.05,28,59749.56
2023-11-07,S04,Bengaluru,South,Clothing,1824.21,0,0,0,7526.19,21.3,1716.24,24,43781.0
2023-11-07,S04,Bengaluru,South,Electronics,14795.09,0,0,0,5399.63,16.7,16627.76,30,443852.61
2023-11-07,S04,Bengaluru,South,Grocery,448.67,0,0,0,4337.37,20.1,443.32,48,21535.94
2023-11-07,S04,Bengaluru,South,Home & Kitchen,2287.16,0,0,0,4800.74,19.5,2279.96,27,61753.23
2023-11-08,S01,Mumbai,West,Clothing,1708.86,0,0,0,4868.94,21.3,1996.32,39,66645.68
2023-11-08,S01,Mumbai,West,Electronics,15322.81,0,0,0,2592.09,19.4,14919.35,23,352424.56
2023-11-08,S01,Mumbai,West,Grocery,415.79,10,1,0,5862.02,21.7,409.76,50,20789.73
2023-11-08,S01,Mumbai,West,Home & Kitchen,2225.15,0,0,0,4534.28,21.0,2185.93,31,68979.6
2023-11-08,S02,Pune,West,Clothing,1734.88,0,0,0,5643.1,18.9,1767.09,26,45106.98
2023-11-08,S02,Pune,West,Electronics,14600.85,0,0,0,7457.87,17.8,14824.2,20,292017.04
2023-11-08,S02,Pune,West,Grocery,390.86,15,1,0,4760.25,18.8,449.94,56,21888.05
2023-11-08,S02,Pune,West,Home & Kitchen,2097.32,5,1,0,3784.68,19.7,2300.31,31,65016.94
2023-11-08,S03,Delhi,North,Clothing,1813.52,0,0,0,5765.32,20.9,,22,39897.39
2023-11-08,S03,Delhi,North,Electronics,14800.19,0,0,0,7033.08,19.6,15501.63,25,370004.67
2023-11-08,S03,Delhi,North,Grocery,341.19,25,1,0,5104.91,18.6,447.04,51,17400.68
2023-11-08,S03,Delhi,North,Home & Kitchen,2182.97,0,0,0,4904.47,19.0,2062.45,20,43659.31
2023-11-08,S04,Bengaluru,South,Clothing,1825.6,0,0,0,4584.26,21.0,1687.77,29,52942.48
2023-11-08,S04,Bengaluru,South,Electronics,13707.43,10,1,0,7002.25,21.1,13653.89,24,328978.41
2023-11-08,S04,Bengaluru,South,Grocery,467.52,0,0,0,6028.6,20.3,497.18,35,16363.08
2023-11-08,S04,Bengaluru,South,Home & Kitchen,2107.3,5,1,0,4880.74,19.3,2409.29,31,65326.45
2023-11-09,S01,Mumbai,West,Clothing,1790.71,0,0,0,3960.38,17.9,1808.66,42,75209.66
2023-11-09,S01,Mumbai,West,Electronics,14464.35,0,0,0,4963.55,19.0,15415.75,21,303751.25
2023-11-09,S01,Mumbai,West,Grocery,454.94,0,0,0,5238.59,23.1,490.37,50,22746.92
2023-11-09,S01,Mumbai,West,Home & Kitchen,2159.55,5,1,0,5312.14,21.0,2074.7,35,75584.22
2023-11-09,S02,Pune,West,Clothing,1890.61,0,0,0,2287.67,19.0,1877.95,34,64280.73
2023-11-09,S02,Pune,West,Electronics,14247.61,0,0,0,5049.42,18.9,13899.49,18,256457.05
2023-11-09,S02,Pune,West,Grocery,465.21,0,0,0,4828.74,20.9,436.82,33,15351.85
2023-11-09,S02,Pune,West,Home & Kitchen,2200.34,0,0,0,5470.69,19.1,2150.08,22,48407.48
2023-11-09,S03,Delhi,North,Clothing,1333.83,25,1,0,9201.9,18.7,1861.65,61,81363.86
2023-11-09,S03,Delhi,North,Electronics,15815.03,0,0,0,2481.4,20.0,15215.16,24,379560.83
2023-11-09,S03,Delhi,North,Grocery,343.73,25,1,0,4484.72,22.3,425.06,61,20967.55
2023-11-09,S03,Delhi,North,Home & Kitchen,2236.76,0,0,0,6293.95,19.0,2083.86,35,78286.52
2023-11-09,S04,Bengaluru,South,Clothing,1838.15,0,0,0,7155.26,21.1,1961.69,34,62497.09
2023-11-09,S04,Bengaluru,South,Electronics,14572.91,0,0,0,4789.98,20.6,14162.3,22,320604.05
2023-11-09,S04,Bengaluru,South,Grocery,427.07,0,0,0,4596.64,18.4,429.98,48,20499.38
2023-11-09,S04,Bengaluru,South,Home & Kitchen,2125.51,0,0,0,3672.72,20.5,2288.34,23,48886.8
2023-11-10,S01,Mumbai,West,Clothing,1731.46,0,0,0,4047.15,20.9,1964.1,39,67527.06
2023-11-10,S01,Mumbai,West,Electronics,15220.77,0,0,0,5546.8,22.8,15173.0,20,304415.46
2023-11-10,S01,Mumbai,West,Grocery,405.68,10,1,0,5023.46,19.7,482.87,45,18255.44
2023-11-10,S01,Mumbai,West,Home & Kitchen,2186.53,0,0,0,3214.73,24.2,2082.46,30,65596.04
2023-11-10,S02,Pune,West,Clothing,1707.35,10,1,0,4055.9,20.1,1858.05,30,51220.62
2023-11-10,S02,Pune,West,Electronics,14785.35,0,0,0,7291.85,19.0,14618.79,21,310492.27
2023-11-10,S02,Pune,West,Grocery,454.05,0,0,0,6509.53,22.5,421.22,37,16799.8
2023-11-10,S02,Pune,West,Home & Kitchen,2143.3,5,1,0,6538.19,19.7,1923.91,13,27862.96
2023-11-10,S03,Delhi,North,Clothing,1838.2,0,0,0,2217.55,19.4,1826.35,37,68013.35
2023-11-10,S03,Delhi,North,Electronics,14619.84,0,0,0,4353.6,19.2,14091.82,14,204677.83
2023-11-10,S03,Delhi,North,Grocery,449.57,0,0,0,4309.94,20.2,453.15,47,21129.56
2023-11-10,S03,Delhi,North,Home & Kitchen,1837.87,15,1,0,5718.99,18.9,2364.7,36,66163.43
2023-11-10,S04,Bengaluru,South,Clothing,1822.81,0,0,0,4888.84,19.6,1788.06,37,67443.92
2023-11-10,S04,Bengaluru,South,Electronics,13172.7,10,1,0,6395.99,18.1,15226.64,46,605944.31
2023-11-10,S04,Bengaluru,South,Grocery,459.38,0,0,0,5770.04,19.7,381.94,36,16537.72
2023-11-10,S04,Bengaluru,South,Home & Kitchen,2154.3,0,0,0,3895.13,19.9,2209.41,32,68937.68
2023-11-11,S01,Mumbai,West,Clothing,1727.1,0,0,0,6256.78,22.8,1818.62,57,98444.82
2023-11-11,S01,Mumbai,West,Electronics,15382.89,0,0,0,5834.11,17.9,15897.25,29,446103.73
2023-11-11,S01,Mumbai,West,Grocery,465.19,0,0,0,4320.95,22.6,431.99,52,24189.62
2023-11-11,S01,Mumbai,West,Home & Kitchen,2218.75,0,0,0,5247.43,20.5,2282.83,37,82093.78
2023-11-11,S02,Pune,West,Clothing,1830.54,0,0,0,3789.82,19.0,1661.77,27,49424.7
2023-11-11,S02,Pune,West,Electronics,15574.76,0,0,0,9478.39,20.5,14841.25,31,482817.56
2023-11-11,S02,Pune,West,Grocery,400.76,10,1,0,7029.23,18.5,,60,24045.34
2023-11-11,S02,Pune,West,Home & Kitchen,2147.91,0,0,0,5941.61,19.8,2149.07,40,85916.2
2023-11-11,S03,Delhi,North,Clothing,1503.22,20,1,0,5458.92,20.4,1852.93,61,91696.57
2023-11-11,S03,Delhi,North,Electronics,14898.99,0,0,0,4182.99,20.4,15674.78,29,432070.61
2023-11-11,S03,Delhi,North,Grocery,441.59,0,0,0,3459.42,19.8,453.96,45,19871.75
2023-11-11,S03,Delhi,North,Home & Kitchen,2262.89,0,0,0,4556.83,23.0,2120.14,30,67886.61
2023-11-11,S04,Bengaluru,South,Clothing,1792.07,0,0,0,7690.7,19.9,1933.89,40,71682.76
2023-11-11,S04,Bengaluru,South,Electronics,15018.44,0,0,0,5130.83,17.7,13797.06,32,480589.98
2023-11-11,S04,Bengaluru,South,Grocery,322.9,25,1,0,5960.12,19.2,391.04,80,25832.23
2023-11-11,S04,Bengaluru,South,Home & Kitchen,2187.82,0,0,0,2565.72,19.0,2150.73,22,48132.04
2023-11-12,S01,Mumbai,West,Clothing,1828.48,0,0,1,4936.78,20.0,1822.16,60,109708.96
2023-11-12,S01,Mumbai,West,Electronics,15326.57,0,0,1,5265.89,18.4,15056.55,51,781655.0
2023-11-12,S01,Mumbai,West,Grocery,445.55,0,0,1,3819.36,20.0,424.75,66,29406.55
2023-11-12,S01,Mumbai,West,Home & Kitchen,2282.48,0,0,1,4104.15,18.6,2059.45,53,120971.69
2023-11-12,S02,Pune,West,Clothing,1715.89,5,1,1,7330.1,18.1,1804.42,47,80646.99
2023-11-12,S02,Pune,West,Electronics,14702.51,0,0,1,4261.95,19.7,15008.87,44,646910.24
2023-11-12,S02,Pune,West,Grocery,414.32,0,0,1,4068.04,19.4,464.69,67,27759.35
2023-11-12,S02,Pune,West,Home & Kitchen,2182.64,0,0,1,5383.39,19.4,2139.07,43,93853.73
2023-11-12,S03,Delhi,North,Clothing,1868.3,0,0,1,4552.83,19.9,1961.77,51,95283.06
2023-11-12,S03,Delhi,North,Electronics,14111.82,5,1,1,7126.78,17.8,16431.22,75,1058386.62
2023-11-12,S03,Delhi,North,Grocery,431.51,0,0,1,6093.95,17.6,476.69,76,32794.96
2023-11-12,S03,Delhi,North,Home & Kitchen,2288.62,0,0,1,1026.77,21.1,2153.42,35,80101.77
2023-11-12,S04,Bengaluru,South,Clothing,1829.35,0,0,1,6848.55,17.6,1892.86,46,84150.18
2023-11-12,S04,Bengaluru,South,Electronics,14155.95,0,0,1,5059.24,19.6,14901.72,48,679485.68
2023-11-12,S04,Bengaluru,South,Grocery,457.84,0,0,1,5316.21,19.9,460.02,70,32048.62
2023-11-12,S04,Bengaluru,South,Home & Kitchen,1938.17,10,1,1,6365.11,19.7,2128.16,53,102723.15
2023-11-13,S01,Mumbai,West,Clothing,1704.01,0,0,0,3430.73,22.0,1772.51,30,51120.17
2023-11-13,S01,Mumbai,West,Electronics,15353.23,0,0,0,5436.85,20.4,14874.09,26,399183.97
2023-11-13,S01,Mumbai,West,Grocery,441.66,0,0,0,5706.73,23.2,455.13,50,22082.95
2023-11-13,S01,Mumbai,West,Home & Kitchen,2191.21,0,0,0,6006.33,20.4,2187.0,24,52588.96
2023-11-13,S02,Pune,West,Clothing,1789.88,0,0,0,5561.97,18.6,1713.76,18,32217.83
2023-11-13,S02,Pune,West,Electronics,15209.52,0,0,0,3204.08,20.7,15017.88,18,273771.45
2023-11-13,S02,Pune,West,Grocery,368.51,15,1,0,7873.68,25.5,461.06,49,18057.09
2023-11-13,S02,Pune,West,Home & Kitchen,2079.02,10,1,0,6004.88,19.6,2226.51,25,51975.44
2023-11-13,S03,Delhi,North,Clothing,1780.43,0,0,0,2167.41,22.7,1841.0,26,46291.19
2023-11-13,S03,Delhi,North,Electronics,15083.83,0,0,0,7190.04,14.6,14348.49,20,301676.65
2023-11-13,S03,Delhi,North,Grocery,354.27,20,1,0,5191.69,19.9,440.02,52,18422.19
2023-11-13,S03,Delhi,North,Home & Kitchen,2203.92,0,0,0,4393.13,21.1,2112.03,23,50690.06
2023-11-13,S04,Bengaluru,South,Clothing,1879.28,0,0,0,3973.21,18.6,1872.58,32,60136.83
2023-11-13,S04,Bengaluru,South,Electronics,14094.78,0,0,0,6502.73,19.9,16254.79,18,253706.0
2023-11-13,S04,Bengaluru,South,Grocery,448.26,0,0,0,6912.9,18.6,399.04,48,21516.31
2023-11-13,S04,Bengaluru,South,Home & Kitchen,2122.49,0,0,0,7380.13,16.6,2335.0,27,57307.3
2023-11-14,S01,Mumbai,West,Clothing,1876.26,0,0,0,2472.71,20.3,1884.83,25,46906.46
2023-11-14,S01,Mumbai,West,Electronics,15163.47,0,0,0,7210.42,20.8,15822.05,29,439740.58
2023-11-14,S01,Mumbai,West,Grocery,468.53,0,0,0,4853.93,19.1,417.92,41,19209.7
2023-11-14,S01,Mumbai,West,Home & Kitchen,2125.72,0,0,0,5776.39,14.8,2494.92,26,55268.82
2023-11-14,S02,Pune,West,Clothing,1797.43,0,0,0,4068.91,17.9,1812.56,27,48530.68
2023-11-14,S02,Pune,West,Electronics,15257.98,0,0,0,4601.7,20.9,16026.76,23,350933.63
2023-11-14,S02,Pune,West,Grocery,479.23,0,0,0,5998.31,20.6,450.6,29,13897.61
2023-11-14,S02,Pune,West,Home & Kitchen,2241.14,0,0,0,5642.9,17.6,2292.18,22,49305.16
2023-11-14,S03,Delhi,North,Clothing,1753.29,0,0,0,5248.84,18.6,1811.34,29,50845.33
2023-11-14,S03,Delhi,North,Electronics,14892.19,0,0,0,5110.1,16.3,14456.23,24,357412.62
2023-11-14,S03,Delhi,North,Grocery,406.26,5,1,0,4049.39,19.7,427.75,38,15437.79
2023-11-14,S03,Delhi,North,Home & Kitchen,2225.27,0,0,0,4195.81,20.7,2245.46,27,60082.18
2023-11-14,S04,Bengaluru,South,Clothing,1806.68,0,0,0,5170.14,21.5,1913.26,30,54200.36
2023-11-14,S04,Bengaluru,South,Electronics,14948.18,0,0,0,4924.89,17.5,14530.61,19,284015.38
2023-11-14,S04,Bengaluru,South,Grocery,449.54,0,0,0,5602.79,23.6,435.74,47,21128.38
2023-11-14,S04,Bengaluru,South,Home & Kitchen,1943.88,10,1,0,6711.99,21.4,2130.96,31,60260.3
2023-11-15,S01,Mumbai,West,Clothing,1808.62,0,0,0,6247.75,23.2,1922.2,41,74153.61
2023-11-15,S01,Mumbai,West,Electronics,14967.41,0,0,0,6839.05,21.0,15435.3,25,374185.36
2023-11-15,S01,Mumbai,West,Grocery,474.85,0,0,0,5652.51,15.3,480.7,50,23742.52
2023-11-15,S01,Mumbai,West,Home & Kitchen,2244.62,0,0,0,7438.5,19.9,2250.55,30,67338.57
2023-11-15,S02,Pune,West,Clothing,1822.1,0,0,0,5216.82,22.7,1516.33,28,51018.76
2023-11-15,S02,Pune,West,Electronics,15109.92,0,0,0,6648.49,21.5,14033.59,23,347528.14
2023-11-15,S02,Pune,West,Grocery,465.66,0,0,0,3941.23,17.5,426.25,41,19092.17
2023-11-15,S02,Pune,West,Home & Kitchen,2036.67,10,1,0,7502.44,18.9,2221.21,27,54990.2
2023-11-15,S03,Delhi,North,Clothing,1810.56,0,0,0,4442.41,21.1,1665.24,37,66990.83
2023-11-15,S03,Delhi,North,Electronics,14953.68,0,0,0,4561.72,19.6,15019.22,22,328980.95
2023-11-15,S03,Delhi,North,Grocery,454.06,0,0,0,4695.25,18.0,449.74,51,23157.1
2023-11-15,S03,Delhi,North,Home & Kitchen,2186.22,0,0,0,5780.62,,2230.73,32,69959.14
2023-11-15,S04,Bengaluru,South,Clothing,1555.17,10,1,0,4193.01,18.9,1775.77,35,54431.12
2023-11-15,S04,Bengaluru,South,Electronics,15384.63,5,1,0,4867.67,19.8,14328.35,21,323077.33
2023-11-15,S04,Bengaluru,South,Grocery,472.23,0,0,0,7903.31,16.6,475.2,48,22666.93
2023-11-15,S04,Bengaluru,South,Home & Kitchen,2263.85,0,0,0,3769.83,22.1,1971.02,27,61123.87
2023-11-16,S01,Mumbai,West,Clothing,1797.63,0,0,0,4179.83,17.9,1706.85,40,71905.3
2023-11-16,S01,Mumbai,West,Electronics,14726.23,0,0,0,699.42,21.8,,27,397608.33
2023-11-16,S01,Mumbai,West,Grocery,440.64,0,0,0,5509.16,19.8,439.46,41,18066.18
2023-11-16,S01,Mumbai,West,Home & Kitchen,2294.7,0,0,0,4682.55,22.2,2281.65,30,68841.06
2023-11-16,S02,Pune,West,Clothing,1624.36,10,1,0,4095.59,20.1,1817.74,37,60101.38
2023-11-16,S02,Pune,West,Electronics,14425.07,0,0,0,6858.34,16.2,14885.89,16,230801.05
2023-11-16,S02,Pune,West,Grocery,452.73,0,0,0,4228.93,19.0,457.08,34,15392.86
2023-11-16,S02,Pune,West,Home & Kitchen,1695.52,20,1,0,9233.62,16.8,2420.95,39,66125.4
2023-11-16,S03,Delhi,North,Clothing,1906.67,0,0,0,2001.63,20.5,1818.93,24,45760.11
2023-11-16,S03,Delhi,North,Electronics,14694.69,0,0,0,5668.04,17.9,14905.68,28,411451.25
2023-11-16,S03,Delhi,North,Grocery,428.32,0,0,0,2905.27,22.2,442.35,44,18845.94
2023-11-16,S03,Delhi,North,Home & Kitchen,1962.62,10,1,0,6449.54,19.4,2413.23,33,64766.33
2023-11-16,S04,Bengaluru,South,Clothing,1746.51,0,0,0,5993.01,19.5,1696.07,37,64620.91
2023-11-16,S04,Bengaluru,South,Electronics,15051.09,0,0,0,4595.91,17.0,13778.78,15,225766.29
2023-11-16,S04,Bengaluru,South,Grocery,428.86,0,0,0,4008.24,16.7,393.47,23,9863.82
2023-11-16,S04,Bengaluru,South,Home & Kitchen,1890.86,15,1,0,6589.74,21.4,2530.92,39,73743.56
2023-11-17,S01,Mumbai,West,Clothing,1744.12,0,0,0,5495.58,20.0,,35,61044.29
2023-11-17,S01,Mumbai,West,Electronics,14145.93,0,0,0,4523.84,20.4,14501.56,23,325356.37
2023-11-17,S01,Mumbai,West,Grocery,448.46,0,0,0,4361.18,23.4,486.49,35,15696.26
2023-11-17,S01,Mumbai,West,Home & Kitchen,2285.06,0,0,0,3795.13,21.2,2083.29,34,77692.03
2023-11-17,S02,Pune,West,Clothing,1853.01,0,0,0,8074.46,24.5,1864.08,32,59296.39
2023-11-17,S02,Pune,West,Electronics,15154.22,0,0,0,8407.97,17.7,14340.78,31,469780.75
2023-11-17,S02,Pune,West,Grocery,428.7,0,0,0,6500.76,18.5,455.4,36,15433.32
2023-11-17,S02,Pune,West,Home & Kitchen,2171.48,0,0,0,3346.22,20.8,2142.25,23,49944.15
2023-11-17,S03,Delhi,North,Clothing,1437.7,20,1,0,4620.74,16.8,1756.8,40,57508.1
2023-11-17,S03,Delhi,North,Electronics,14062.54,5,1,0,5577.94,19.8,15902.31,31,435938.88
2023-11-17,S03,Delhi,North,Grocery,445.2,0,0,0,3716.34,22.1,441.75,41,18253.26
2023-11-17,S03,Delhi,North,Home & Kitchen,2170.46,5,1,0,6355.99,18.1,2140.98,24,52091.16
2023-11-17,S04,Bengaluru,South,Clothing,1450.27,20,1,0,7939.92,21.2,1846.61,61,88466.66
2023-11-17,S04,Bengaluru,South,Electronics,14830.56,0,0,0,4570.57,18.7,14339.26,19,281780.61
2023-11-17,S04,Bengaluru,South,Grocery,459.7,0,0,0,3626.4,20.9,444.58,39,17928.42
2023-11-17,S04,Bengaluru,South,Home & Kitchen,2256.22,0,0,0,1021.08,19.3,2232.68,27,60918.07
2023-11-18,S01,Mumbai,West,Clothing,1841.28,0,0,0,6859.56,21.3,1882.36,51,93905.08
2023-11-18,S01,Mumbai,West,Electronics,15152.84,0,0,0,4753.02,21.0,14216.05,30,454585.16
2023-11-18,S01,Mumbai,West,Grocery,417.7,10,1,0,3374.28,21.1,431.45,71,29656.51
2023-11-18,S01,Mumbai,West,Home & Kitchen,2247.19,0,0,0,2795.39,20.6,2065.0,39,87640.38
2023-11-18,S02,Pune,West,Clothing,1750.41,0,0,0,5861.54,20.7,1790.03,22,38509.06
2023-11-18,S02,Pune,West,Electronics,12588.76,15,1,0,5933.75,21.1,15942.13,37,465783.96
2023-11-18,S02,Pune,West,Grocery,458.57,0,0,0,6168.01,20.8,420.45,39,17884.21
2023-11-18,S02,Pune,West,Home & Kitchen,2222.03,0,0,0,2241.43,20.2,1981.35,33,73327.09
2023-11-18,S03,Delhi,North,Clothing,1845.29,0,0,0,7079.58,20.2,1788.92,40,73811.68
2023-11-18,S03,Delhi,North,Electronics,13994.58,0,0,0,1745.67,19.0,15212.69,29,405842.71
2023-11-18,S03,Delhi,North,Grocery,459.84,0,0,0,7031.74,18.5,430.46,45,20692.85
2023-11-18,S03,Delhi,North,Home & Kitchen,1608.61,25,1,0,7714.53,19.2,2257.59,76,122254.33
2023-11-18,S04,Bengaluru,South,Clothing,1753.3,0,0,0,7819.41,20.5,1768.31,37,64872.22
2023-11-18,S04,Bengaluru,South,Electronics,12155.3,20,1,0,6793.74,17.3,14819.72,45,546988.46
2023-11-18,S04,Bengaluru,South,Grocery,449.04,0,0,0,5597.07,21.6,448.3,61,27391.37
2023-11-18,S04,Bengaluru,South,Home & Kitchen,2147.89,0,0,0,7557.41,20.7,2159.0,36,77324.21
2023-11-19,S01,Mumbai,West,Clothing,1799.84,0,0,0,3036.61,19.6,1788.34,42,75593.41
2023-11-19,S01,Mumbai,West,Electronics,15083.72,0,0,0,2371.85,19.5,14574.21,29,437427.99
2023-11-19,S01,Mumbai,West,Grocery,448.95,0,0,0,2681.3,19.0,447.48,52,23345.14
2023-11-19,S01,Mumbai,West,Home & Kitchen,2045.29,0,0,0,8290.02,21.3,2287.54,48,98173.71
2023-11-19,S02,Pune,West,Clothing,1882.52,0,0,0,6179.27,21.2,1695.18,29,54592.98
2023-11-19,S02,Pune,West,Electronics,15766.29,0,0,0,5732.08,20.4,14578.91,23,362624.61
2023-11-19,S02,Pune,West,Grocery,446.25,0,0,0,2746.15,20.6,443.2,32,14279.88
2023-11-19,S02,Pune,West,Home & Kitchen,2197.26,0,0,0,2679.66,19.8,2230.58,27,59326.09
2023-11-19,S03,Delhi,North,Clothing,1842.32,0,0,0,6363.1,19.8,1757.39,35,64481.35
2023-11-19,S03,Delhi,North,Electronics,15361.1,0,0,0,5775.54,18.6,14781.3,33,506916.14
2023-11-19,S03,Delhi,North,Grocery,446.73,0,0,0,3367.8,20.8,421.75,43,19209.47
2023-11-19,S03,Delhi,North,Home & Kitchen,2254.57,0,0,0,1493.85,20.6,1992.45,29,65382.39
2023-11-19,S04,Bengaluru,South,Clothing,1506.89,15,1,0,8480.0,20.0,1854.12,61,91920.0
2023-11-19,S04,Bengaluru,South,Electronics,15260.27,0,0,0,4162.83,19.7,16601.01,34,518849.17
2023-11-19,S04,Bengaluru,South,Grocery,451.35,0,0,0,4677.32,23.2,415.33,45,20310.72
2023-11-19,S04,Bengaluru,South,Home & Kitchen,2290.46,0,0,0,4160.75,20.8,2127.0,22,50390.14
2023-11-20,S01,Mumbai,West,Clothing,1762.95,0,0,0,4932.29,22.3,1755.6,39,68755.08
2023-11-20,S01,Mumbai,West,Electronics,15250.91,0,0,0,5141.27,20.1,14534.38,29,442276.36
2023-11-20,S01,Mumbai,West,Grocery,435.13,5,1,0,11447.97,20.7,478.51,66,28718.29
2023-11-20,S01,Mumbai,West,Home & Kitchen,2158.04,0,0,0,5993.16,22.2,2168.94,27,58266.95
2023-11-20,S02,Pune,West,Clothing,1777.18,0,0,0,7065.22,17.9,1976.07,43,76418.59
2023-11-20,S02,Pune,West,Electronics,15511.6,0,0,0,3932.35,22.0,14742.13,25,387789.88
2023-11-20,S02,Pune,West,Grocery,390.51,15,1,0,4189.93,18.7,458.24,43,16791.89
2023-11-20,S02,Pune,West,Home & Kitchen,2119.13,0,0,0,2280.09,21.8,2140.07,14,29667.78
2023-11-20,S03,Delhi,North,Clothing,1841.69,0,0,0,3932.41,19.0,1844.24,34,62617.47
2023-11-20,S03,Delhi,North,Electronics,14540.11,0,0,0,6478.51,18.7,14557.73,41,596144.42
2023-11-20,S03,Delhi,North,Grocery,449.2,0,0,0,4784.85,16.3,463.73,54,24256.92
2023-11-20,S03,Delhi,North,Home & Kitchen,2167.47,0,0,0,4925.74,19.6,2043.99,19,41181.93
2023-11-20,S04,Bengaluru,South,Clothing,1771.31,0,0,0,5649.12,19.5,1881.21,24,42511.42
2023-11-20,S04,Bengaluru,South,Electronics,14942.31,0,0,0,6688.12,18.7,14860.03,21,313788.51
2023-11-20,S04,Bengaluru,South,Grocery,461.59,0,0,0,5199.99,19.5,455.69,45,20771.48
2023-11-20,S04,Bengaluru,South,Home & Kitchen,2222.8,0,0,0,5770.09,19.4,2260.98,28,62238.48
2023-11-21,S01,Mumbai,West,Clothing,1810.79,0,0,0,4743.96,19.1,1890.86,35,63377.67
2023-11-21,S01,Mumbai,West,Electronics,14398.11,0,0,0,6873.14,20.2,15589.65,30,431943.16
2023-11-21,S01,Mumbai,West,Grocery,460.54,0,0,0,7217.26,21.9,442.73,40,18421.42
2023-11-21,S01,Mumbai,West,Home & Kitchen,2161.42,0,0,0,3961.37,22.9,2329.1,23,49712.58
2023-11-21,S02,Pune,West,Clothing,1759.72,0,0,0,6524.36,19.6,1904.04,31,54551.4
2023-11-21,S02,Pune,West,Electronics,11119.63,25,1,0,1487.43,16.9,15787.27,46,511502.8
2023-11-21,S02,Pune,West,Grocery,434.99,0,0,0,6043.07,23.7,448.24,40,17399.56
2023-11-21,S02,Pune,West,Home & Kitchen,2025.13,10,1,0,3840.57,18.3,2080.57,23,46577.98
2023-11-21,S03,Delhi,North,Clothing,1868.73,0,0,0,3888.68,23.5,1710.84,31,57930.75
2023-11-21,S03,Delhi,North,Electronics,14779.2,0,0,0,6610.54,21.9,,27,399038.51
2023-11-21,S03,Delhi,North,Grocery,455.99,0,0,0,8309.59,20.6,455.94,41,18695.46
2023-11-21,S03,Delhi,North,Home & Kitchen,1715.36,20,1,0,3894.39,21.6,2346.47,40,68614.24
2023-11-21,S04,Bengaluru,South,Clothing,1730.26,5,1,0,6636.75,21.6,1727.49,40,69210.58
2023-11-21,S04,Bengaluru,South,Electronics,14695.73,0,0,0,4596.0,22.6,14895.57,27,396784.58
2023-11-21,S04,Bengaluru,South,Grocery,460.9,0,0,0,5538.45,20.0,445.64,41,18897.08
2023-11-21,S04,Bengaluru,South,Home & Kitchen,2226.53,0,0,0,4915.84,22.3,2073.75,32,71249.11
2023-11-22,S01,Mumbai,West,Clothing,1709.13,0,0,0,5569.61,24.1,1899.31,33,56401.28
2023-11-22,S01,Mumbai,West,Electronics,15290.26,0,0,0,3370.15,20.4,15731.99,21,321095.41
2023-11-22,S01,Mumbai,West,Grocery,442.41,0,0,0,7010.27,19.8,456.12,46,20350.81
2023-11-22,S01,Mumbai,West,Home & Kitchen,2202.96,0,0,0,7539.73,20.9,2215.74,31,68291.8
2023-11-22,S02,Pune,West,Clothing,1819.58,0,0,0,5047.29,20.1,1752.2,25,45489.52
2023-11-22,S02,Pune,West,Electronics,15794.58,0,0,0,4940.52,19.0,15993.58,16,252713.3
2023-11-22,S02,Pune,West,Grocery,443.39,0,0,0,3238.44,20.2,405.89,28,12414.8
2023-11-22,S02,Pune,West,Home & Kitchen,2271.11,0,0,0,3010.08,18.6,2167.27,24,54506.65
2023-11-22,S03,Delhi,North,Clothing,1728.89,0,0,0,6291.27,22.6,1819.08,36,62240.11
2023-11-22,S03,Delhi,North,Electronics,14523.11,0,0,0,3266.01,20.5,16027.13,27,392123.95
2023-11-22,S03,Delhi,North,Grocery,456.93,0,0,0,5373.88,21.6,431.92,37,16906.4
2023-11-22,S03,Delhi,North,Home & Kitchen,2266.53,0,0,0,3122.65,20.5,2321.56,19,43064.02
2023-11-22,S04,Bengaluru,South,Clothing,1885.61,0,0,0,4630.38,18.7,1746.78,33,62225.15
2023-11-22,S04,Bengaluru,South,Electronics,14294.22,0,0,0,7353.74,20.6,14963.48,28,400238.21
2023-11-22,S04,Bengaluru,South,Grocery,458.41,0,0,0,3063.75,21.0,463.82,46,21086.88
2023-11-22,S04,Bengaluru,South,Home & Kitchen,2196.2,0,0,0,5871.94,21.6,2132.01,32,70278.42
2023-11-23,S01,Mumbai,West,Clothing,1711.69,0,0,0,6858.74,24.2,1759.53,34,58197.54
2023-11-23,S01,Mumbai,West,Electronics,15924.55,0,0,0,5504.6,21.5,14883.65,24,382189.09
2023-11-23,S01,Mumbai,West,Grocery,455.66,0,0,0,3988.09,25.3,474.58,49,22327.35
2023-11-23,S01,Mumbai,West,Home & Kitchen,2311.43,0,0,0,7034.24,19.4,2591.2,43,99391.3
2023-11-23,S02,Pune,West,Clothing,1823.03,0,0,0,4722.55,18.7,1776.51,22,40106.74
2023-11-23,S02,Pune,West,Electronics,15154.67,0,0,0,3269.37,19.4,16104.47,18,272784.06
2023-11-23,S02,Pune,West,Grocery,461.95,0,0,0,6207.41,19.1,435.59,42,19401.86
2023-11-23,S02,Pune,West,Home & Kitchen,2181.17,0,0,0,4375.45,17.0,2113.82,22,47985.67
2023-11-23,S03,Delhi,North,Clothing,1747.99,0,0,0,2051.64,18.5,1706.26,31,54187.56
2023-11-23,S03,Delhi,North,Electronics,12967.9,15,1,0,7092.88,23.1,15470.73,46,596523.55
2023-11-23,S03,Delhi,North,Grocery,394.41,15,1,0,5080.57,17.8,468.45,64,25242.24
2023-11-23,S03,Delhi,North,Home & Kitchen,2245.96,0,0,0,4564.13,20.4,2248.83,31,69624.84
2023-11-23,S04,Bengaluru,South,Clothing,1547.55,10,1,0,9282.62,20.6,1791.99,42,64997.17
2023-11-23,S04,Bengaluru,South,Electronics,12324.22,20,1,0,6046.84,17.3,14345.43,49,603886.68
2023-11-23,S04,Bengaluru,South,Grocery,438.25,0,0,0,1731.96,22.8,448.85,30,13147.48
2023-11-23,S04,Bengaluru,South,Home & Kitchen,2036.56,0,0,0,8496.26,22.0,2247.82,32,65169.84
2023-11-24,S01,Mumbai,West,Clothing,1739.51,0,0,0,3005.82,20.6,1819.11,40,69580.4
2023-11-24,S01,Mumbai,West,Electronics,15035.3,0,0,0,3626.26,21.1,16073.19,21,315741.35
2023-11-24,S01,Mumbai,West,Grocery,449.92,0,0,0,5014.26,19.0,437.49,38,17096.82
2023-11-24,S01,Mumbai,West,Home & Kitchen,2128.68,0,0,0,2973.08,15.4,2148.04,34,72375.26
2023-11-24,S02,Pune,West,Clothing,1706.22,0,0,0,6932.43,19.1,1621.71,23,39243.06
2023-11-24,S02,Pune,West,Electronics,14247.76,0,0,0,5965.04,20.3,13767.67,20,284955.27
2023-11-24,S02,Pune,West,Grocery,476.03,0,0,0,7903.68,17.6,434.1,43,20469.1
2023-11-24,S02,Pune,West,Home & Kitchen,2252.52,0,0,0,6282.68,22.0,2124.67,26,58565.48
2023-11-24,S03,Delhi,North,Clothing,1802.57,0,0,0,5890.38,21.3,1638.11,33,59484.74
2023-11-24,S03,Delhi,North,Electronics,14017.71,5,1,0,8758.98,20.2,14932.14,37,518655.24
2023-11-24,S03,Delhi,North,Grocery,457.61,0,0,0,2018.5,20.0,408.54,33,15100.97
2023-11-24,S03,Delhi,North,Home & Kitchen,2156.88,0,0,0,5032.47,18.3,2323.92,27,58235.79
2023-11-24,S04,Bengaluru,South,Clothing,1855.24,0,0,0,3703.91,19.4,1914.29,21,38960.04
2023-11-24,S04,Bengaluru,South,Electronics,11091.14,25,1,0,6950.98,21.8,13229.66,38,421463.16
2023-11-24,S04,Bengaluru,South,Grocery,458.34,0,0,0,6081.48,17.4,439.0,37,16958.6
2023-11-24,S04,Bengaluru,South,Home & Kitchen,2290.89,0,0,0,1791.05,20.6,2103.84,23,52690.39
2023-11-25,S01,Mumbai,West,Clothing,1818.87,0,0,0,5854.7,21.1,1691.24,44,80030.48
2023-11-25,S01,Mumbai,West,Electronics,14972.25,0,0,0,3992.13,20.1,16026.35,36,539001.02
2023-11-25,S01,Mumbai,West,Grocery,433.57,0,0,0,3776.96,22.0,421.61,42,18210.04
2023-11-25,S01,Mumbai,West,Home & Kitchen,2347.99,0,0,0,3869.79,22.0,2242.8,29,68091.57
2023-11-25,S02,Pune,West,Clothing,1774.02,0,0,0,5039.8,20.8,1842.61,47,83378.94
2023-11-25,S02,Pune,West,Electronics,14964.76,0,0,0,2177.91,20.1,15362.19,30,448942.88
2023-11-25,S02,Pune,West,Grocery,352.89,20,1,0,6671.92,18.2,462.58,72,25408.0
2023-11-25,S02,Pune,West,Home & Kitchen,2333.92,0,0,0,5939.73,21.2,2367.48,26,60681.92
2023-11-25,S03,Delhi,North,Clothing,1493.15,20,1,0,2702.84,21.5,1769.24,58,86602.79
2023-11-25,S03,Delhi,North,Electronics,13900.55,0,0,0,8795.93,16.2,15081.55,39,542121.36
2023-11-25,S03,Delhi,North,Grocery,454.83,0,0,0,5250.38,20.3,440.82,53,24106.02
2023-11-25,S03,Delhi,North,Home & Kitchen,2188.89,0,0,0,5753.53,17.5,2081.68,33,72233.47
2023-11-25,S04,Bengaluru,South,Clothing,1852.89,0,0,0,3443.19,21.1,1729.31,34,62998.23
2023-11-25,S04,Bengaluru,South,Electronics,15213.41,0,0,0,6490.56,19.6,16082.29,31,471615.56
2023-11-25,S04,Bengaluru,South,Grocery,460.27,0,0,0,2848.7,20.4,458.14,49,22553.29
2023-11-25,S04,Bengaluru,South,Home & Kitchen,1665.02,25,1,0,6465.11,17.0,2071.33,51,84916.19
2023-11-26,S01,Mumbai,West,Clothing,1799.82,0,0,0,6547.29,22.4,1719.41,40,71992.96
2023-11-26,S01,Mumbai,West,Electronics,15139.05,0,0,0,7216.09,18.4,15182.55,27,408754.38
2023-11-26,S01,Mumbai,West,Grocery,327.48,25,1,0,3638.25,21.5,417.18,78,25543.42
2023-11-26,S01,Mumbai,West,Home & Kitchen,2174.77,0,0,0,4801.51,21.0,2112.64,43,93514.95
2023-11-26,S02,Pune,West,Clothing,1682.71,0,0,0,3876.47,20.9,1676.77,29,48798.57
2023-11-26,S02,Pune,West,Electronics,15735.88,0,0,0,3891.0,20.9,15202.59,33,519283.88
2023-11-26,S02,Pune,West,Grocery,436.51,0,0,0,3615.52,17.5,508.46,49,21388.76
2023-11-26,S02,Pune,West,Home & Kitchen,2300.67,0,0,0,4066.65,22.7,2213.68,19,43712.76
2023-11-26,S03,Delhi,North,Clothing,1773.0,5,1,0,8955.59,20.3,1841.75,56,99287.98
2023-11-26,S03,Delhi,North,Electronics,15126.34,0,0,0,5718.4,17.9,14919.25,34,514295.52
2023-11-26,S03,Delhi,North,Grocery,423.52,0,0,0,3848.45,25.8,454.85,59,24987.7
2023-11-26,S03,Delhi,North,Home & Kitchen,2191.78,0,0,0,5654.0,17.7,2381.79,44,96438.41
2023-11-26,S04,Bengaluru,South,Clothing,1814.38,0,0,0,3354.05,,1965.07,46,83461.57
2023-11-26,S04,Bengaluru,South,Electronics,15475.49,0,0,0,6835.4,21.5,15452.67,34,526166.73
2023-11-26,S04,Bengaluru,South,Grocery,456.79,0,0,0,4235.27,,478.57,44,20098.88
2023-11-26,S04,Bengaluru,South,Home & Kitchen,1599.48,25,1,0,6513.7,15.5,2142.35,40,63979.14
2023-11-27,S01,Mumbai,West,Clothing,1763.81,5,1,0,5664.52,17.6,1811.17,41,72316.32
2023-11-27,S01,Mumbai,West,Electronics,15914.55,0,0,0,4186.16,20.1,14383.58,20,318291.03
2023-11-27,S01,Mumbai,West,Grocery,441.19,0,0,0,4116.84,18.6,463.13,53,23383.2
2023-11-27,S01,Mumbai,West,Home & Kitchen,2149.38,0,0,0,3394.87,20.3,2324.53,33,70929.69
2023-11-27,S02,Pune,West,Clothing,1498.99,15,1,0,9539.94,17.3,1859.97,45,67454.33
2023-11-27,S02,Pune,West,Electronics,14631.07,0,0,0,5401.52,19.8,14961.58,19,277990.38
2023-11-27,S02,Pune,West,Grocery,463.81,0,0,0,5264.76,19.6,453.01,35,16233.31
2023-11-27,S02,Pune,West,Home & Kitchen,2184.12,0,0,0,4196.21,23.2,2170.81,22,48050.66
2023-11-27,S03,Delhi,North,Clothing,1438.01,20,1,0,7185.07,17.8,1730.07,52,74776.64
2023-11-27,S03,Delhi,North,Electronics,14663.74,0,0,0,6475.79,20.2,13675.84,30,439912.25
2023-11-27,S03,Delhi,North,Grocery,453.26,0,0,0,5836.7,25.2,474.93,40,18130.5
2023-11-27,S03,Delhi,North,Home & Kitchen,1772.41,20,1,0,4512.31,22.2,2086.17,50,88620.65
2023-11-27,S04,Bengaluru,South,Clothing,1788.76,0,0,0,6611.96,20.2,1651.98,42,75127.99
2023-11-27,S04,Bengaluru,South,Electronics,14861.9,0,0,0,5940.63,17.4,15832.8,39,579613.99
2023-11-27,S04,Bengaluru,South,Grocery,458.53,0,0,0,4739.57,19.3,481.05,41,18799.83
2023-11-27,S04,Bengaluru,South,Home & Kitchen,2336.59,0,0,0,4432.69,19.0,2169.35,21,49068.43
2023-11-28,S01,Mumbai,West,Clothing,1750.32,0,0,0,4793.83,17.4,1802.83,45,78764.42
2023-11-28,S01,Mumbai,West,Electronics,14539.36,0,0,0,5693.32,19.9,16181.53,29,421641.4
2023-11-28,S01,Mumbai,West,Grocery,393.15,15,1,0,8387.13,19.2,458.75,62,24375.6
2023-11-28,S01,Mumbai,West,Home & Kitchen,2255.78,0,0,0,4855.13,18.6,2259.46,27,60906.15
2023-11-28,S02,Pune,West,Clothing,1765.84,0,0,0,3596.11,20.6,1892.33,26,45911.77
2023-11-28,S02,Pune,West,Electronics,14969.29,0,0,0,5558.54,22.7,15049.93,17,254477.96
2023-11-28,S02,Pune,West,Grocery,432.99,0,0,0,6551.92,18.2,423.05,33,14288.71
2023-11-28,S02,Pune,West,Home & Kitchen,1914.45,10,1,0,9619.4,19.2,2375.74,42,80406.93
2023-11-28,S03,Delhi,North,Clothing,1761.21,5,1,0,2680.71,18.1,1812.29,31,54597.39
2023-11-28,S03,Delhi,North,Electronics,14989.48,0,0,0,3511.06,20.5,13934.08,26,389726.58
2023-11-28,S03,Delhi,North,Grocery,472.39,0,0,0,3985.62,20.6,437.5,42,19840.41
2023-11-28,S03,Delhi,North,Home & Kitchen,2167.7,0,0,0,4704.46,16.5,2235.66,21,45521.65
2023-11-28,S04,Bengaluru,South,Clothing,1841.11,0,0,0,6444.44,22.1,1945.7,51,93896.5
2023-11-28,S04,Bengaluru,South,Electronics,14340.56,0,0,0,8932.5,21.1,15176.08,33,473238.53
2023-11-28,S04,Bengaluru,South,Grocery,451.31,0,0,0,4875.54,20.9,463.47,47,21211.38
2023-11-28,S04,Bengaluru,South,Home & Kitchen,2201.11,0,0,0,3888.09,18.3,2173.63,27,59430.1
2023-11-29,S01,Mumbai,West,Clothing,1831.03,0,0,0,5627.67,22.5,1712.98,34,62255.09
2023-11-29,S01,Mumbai,West,Electronics,15091.44,0,0,0,2193.17,20.4,14954.24,27,407468.96
2023-11-29,S01,Mumbai,West,Grocery,462.98,0,0,0,6261.12,22.0,473.89,50,23148.92
2023-11-29,S01,Mumbai,West,Home & Kitchen,2261.0,0,0,0,6067.94,21.9,2105.27,29,65569.12
2023-11-29,S02,Pune,West,Clothing,1816.06,0,0,0,2397.94,21.1,1793.68,29,52665.82
2023-11-29,S02,Pune,West,Electronics,12949.26,10,1,0,5914.61,23.4,15964.33,35,453224.18
2023-11-29,S02,Pune,West,Grocery,433.96,0,0,0,5148.37,21.6,446.39,49,21264.12
2023-11-29,S02,Pune,West,Home & Kitchen,2215.19,0,0,0,5892.18,18.6,2167.5,28,62025.33
2023-11-29,S03,Delhi,North,Clothing,1421.79,20,1,0,5315.12,21.1,1767.33,61,86729.05
2023-11-29,S03,Delhi,North,Electronics,15374.48,0,0,0,3314.9,18.8,14846.81,21,322864.15
2023-11-29,S03,Delhi,North,Grocery,458.74,0,0,0,5415.75,18.7,475.29,39,17890.86
2023-11-29,S03,Delhi,North,Home & Kitchen,2314.61,0,0,0,7155.6,20.4,2504.91,35,81011.45
2023-11-29,S04,Bengaluru,South,Clothing,1803.06,0,0,0,5667.22,21.4,1821.59,30,54091.86
2023-11-29,S04,Bengaluru,South,Electronics,14898.08,0,0,0,5005.18,24.0,15869.1,20,297961.62
2023-11-29,S04,Bengaluru,South,Grocery,434.32,0,0,0,6173.32,18.8,468.48,42,18241.25
2023-11-29,S04,Bengaluru,South,Home & Kitchen,2175.32,0,0,0,6433.16,19.8,2170.58,28,60908.89
2023-11-30,S01,Mumbai,West,Clothing,1793.85,0,0,0,5517.23,20.5,1735.56,33,59197.08
2023-11-30,S01,Mumbai,West,Electronics,14640.15,0,0,0,7793.48,24.4,15094.62,25,366003.85
2023-11-30,S01,Mumbai,West,Grocery,460.12,0,0,0,3544.93,20.3,443.83,48,22085.94
2023-11-30,S01,Mumbai,West,Home & Kitchen,2242.9,0,0,0,2940.11,19.5,2176.1,34,76258.48
2023-11-30,S02,Pune,West,Clothing,1581.71,10,1,0,7787.0,18.8,1704.2,41,64850.24
2023-11-30,S02,Pune,West,Electronics,13013.54,10,1,0,9361.22,17.8,15778.94,27,351365.61
2023-11-30,S02,Pune,West,Grocery,453.59,0,0,0,5725.75,18.8,450.24,36,16329.24
2023-11-30,S02,Pune,West,Home & Kitchen,2354.9,0,0,0,5259.06,16.4,2064.69,25,58872.5
2023-11-30,S03,Delhi,North,Clothing,1755.37,0,0,0,5475.94,21.0,1706.81,35,61438.07
2023-11-30,S03,Delhi,North,Electronics,14555.6,0,0,0,6481.0,18.4,14834.11,32,465779.23
2023-11-30,S03,Delhi,North,Grocery,463.09,0,0,0,7169.56,20.5,435.34,42,19449.79
2023-11-30,S03,Delhi,North,Home & Kitchen,2126.83,0,0,0,7420.86,20.4,2102.98,30,63804.83
2023-11-30,S04,Bengaluru,South,Clothing,1522.59,15,1,0,6563.46,19.4,1848.1,59,89832.91
2023-11-30,S04,Bengaluru,South,Electronics,14930.02,0,0,0,2736.39,21.1,13842.38,27,403110.61
2023-11-30,S04,Bengaluru,South,Grocery,444.54,0,0,0,5998.85,22.4,435.22,52,23115.92
2023-11-30,S04,Bengaluru,South,Home & Kitchen,2135.45,0,0,0,4947.33,17.7,2231.18,30,64063.61
2023-12-01,S01,Mumbai,West,Clothing,1749.08,0,0,0,5873.53,16.6,1704.15,33,57719.49
2023-12-01,S01,Mumbai,West,Electronics,11065.39,25,1,0,7084.77,16.0,,55,608596.22
2023-12-01,S01,Mumbai,West,Grocery,455.94,0,0,0,4527.78,17.7,417.81,49,22341.13
2023-12-01,S01,Mumbai,West,Home & Kitchen,2149.22,0,0,0,5439.5,17.0,2361.9,27,58028.83
2023-12-01,S02,Pune,West,Clothing,1681.73,5,1,0,4683.76,15.7,1912.41,30,50451.94
2023-12-01,S02,Pune,West,Electronics,14624.59,0,0,0,7354.2,17.2,15672.68,18,263242.66
2023-12-01,S02,Pune,West,Grocery,478.16,0,0,0,3800.88,18.8,467.02,26,12432.08
2023-12-01,S02,Pune,West,Home & Kitchen,2288.31,0,0,0,5182.25,14.9,2054.09,23,52631.16
2023-12-01,S03,Delhi,North,Clothing,1728.23,0,0,0,2019.66,16.5,1850.16,37,63944.66
2023-12-01,S03,Delhi,North,Electronics,14977.1,0,0,0,1946.17,15.9,14990.91,27,404381.82
2023-12-01,S03,Delhi,North,Grocery,440.9,0,0,0,,19.3,468.48,53,23367.55
2023-12-01,S03,Delhi,North,Home & Kitchen,2099.94,0,0,0,4539.65,15.7,2348.33,26,54598.53
2023-12-01,S04,Bengaluru,South,Clothing,1702.28,0,0,0,3225.37,17.5,1851.81,32,54472.84
2023-12-01,S04,Bengaluru,South,Electronics,15222.8,0,0,0,4947.94,15.8,15038.03,22,334901.63
2023-12-01,S04,Bengaluru,South,Grocery,443.7,0,0,0,5357.69,13.5,444.09,46,20410.23
2023-12-01,S04,Bengaluru,South,Home & Kitchen,2158.29,0,0,0,4999.28,14.7,2123.79,25,53957.18
2023-12-02,S01,Mumbai,West,Clothing,1820.81,0,0,0,5841.92,17.1,1840.96,52,94681.94
2023-12-02,S01,Mumbai,West,Electronics,14977.68,0,0,0,4726.25,17.9,14332.66,31,464308.22
2023-12-02,S01,Mumbai,West,Grocery,455.57,0,0,0,6123.68,13.8,397.06,57,25967.67
2023-12-02,S01,Mumbai,West,Home & Kitchen,2233.13,0,0,0,6752.75,17.0,2348.69,43,96024.76
2023-12-02,S02,Pune,West,Clothing,1870.41,0,0,0,5652.65,18.0,1800.2,32,59853.12
2023-12-02,S02,Pune,West,Electronics,14447.67,0,0,0,3973.51,18.7,15155.19,17,245610.4
2023-12-02,S02,Pune,West,Grocery,438.54,0,0,0,3914.49,18.1,477.95,48,21049.99
2023-12-02,S02,Pune,West,Home & Kitchen,2199.6,0,0,0,4566.13,16.4,2191.2,26,57189.54
2023-12-02,S03,Delhi,North,Clothing,1792.59,0,0,0,4934.69,19.7,1741.38,33,59155.42
2023-12-02,S03,Delhi,North,Electronics,14652.75,0,0,0,5233.02,16.8,16273.16,43,630068.35
2023-12-02,S03,Delhi,North,Grocery,449.07,0,0,0,3022.5,13.7,487.85,51,22902.59
2023-12-02,S03,Delhi,North,Home & Kitchen,2192.27,0,0,0,5139.28,17.0,2306.3,37,81114.11
2023-12-02,S04,Bengaluru,South,Clothing,1824.8,0,0,0,5407.11,17.6,1591.6,30,54743.92
2023-12-02,S04,Bengaluru,South,Electronics,14742.64,0,0,0,6192.14,19.3,15387.01,35,515992.47
2023-12-02,S04,Bengaluru,South,Grocery,450.39,0,0,0,5853.38,16.6,460.54,50,22519.68
2023-12-02,S04,Bengaluru,South,Home & Kitchen,2093.75,0,0,0,4548.14,13.0,2232.89,29,60718.71
2023-12-03,S01,Mumbai,West,Clothing,1796.44,0,0,0,3527.04,12.3,1622.91,45,80839.59
2023-12-03,S01,Mumbai,West,Electronics,13265.35,15,1,0,7035.98,19.2,13898.52,36,477552.64
2023-12-03,S01,Mumbai,West,Grocery,453.75,0,0,0,4143.54,18.4,514.53,58,26317.33
2023-12-03,S01,Mumbai,West,Home & Kitchen,2131.79,0,0,0,5600.33,18.0,2055.42,44,93798.55
2023-12-03,S02,Pune,West,Clothing,1911.47,0,0,0,7725.82,11.9,1808.39,37,70724.26
2023-12-03,S02,Pune,West,Electronics,14721.78,0,0,0,7414.11,18.2,16702.94,33,485818.63
2023-12-03,S02,Pune,West,Grocery,445.01,0,0,0,6359.09,18.4,481.3,52,23140.43
2023-12-03,S02,Pune,West,Home & Kitchen,2303.11,0,0,0,8004.71,12.9,2019.35,30,69093.25
2023-12-03,S03,Delhi,North,Clothing,1781.28,0,0,0,5722.4,20.1,1833.72,40,71251.34
2023-12-03,S03,Delhi,North,Electronics,15444.0,0,0,0,7145.9,17.0,14785.25,21,324324.06
2023-12-03,S03,Delhi,North,Grocery,343.22,25,1,0,6160.14,12.9,427.5,105,36037.71
2023-12-03,S03,Delhi,North,Home & Kitchen,2068.83,0,0,0,3655.57,17.4,2141.3,31,64133.61
2023-12-03,S04,Bengaluru,South,Clothing,1875.33,0,0,0,6849.73,19.0,1774.51,35,65636.54
2023-12-03,S04,Bengaluru,South,Electronics,14719.67,0,0,0,5682.32,15.6,15988.87,30,441590.17
2023-12-03,S04,Bengaluru,South,Grocery,444.63,0,0,0,3457.57,18.2,455.54,51,22676.13
2023-12-03,S04,Bengaluru,South,Home & Kitchen,1627.81,25,1,0,5713.91,14.3,2136.31,68,110691.02
2023-12-04,S01,Mumbai,West,Clothing,1766.03,0,0,0,6485.4,16.7,1708.96,36,63576.99
2023-12-04,S01,Mumbai,West,Electronics,15810.45,0,0,0,2885.27,17.3,15474.65,27,426882.04
2023-12-04,S01,Mumbai,West,Grocery,455.5,0,0,0,5119.38,17.6,461.86,48,21864.12
2023-12-04,S01,Mumbai,West,Home & Kitchen,2147.38,0,0,0,4886.58,14.8,2159.74,34,73010.98
2023-12-04,S02,Pune,West,Clothing,1750.27,0,0,0,2937.73,17.1,1716.16,29,50757.86
2023-12-04,S02,Pune,West,Electronics,15782.23,0,0,0,7643.3,16.3,14699.53,18,284080.09
2023-12-04,S02,Pune,West,Grocery,383.78,15,1,0,4718.29,18.9,462.09,44,16886.2
2023-12-04,S02,Pune,West,Home & Kitchen,2277.13,0,0,0,4715.23,14.9,2071.03,18,40988.43
2023-12-04,S03,Delhi,North,Clothing,1854.18,0,0,0,1897.22,20.0,1668.58,29,53771.34
2023-12-04,S03,Delhi,North,Electronics,15035.53,0,0,0,6068.88,14.9,14427.93,27,405959.33
2023-12-04,S03,Delhi,North,Grocery,455.98,0,0,0,6445.22,14.8,453.41,45,20519.14
2023-12-04,S03,Delhi,North,Home & Kitchen,2148.73,0,0,0,6540.93,14.8,2429.9,29,62313.25
2023-12-04,S04,Bengaluru,South,Clothing,1724.6,0,0,0,3377.03,14.1,1786.78,33,56911.66
2023-12-04,S04,Bengaluru,South,Electronics,14826.5,0,0,0,3472.69,18.0,15312.14,23,341009.51
2023-12-04,S04,Bengaluru,South,Grocery,474.38,0,0,0,3874.77,16.5,463.74,37,17552.24
2023-12-04,S04,Bengaluru,South,Home & Kitchen,2191.5,0,0,0,5915.85,16.1,2187.04,27,59170.46
2023-12-05,S01,Mumbai,West,Clothing,1802.27,0,0,0,6750.17,15.6,1632.34,41,73892.99
2023-12-05,S01,Mumbai,West,Electronics,14441.58,5,1,0,8128.56,21.7,14412.45,38,548780.07
2023-12-05,S01,Mumbai,West,Grocery,433.6,5,1,0,6723.33,16.9,453.08,55,23847.81
2023-12-05,S01,Mumbai,West,Home & Kitchen,2193.74,0,0,0,3997.85,18.2,2411.35,16,35099.82
2023-12-05,S02,Pune,West,Clothing,1855.04,0,0,0,4938.63,20.3,1817.37,27,50086.08
2023-12-05,S02,Pune,West,Electronics,14983.77,0,0,0,4814.15,17.6,13788.03,22,329642.88
2023-12-05,S02,Pune,West,Grocery,443.62,0,0,0,1120.7,21.1,449.98,29,12864.93
2023-12-05,S02,Pune,West,Home & Kitchen,2074.64,0,0,0,5223.94,16.9,2158.06,29,60164.48
2023-12-05,S03,Delhi,North,Clothing,1830.39,0,0,0,6119.18,20.0,1812.31,31,56742.14
2023-12-05,S03,Delhi,North,Electronics,14989.61,0,0,0,6059.1,17.6,15039.76,24,359750.64
2023-12-05,S03,Delhi,North,Grocery,460.67,0,0,0,2720.57,18.6,462.16,36,16583.99
2023-12-05,S03,Delhi,North,Home & Kitchen,2158.23,0,0,0,8474.03,15.5,2099.72,31,66905.11
2023-12-05,S04,Bengaluru,South,Clothing,1752.18,0,0,0,3169.14,19.2,1909.09,16,28034.89
2023-12-05,S04,Bengaluru,South,Electronics,15167.35,0,0,0,4493.0,21.5,15312.74,24,364016.52
2023-12-05,S04,Bengaluru,South,Grocery,456.15,0,0,0,10395.58,,482.44,54,24632.04
2023-12-05,S04,Bengaluru,South,Home & Kitchen,2236.46,0,0,0,5852.53,15.8,2130.28,30,67093.88
2023-12-06,S01,Mumbai,West,Clothing,1793.01,0,0,0,5279.12,18.9,1837.71,29,51997.16
2023-12-06,S01,Mumbai,West,Electronics,14830.53,0,0,0,4514.02,16.3,17294.65,32,474577.04
2023-12-06,S01,Mumbai,West,Grocery,431.04,0,0,0,5586.4,17.8,456.27,47,20258.89
2023-12-06,S01,Mumbai,West,Home & Kitchen,2038.59,5,1,0,7495.52,15.6,2192.61,36,73389.18
2023-12-06,S02,Pune,West,Clothing,1820.94,0,0,0,7225.11,11.9,1781.74,25,45523.54
2023-12-06,S02,Pune,West,Electronics,15353.48,0,0,0,5068.1,13.9,14801.07,20,307069.7
2023-12-06,S02,Pune,West,Grocery,426.15,0,0,0,4540.5,15.4,483.38,38,16193.61
2023-12-06,S02,Pune,West,Home & Kitchen,2270.07,0,0,0,2526.77,18.9,2324.51,29,65831.97
2023-12-06,S03,Delhi,North,Clothing,1352.2,25,1,0,5775.48,17.0,1856.15,49,66257.62
2023-12-06,S03,Delhi,North,Electronics,11553.27,20,1,0,5910.95,17.5,13952.36,27,311938.38
2023-12-06,S03,Delhi,North,Grocery,434.69,0,0,0,7530.84,18.7,422.0,39,16952.78
2023-12-06,S03,Delhi,North,Home & Kitchen,2201.0,0,0,0,4197.25,16.8,2195.97,30,66030.03
2023-12-06,S04,Bengaluru,South,Clothing,1774.58,0,0,0,5467.22,14.0,1792.59,32,56786.65
2023-12-06,S04,Bengaluru,South,Electronics,15404.98,0,0,0,3785.48,15.9,15169.56,31,477554.44
2023-12-06,S04,Bengaluru,South,Grocery,381.84,15,1,0,6274.37,17.2,447.39,64,24437.61
2023-12-06,S04,Bengaluru,South,Home & Kitchen,1871.8,10,1,0,4601.44,19.1,2001.01,32,59897.68
2023-12-07,S01,Mumbai,West,Clothing,1791.7,0,0,0,2758.77,19.1,,26,46584.22
2023-12-07,S01,Mumbai,West,Electronics,13703.47,15,1,0,5632.67,17.7,14185.44,25,342586.82
2023-12-07,S01,Mumbai,West,Grocery,351.47,20,1,0,6457.46,16.3,417.79,56,19682.06
2023-12-07,S01,Mumbai,West,Home & Kitchen,2269.48,0,0,0,3234.62,15.7,2231.18,24,54467.55
2023-12-07,S02,Pune,West,Clothing,1706.11,0,0,0,6022.83,18.7,1680.44,30,51183.16
2023-12-07,S02,Pune,West,Electronics,15491.21,0,0,0,4923.92,17.0,15043.3,17,263350.5
2023-12-07,S02,Pune,West,Grocery,460.83,0,0,0,5471.29,18.8,,34,15668.1
2023-12-07,S02,Pune,West,Home & Kitchen,2207.84,0,0,0,4045.45,15.6,2342.1,23,50780.28
2023-12-07,S03,Delhi,North,Clothing,1803.15,0,0,0,6375.22,14.4,1831.66,25,45078.67
2023-12-07,S03,Delhi,North,Electronics,15337.59,0,0,0,4385.17,16.9,15116.67,28,429452.47
2023-12-07,S03,Delhi,North,Grocery,439.29,0,0,0,5211.38,18.0,459.73,46,20207.48
2023-12-07,S03,Delhi,North,Home & Kitchen,2186.97,0,0,0,6764.33,16.9,2270.57,41,89665.97
2023-12-07,S04,Bengaluru,South,Clothing,1695.62,5,1,0,7379.19,17.9,1928.29,36,61042.29
2023-12-07,S04,Bengaluru,South,Electronics,16050.0,0,0,0,4003.88,18.0,13891.27,15,240750.0
2023-12-07,S04,Bengaluru,South,Grocery,453.83,0,0,0,6319.93,17.7,416.7,36,16337.78
2023-12-07,S04,Bengaluru,South,Home & Kitchen,2146.78,0,0,0,4545.34,16.4,2233.57,23,49375.92
2023-12-08,S01,Mumbai,West,Clothing,1511.06,15,1,0,5793.46,18.2,1802.86,41,61953.54
2023-12-08,S01,Mumbai,West,Electronics,14807.6,0,0,0,4262.52,15.5,14056.96,23,340574.81
2023-12-08,S01,Mumbai,West,Grocery,436.11,0,0,0,4019.45,15.9,432.12,34,14827.72
2023-12-08,S01,Mumbai,West,Home & Kitchen,2161.84,0,0,0,5364.19,18.8,2323.96,25,54046.02
2023-12-08,S02,Pune,West,Clothing,1757.28,0,0,0,4730.27,18.2,1920.6,36,63261.97
2023-12-08,S02,Pune,West,Electronics,14501.2,0,0,0,4032.5,14.2,15977.39,19,275522.87
2023-12-08,S02,Pune,West,Grocery,429.89,5,1,0,7905.32,17.9,451.23,49,21064.59
2023-12-08,S02,Pune,West,Home & Kitchen,2142.81,0,0,0,4173.92,17.3,2272.56,39,83569.42
2023-12-08,S03,Delhi,North,Clothing,1777.37,0,0,0,4648.27,16.4,1880.33,29,51543.6
2023-12-08,S03,Delhi,North,Electronics,15394.69,0,0,0,8232.16,15.7,14456.38,20,307893.8
2023-12-08,S03,Delhi,North,Grocery,432.53,0,0,0,5864.68,19.3,437.26,48,20761.62
2023-12-08,S03,Delhi,North,Home & Kitchen,2215.58,0,0,0,6104.92,14.2,2189.49,32,70898.45
2023-12-08,S04,Bengaluru,South,Clothing,1761.2,0,0,0,6223.63,17.9,1963.94,26,45791.29
2023-12-08,S04,Bengaluru,South,Electronics,15868.01,0,0,0,4859.79,21.0,14554.81,21,333228.11
2023-12-08,S04,Bengaluru,South,Grocery,432.95,5,1,0,3932.65,18.2,429.95,24,10390.88
2023-12-08,S04,Bengaluru,South,Home & Kitchen,2118.38,0,0,0,6527.65,13.8,2317.6,23,48722.82
2023-12-09,S01,Mumbai,West,Clothing,1729.53,0,0,0,5291.61,17.9,1947.56,48,83017.57
2023-12-09,S01,Mumbai,West,Electronics,14742.99,0,0,0,4129.02,16.4,15382.6,30,442289.67
2023-12-09,S01,Mumbai,West,Grocery,395.2,15,1,0,5008.25,16.6,489.22,86,33987.59
2023-12-09,S01,Mumbai,West,Home & Kitchen,2185.45,0,0,0,5038.27,15.1,2064.46,35,76490.75
2023-12-09,S02,Pune,West,Clothing,1636.5,0,0,0,8584.07,14.2,1958.32,36,58913.89
2023-12-09,S02,Pune,West,Electronics,14625.82,0,0,0,4181.5,18.1,14616.77,28,409522.94
2023-12-09,S02,Pune,West,Grocery,454.95,0,0,0,7468.66,19.2,444.52,47,21382.78
2023-12-09,S02,Pune,West,Home & Kitchen,2206.02,0,0,0,5729.44,20.8,2199.57,34,75004.77
2023-12-09,S03,Delhi,North,Clothing,1703.93,0,0,0,3414.38,16.8,1858.09,42,71564.89
2023-12-09,S03,Delhi,North,Electronics,14655.23,0,0,0,6850.47,18.4,15168.79,30,439657.05
2023-12-09,S03,Delhi,North,Grocery,340.12,25,1,0,5381.11,16.7,431.03,62,21087.37
2023-12-09,S03,Delhi,North,Home & Kitchen,1933.66,10,1,0,5697.96,17.1,2541.93,44,85081.23
2023-12-09,S04,Bengaluru,South,Clothing,1681.54,10,1,0,8178.86,16.7,1852.86,51,85758.65
2023-12-09,S04,Bengaluru,South,Electronics,11204.9,25,1,0,6840.0,19.0,14621.52,39,436991.17
2023-12-09,S04,Bengaluru,South,Grocery,479.3,0,0,0,6101.82,17.0,454.69,46,22048.02
2023-12-09,S04,Bengaluru,South,Home & Kitchen,2259.6,0,0,0,7523.32,16.5,2228.36,40,90384.0
2023-12-10,S01,Mumbai,West,Clothing,1804.04,0,0,0,3283.1,14.1,1950.61,44,79377.64
2023-12-10,S01,Mumbai,West,Electronics,14201.28,0,0,0,6042.01,,,42,596453.58
2023-12-10,S01,Mumbai,West,Grocery,472.33,0,0,0,3299.53,16.1,464.81,50,23616.52
2023-12-10,S01,Mumbai,West,Home & Kitchen,2034.81,5,1,0,8026.1,18.8,2107.63,43,87496.9
2023-12-10,S02,Pune,West,Clothing,1817.47,0,0,0,4857.02,18.1,1891.64,33,59976.6
2023-12-10,S02,Pune,West,Electronics,15344.62,0,0,0,6978.98,14.8,15368.42,16,245513.89
2023-12-10,S02,Pune,West,Grocery,448.09,0,0,0,5127.05,17.3,402.05,37,16579.22
2023-12-10,S02,Pune,West,Home & Kitchen,1670.51,25,1,0,4604.61,13.5,2137.26,52,86866.33
2023-12-10,S03,Delhi,North,Clothing,1388.92,20,1,0,3921.51,15.8,1826.93,53,73612.76
2023-12-10,S03,Delhi,North,Electronics,15069.25,0,0,0,6269.39,19.7,14864.81,33,497285.16
2023-12-10,S03,Delhi,North,Grocery,447.47,0,0,0,5069.48,16.5,440.48,47,21031.17
2023-12-10,S03,Delhi,North,Home & Kitchen,2175.02,0,0,0,3955.88,17.2,2061.61,34,73950.8
2023-12-10,S04,Bengaluru,South,Clothing,1907.64,0,0,0,5240.69,18.2,1817.46,39,74398.1
2023-12-10,S04,Bengaluru,South,Electronics,14676.53,0,0,0,3906.7,18.4,15624.86,32,469649.01
2023-12-10,S04,Bengaluru,South,Grocery,456.11,0,0,0,4619.34,13.8,441.61,48,21893.08
2023-12-10,S04,Bengaluru,South,Home & Kitchen,2244.38,0,0,0,7524.94,18.0,2064.39,41,92019.48
2023-12-11,S01,Mumbai,West,Clothing,1405.32,20,1,0,5351.75,18.3,1637.47,61,85724.69
2023-12-11,S01,Mumbai,West,Electronics,15628.24,0,0,0,5383.86,18.8,15048.44,35,546988.44
2023-12-11,S01,Mumbai,West,Grocery,420.72,0,0,0,2658.0,21.4,432.82,39,16408.0
2023-12-11,S01,Mumbai,West,Home & Kitchen,2268.48,0,0,0,4125.88,17.3,2175.39,27,61249.02
2023-12-11,S02,Pune,West,Clothing,1741.85,0,0,0,5595.31,19.1,1878.19,45,78383.4
2023-12-11,S02,Pune,West,Electronics,13243.12,10,1,0,6787.28,17.4,13892.07,28,370807.23
2023-12-11,S02,Pune,West,Grocery,470.43,0,0,0,5987.93,19.4,478.61,37,17405.83
2023-12-11,S02,Pune,West,Home & Kitchen,2147.59,0,0,0,5072.47,19.2,2242.72,30,64427.65
2023-12-11,S03,Delhi,North,Clothing,1842.48,0,0,0,4531.86,16.3,1876.14,23,42377.06
2023-12-11,S03,Delhi,North,Electronics,15264.6,0,0,0,5041.77,16.2,14893.88,19,290027.4
2023-12-11,S03,Delhi,North,Grocery,447.37,0,0,0,3658.33,17.8,438.84,31,13868.57
2023-12-11,S03,Delhi,North,Home & Kitchen,2238.2,0,0,0,8717.59,18.9,2377.97,30,67145.91
2023-12-11,S04,Bengaluru,South,Clothing,1811.83,0,0,0,2514.39,14.7,1708.09,23,41672.08
2023-12-11,S04,Bengaluru,South,Electronics,14719.45,0,0,0,4048.4,13.1,15385.34,20,294389.1
2023-12-11,S04,Bengaluru,South,Grocery,444.58,0,0,0,4201.75,20.6,422.37,32,14226.67
2023-12-11,S04,Bengaluru,South,Home & Kitchen,2073.83,0,0,0,7408.51,12.3,2054.21,20,41476.69
2023-12-12,S01,Mumbai,West,Clothing,1744.9,0,0,0,2885.95,18.3,1826.86,37,64561.38
2023-12-12,S01,Mumbai,West,Electronics,15435.71,0,0,0,5977.62,17.7,15429.18,25,385892.76
2023-12-12,S01,Mumbai,West,Grocery,471.12,0,0,0,4827.88,18.9,422.4,43,20258.37
2023-12-12,S01,Mumbai,West,Home & Kitchen,2156.04,0,0,0,4253.4,13.8,2343.51,29,62525.03
2023-12-12,S02,Pune,West,Clothing,1807.23,0,0,0,7474.03,14.7,1958.86,40,72289.28
2023-12-12,S02,Pune,West,Electronics,15314.81,0,0,0,,17.7,15811.06,21,321611.1
2023-12-12,S02,Pune,West,Grocery,421.03,5,1,0,6217.13,14.5,465.2,41,17262.2
2023-12-12,S02,Pune,West,Home & Kitchen,2192.09,0,0,0,4090.47,17.8,2396.02,27,59186.34
2023-12-12,S03,Delhi,North,Clothing,1792.52,0,0,0,4716.89,14.8,1766.36,28,50190.64
2023-12-12,S03,Delhi,North,Electronics,13598.37,15,1,0,4948.59,15.8,15469.88,34,462344.73
2023-12-12,S03,Delhi,North,Grocery,440.81,0,0,0,7320.61,20.5,468.02,44,19395.69
2023-12-12,S03,Delhi,North,Home & Kitchen,2050.22,0,0,0,6149.22,16.9,1951.14,32,65607.06
2023-12-12,S04,Bengaluru,South,Clothing,1764.04,0,0,0,5774.21,15.5,1858.16,34,59977.32
2023-12-12,S04,Bengaluru,South,Electronics,14409.31,0,0,0,6066.12,15.1,16129.58,27,389051.35
2023-12-12,S04,Bengaluru,South,Grocery,436.19,0,0,0,7638.08,19.8,449.04,43,18756.19
2023-12-12,S04,Bengaluru,South,Home & Kitchen,2181.68,0,0,0,5298.23,19.5,2293.47,36,78540.62
2023-12-13,S01,Mumbai,West,Clothing,1787.0,0,0,0,5910.94,19.6,1710.99,41,73267.09
2023-12-13,S01,Mumbai,West,Electronics,16088.01,0,0,0,4986.81,19.6,13617.34,20,321760.25
2023-12-13,S01,Mumbai,West,Grocery,451.17,0,0,0,6224.39,15.1,438.4,42,18949.17
2023-12-13,S01,Mumbai,West,Home & Kitchen,2275.37,0,0,0,3137.2,19.8,2323.17,34,77362.67
2023-12-13,S02,Pune,West,Clothing,1454.12,25,1,0,7765.55,15.7,1705.73,47,68343.81
2023-12-13,S02,Pune,West,Electronics,13391.58,15,1,0,4333.21,17.2,15051.24,21,281223.09
2023-12-13,S02,Pune,West,Grocery,435.46,0,0,0,5531.11,15.1,396.67,35,15241.09
2023-12-13,S02,Pune,West,Home & Kitchen,2178.17,0,0,0,3349.04,19.6,2215.56,28,60988.69
2023-12-13,S03,Delhi,North,Clothing,1729.16,0,0,0,6596.09,18.5,1846.92,46,79541.33
2023-12-13,S03,Delhi,North,Electronics,15176.01,0,0,0,6619.45,18.0,15550.79,23,349048.19
2023-12-13,S03,Delhi,North,Grocery,438.61,0,0,0,7689.58,17.9,449.98,40,17544.54
2023-12-13,S03,Delhi,North,Home & Kitchen,1670.83,25,1,0,7725.5,16.1,1881.98,39,65162.21
2023-12-13,S04,Bengaluru,South,Clothing,1808.55,0,0,0,6782.78,15.0,1772.74,27,48830.75
2023-12-13,S04,Bengaluru,South,Electronics,15055.93,0,0,0,3715.39,18.8,15366.05,24,361342.31
2023-12-13,S04,Bengaluru,South,Grocery,453.1,0,0,0,7312.02,18.5,433.36,34,15405.53
2023-12-13,S04,Bengaluru,South,Home & Kitchen,2292.29,0,0,0,6552.83,17.9,2245.92,21,48138.09
2023-12-14,S01,Mumbai,West,Clothing,1563.69,15,1,0,6298.72,21.3,1692.62,42,65675.06
2023-12-14,S01,Mumbai,West,Electronics,14374.71,0,0,0,5769.8,16.9,14491.87,27,388117.29
2023-12-14,S01,Mumbai,West,Grocery,463.67,0,0,0,2929.58,21.1,442.9,36,16692.18
2023-12-14,S01,Mumbai,West,Home & Kitchen,2270.52,0,0,0,5655.93,17.7,2290.17,25,56763.1
2023-12-14,S02,Pune,West,Clothing,1886.03,0,0,0,6982.58,17.1,1704.64,26,49036.77
2023-12-14,S02,Pune,West,Electronics,14345.08,0,0,0,3862.83,15.8,14789.58,29,416007.25
2023-12-14,S02,Pune,West,Grocery,472.46,0,0,0,4719.71,15.9,472.54,39,18425.94
2023-12-14,S02,Pune,West,Home & Kitchen,2252.49,0,0,0,3288.06,19.0,2149.18,26,58564.66
2023-12-14,S03,Delhi,North,Clothing,1873.82,0,0,0,4581.05,20.3,1801.96,33,61836.11
2023-12-14,S03,Delhi,North,Electronics,14999.82,0,0,0,4539.68,14.7,16524.85,28,419994.84
2023-12-14,S03,Delhi,North,Grocery,450.02,0,0,0,8220.0,16.9,501.99,40,18001.0
2023-12-14,S03,Delhi,North,Home & Kitchen,2058.45,0,0,0,4682.65,18.4,2205.82,27,55578.25
2023-12-14,S04,Bengaluru,South,Clothing,1739.3,0,0,0,4067.47,15.7,1926.98,32,55657.52
2023-12-14,S04,Bengaluru,South,Electronics,14554.32,0,0,0,3647.82,16.4,14840.08,20,291086.37
2023-12-14,S04,Bengaluru,South,Grocery,429.94,10,1,0,5949.52,16.3,463.18,53,22786.87
2023-12-14,S04,Bengaluru,South,Home & Kitchen,2248.58,0,0,0,5550.26,19.8,2217.41,16,35977.21
2023-12-15,S01,Mumbai,West,Clothing,1810.02,0,0,0,2531.33,13.7,1789.79,31,56110.72
2023-12-15,S01,Mumbai,West,Electronics,15656.18,0,0,0,4371.73,16.4,14194.79,19,297467.36
2023-12-15,S01,Mumbai,West,Grocery,456.84,0,0,0,5409.46,16.2,496.11,66,30151.26
2023-12-15,S01,Mumbai,West,Home & Kitchen,1736.45,20,1,0,5237.13,17.9,2195.69,46,79876.9
2023-12-15,S02,Pune,West,Clothing,1758.58,0,0,0,3650.69,19.0,1762.7,25,43964.54
2023-12-15,S02,Pune,West,Electronics,14839.38,0,0,0,4754.22,16.7,16598.74,24,356145.11
2023-12-15,S02,Pune,West,Grocery,420.32,0,0,0,5579.66,16.9,443.17,37,15551.79
2023-12-15,S02,Pune,West,Home & Kitchen,2180.11,0,0,0,4739.9,15.7,2182.66,25,54502.71
2023-12-15,S03,Delhi,North,Clothing,1702.53,10,1,0,3191.42,21.8,1966.56,44,74911.38
2023-12-15,S03,Delhi,North,Electronics,14929.96,0,0,0,5118.06,14.5,15520.73,26,388178.84
2023-12-15,S03,Delhi,North,Grocery,464.95,0,0,0,2351.4,17.9,437.94,33,15343.33
2023-12-15,S03,Delhi,North,Home & Kitchen,2200.7,0,0,0,5091.5,19.1,,21,46214.69
2023-12-15,S04,Bengaluru,South,Clothing,1788.41,0,0,0,4794.25,19.1,1669.94,24,42921.83
2023-12-15,S04,Bengaluru,South,Electronics,14501.87,0,0,0,8297.54,16.0,15961.9,34,493063.73
2023-12-15,S04,Bengaluru,South,Grocery,447.91,0,0,0,5370.66,18.0,484.2,50,22395.74
2023-12-15,S04,Bengaluru,South,Home & Kitchen,2177.02,0,0,0,3892.28,18.0,2293.96,29,63133.6
2023-12-16,S01,Mumbai,West,Clothing,1771.32,0,0,0,5527.2,16.3,1910.55,54,95651.19
2023-12-16,S01,Mumbai,West,Electronics,12025.25,20,1,0,10013.52,22.5,13578.72,57,685439.18
2023-12-16,S01,Mumbai,West,Grocery,469.45,0,0,0,6176.95,17.1,445.76,61,28636.17
2023-12-16,S01,Mumbai,West,Home & Kitchen,1871.66,15,1,0,4448.27,19.1,,57,106684.87
2023-12-16,S02,Pune,West,Clothing,1745.53,0,0,0,6842.26,16.0,1826.81,45,78548.66
2023-12-16,S02,Pune,West,Electronics,14910.78,0,0,0,6369.75,19.4,15802.43,26,387680.22
2023-12-16,S02,Pune,West,Grocery,447.92,0,0,0,3905.12,17.2,472.24,47,21052.42
2023-12-16,S02,Pune,West,Home & Kitchen,2087.8,0,0,0,5154.59,17.1,2170.66,22,45931.71
2023-12-16,S03,Delhi,North,Clothing,1865.04,0,0,0,4313.26,17.6,1824.61,28,52221.22
2023-12-16,S03,Delhi,North,Electronics,14956.71,0,0,0,5923.54,15.8,14816.27,25,373917.82
2023-12-16,S03,Delhi,North,Grocery,447.6,5,1,0,6593.18,19.9,460.66,53,23722.9
2023-12-16,S03,Delhi,North,Home & Kitchen,2234.31,0,0,0,3174.81,14.1,2363.91,39,87138.27
2023-12-16,S04,Bengaluru,South,Clothing,1829.34,0,0,0,1735.0,19.5,1741.2,32,58538.78
2023-12-16,S04,Bengaluru,South,Electronics,14531.56,0,0,0,4209.83,19.4,14066.79,28,406883.55
2023-12-16,S04,Bengaluru,South,Grocery,437.41,0,0,0,4433.02,13.6,476.26,57,24932.57
2023-12-16,S04,Bengaluru,South,Home & Kitchen,2228.14,0,0,0,4816.44,16.2,2274.05,29,64616.07
2023-12-17,S01,Mumbai,West,Clothing,1769.15,0,0,0,4915.24,15.6,1853.97,41,72535.04
2023-12-17,S01,Mumbai,West,Electronics,15362.75,0,0,0,2648.1,17.9,15087.74,35,537696.08
2023-12-17,S01,Mumbai,West,Grocery,430.19,5,1,0,2693.88,18.9,423.24,53,22800.07
2023-12-17,S01,Mumbai,West,Home & Kitchen,2168.74,0,0,0,3849.78,20.1,2194.21,41,88918.14
2023-12-17,S02,Pune,West,Clothing,1869.82,0,0,0,5254.39,17.0,1773.66,34,63573.91
2023-12-17,S02,Pune,West,Electronics,14763.14,0,0,0,3709.88,16.2,14220.12,26,383841.51
2023-12-17,S02,Pune,West,Grocery,448.98,0,0,0,7970.13,15.6,451.71,54,24244.95
2023-12-17,S02,Pune,West,Home & Kitchen,2170.47,0,0,0,4709.41,14.2,2260.36,34,73795.81
2023-12-17,S03,Delhi,North,Clothing,1822.9,0,0,0,2713.71,16.7,1684.31,32,58332.65
2023-12-17,S03,Delhi,North,Electronics,12276.23,20,1,0,6377.04,17.7,14525.53,34,417391.73
2023-12-17,S03,Delhi,North,Grocery,471.21,0,0,0,5648.18,16.4,446.61,38,17905.88
2023-12-17,S03,Delhi,North,Home & Kitchen,2220.31,0,0,0,6141.32,15.9,2376.92,31,68829.59
2023-12-17,S04,Bengaluru,South,Clothing,1835.15,0,0,0,4580.05,16.9,1885.59,43,78911.38
2023-12-17,S04,Bengaluru,South,Electronics,15399.81,0,0,0,2261.89,18.3,14781.84,28,431194.62
2023-12-17,S04,Bengaluru,South,Grocery,463.41,0,0,0,3289.41,13.9,429.14,39,18073.18
2023-12-17,S04,Bengaluru,South,Home & Kitchen,2252.55,0,0,0,4691.78,16.9,2214.04,43,96859.46
2023-12-18,S01,Mumbai,West,Clothing,1834.33,0,0,0,5774.62,17.4,1735.64,36,66036.02
2023-12-18,S01,Mumbai,West,Electronics,12119.73,15,1,0,8269.69,,13317.88,42,509028.46
2023-12-18,S01,Mumbai,West,Grocery,431.59,0,0,0,4594.13,13.1,448.68,51,22011.26
2023-12-18,S01,Mumbai,West,Home & Kitchen,2236.02,0,0,0,5805.66,17.5,2274.58,33,73788.58
2023-12-18,S02,Pune,West,Clothing,1745.74,0,0,0,3881.33,15.7,1708.2,33,57609.44
2023-12-18,S02,Pune,West,Electronics,14726.41,0,0,0,6352.55,17.1,14917.96,33,485971.59
2023-12-18,S02,Pune,West,Grocery,448.45,0,0,0,1413.16,15.1,419.46,29,13005.15
2023-12-18,S02,Pune,West,Home & Kitchen,2137.54,0,0,0,3750.71,16.0,2116.0,24,51300.99
2023-12-18,S03,Delhi,North,Clothing,1724.68,5,1,0,6629.89,17.0,1822.77,31,53465.15
2023-12-18,S03,Delhi,North,Electronics,14603.08,0,0,0,7324.99,15.3,15260.14,28,408886.36
2023-12-18,S03,Delhi,North,Grocery,443.68,0,0,0,3941.67,16.2,421.29,37,16416.02
2023-12-18,S03,Delhi,North,Home & Kitchen,2159.06,0,0,0,4438.2,12.7,2222.0,24,51817.55
2023-12-18,S04,Bengaluru,South,Clothing,1829.92,0,0,0,7396.64,17.4,1956.93,38,69536.84
2023-12-18,S04,Bengaluru,South,Electronics,14962.84,0,0,0,3140.22,15.4,14289.74,14,209479.75
2023-12-18,S04,Bengaluru,South,Grocery,338.73,25,1,0,6170.92,21.9,436.01,70,23711.27
2023-12-18,S04,Bengaluru,South,Home & Kitchen,2316.32,0,0,0,6388.12,16.1,2353.63,25,57908.08
2023-12-19,S01,Mumbai,West,Clothing,1670.58,0,0,0,4412.7,17.1,1863.45,35,58470.17
2023-12-19,S01,Mumbai,West,Electronics,15660.64,0,0,0,7051.86,15.7,14008.35,28,438497.83
2023-12-19,S01,Mumbai,West,Grocery,448.57,0,0,0,7469.32,16.6,455.95,41,18391.51
2023-12-19,S01,Mumbai,West,Home & Kitchen,2187.16,0,0,0,3345.56,18.3,2311.32,26,56866.29
2023-12-19,S02,Pune,West,Clothing,1853.52,0,0,0,5332.92,17.1,1800.51,28,51898.58
2023-12-19,S02,Pune,West,Electronics,14778.55,0,0,0,5295.44,16.0,17052.24,21,310349.46
2023-12-19,S02,Pune,West,Grocery,429.06,0,0,0,5856.33,15.8,450.59,29,12442.7
2023-12-19,S02,Pune,West,Home & Kitchen,2114.59,0,0,0,4793.37,17.1,2244.68,26,54979.46
2023-12-19,S03,Delhi,North,Clothing,1798.67,0,0,0,5869.81,19.8,1714.39,27,48564.15
2023-12-19,S03,Delhi,North,Electronics,15419.71,0,0,0,3020.07,17.0,16096.08,25,385492.7
2023-12-19,S03,Delhi,North,Grocery,434.03,0,0,0,5559.22,16.1,485.78,54,23437.58
2023-12-19,S03,Delhi,North,Home & Kitchen,2216.96,0,0,0,3460.22,15.0,2254.82,20,44339.13
2023-12-19,S04,Bengaluru,South,Clothing,1774.45,0,0,0,4333.35,20.9,1867.26,37,65654.75
2023-12-19,S04,Bengaluru,South,Electronics,14386.78,0,0,0,2010.35,18.5,14159.39,16,230188.44
2023-12-19,S04,Bengaluru,South,Grocery,427.99,0,0,0,5373.0,14.6,415.37,35,14979.61
2023-12-19,S04,Bengaluru,South,Home & Kitchen,2171.3,0,0,0,6194.07,18.7,2389.08,36,78166.92
2023-12-20,S01,Mumbai,West,Clothing,1843.06,0,0,0,3797.78,16.6,1598.07,30,55291.73
2023-12-20,S01,Mumbai,West,Electronics,15353.93,0,0,0,3721.76,15.2,14597.1,22,337786.52
2023-12-20,S01,Mumbai,West,Grocery,456.96,0,0,0,5827.91,15.9,421.19,41,18735.42
2023-12-20,S01,Mumbai,West,Home & Kitchen,2172.45,0,0,0,3478.75,17.8,2397.65,25,54311.16
2023-12-20,S02,Pune,West,Clothing,1947.74,0,0,0,5285.37,19.2,1791.51,27,52588.89
2023-12-20,S02,Pune,West,Electronics,14993.14,0,0,0,5214.26,19.1,16484.11,19,284869.61
2023-12-20,S02,Pune,West,Grocery,434.0,0,0,0,5479.32,13.7,429.78,40,17360.08
2023-12-20,S02,Pune,West,Home & Kitchen,1822.32,20,1,0,5419.12,17.7,2262.5,42,76537.58
2023-12-20,S03,Delhi,North,Clothing,1808.83,0,0,0,6125.44,19.8,1865.56,28,50647.12
2023-12-20,S03,Delhi,North,Electronics,12160.47,15,1,0,6121.21,13.1,15642.22,32,389135.12
2023-12-20,S03,Delhi,North,Grocery,461.93,0,0,0,2845.09,18.7,452.69,30,13857.9
2023-12-20,S03,Delhi,North,Home & Kitchen,2137.81,0,0,0,3717.6,19.9,2226.73,17,36342.72
2023-12-20,S04,Bengaluru,South,Clothing,1626.2,10,1,0,4099.03,16.2,1917.33,27,43907.51
2023-12-20,S04,Bengaluru,South,Electronics,15396.53,0,0,0,7474.27,15.1,14184.97,22,338723.72
2023-12-20,S04,Bengaluru,South,Grocery,452.83,0,0,0,6579.35,16.5,475.2,48,21735.94
2023-12-20,S04,Bengaluru,South,Home & Kitchen,2289.81,0,0,0,4845.53,15.5,2341.19,28,64114.7
2023-12-21,S01,Mumbai,West,Clothing,1274.1,25,1,0,4612.48,19.1,1732.23,58,73897.94
2023-12-21,S01,Mumbai,West,Electronics,14982.49,0,0,0,8343.91,18.9,14376.54,30,449474.71
2023-12-21,S01,Mumbai,West,Grocery,447.08,0,0,0,2194.31,17.5,459.05,41,18330.47
2023-12-21,S01,Mumbai,West,Home & Kitchen,2203.05,0,0,0,6344.54,16.4,2204.8,35,77106.67
2023-12-21,S02,Pune,West,Clothing,1744.65,5,1,0,9362.56,17.3,1875.72,36,62807.36
2023-12-21,S02,Pune,West,Electronics,15074.2,0,0,0,6538.69,17.2,15692.22,31,467300.14
2023-12-21,S02,Pune,West,Grocery,462.93,0,0,0,5556.92,16.5,422.49,45,20831.98
2023-12-21,S02,Pune,West,Home & Kitchen,2253.04,0,0,0,3437.2,18.7,2237.85,24,54072.85
2023-12-21,S03,Delhi,North,Clothing,1558.86,15,1,0,5455.48,16.6,1867.18,36,56118.88
2023-12-21,S03,Delhi,North,Electronics,15299.85,0,0,0,8207.1,18.3,14465.78,18,275397.33
2023-12-21,S03,Delhi,North,Grocery,373.77,20,1,0,8648.87,15.5,432.43,53,19809.59
2023-12-21,S03,Delhi,North,Home & Kitchen,2291.21,0,0,0,8615.91,14.7,2367.85,31,71027.62
2023-12-21,S04,Bengaluru,South,Clothing,1602.74,10,1,0,9528.16,15.7,1819.03,39,62506.75
2023-12-21,S04,Bengaluru,South,Electronics,11652.04,25,1,0,5869.88,13.8,14503.9,37,431125.32
2023-12-21,S04,Bengaluru,South,Grocery,465.41,0,0,0,5897.71,17.4,453.1,40,18616.37
2023-12-21,S04,Bengaluru,South,Home & Kitchen,2163.67,0,0,0,4659.93,17.7,2284.37,32,69237.53
2023-12-22,S01,Mumbai,West,Clothing,1723.57,0,0,0,4192.74,14.9,1725.85,37,63772.01
2023-12-22,S01,Mumbai,West,Electronics,15290.3,0,0,0,6493.24,16.3,15297.31,34,519870.22
2023-12-22,S01,Mumbai,West,Grocery,458.88,0,0,0,5987.51,17.8,477.2,37,16978.54
2023-12-22,S01,Mumbai,West,Home & Kitchen,2095.57,0,0,0,4750.82,13.9,2171.11,34,71249.51
2023-12-22,S02,Pune,West,Clothing,1863.94,0,0,0,5571.94,16.4,1804.01,27,50326.29
2023-12-22,S02,Pune,West,Electronics,14657.58,5,1,0,7518.05,15.5,13614.71,23,337124.41
2023-12-22,S02,Pune,West,Grocery,468.7,0,0,0,3225.77,17.0,,29,13592.36
2023-12-22,S02,Pune,West,Home & Kitchen,1815.75,15,1,0,6149.55,20.2,2080.51,34,61735.66
2023-12-22,S03,Delhi,North,Clothing,1654.38,10,1,0,4740.31,19.5,1745.18,45,74447.15
2023-12-22,S03,Delhi,North,Electronics,13111.39,15,1,0,7614.7,20.0,15339.44,41,537566.92
2023-12-22,S03,Delhi,North,Grocery,455.64,0,0,0,2700.24,18.4,459.0,36,16402.96
2023-12-22,S03,Delhi,North,Home & Kitchen,2254.86,0,0,0,4553.78,17.8,2064.1,25,56371.61
2023-12-22,S04,Bengaluru,South,Clothing,1847.22,0,0,0,5922.49,18.9,1956.37,32,59111.13
2023-12-22,S04,Bengaluru,South,Electronics,12574.15,15,1,0,4126.19,17.6,15142.77,41,515540.03
2023-12-22,S04,Bengaluru,South,Grocery,421.65,0,0,0,3524.19,17.8,485.97,43,18131.11
2023-12-22,S04,Bengaluru,South,Home & Kitchen,2160.45,0,0,0,3978.25,19.3,2212.82,24,51850.76
2023-12-23,S01,Mumbai,West,Clothing,1772.23,0,0,0,5028.24,15.0,1807.05,54,95700.4
2023-12-23,S01,Mumbai,West,Electronics,14655.53,0,0,0,6456.71,17.3,15229.19,36,527598.98
2023-12-23,S01,Mumbai,West,Grocery,449.11,0,0,0,3878.39,16.9,453.12,57,25599.45
2023-12-23,S01,Mumbai,West,Home & Kitchen,2194.99,0,0,0,6433.17,17.5,2353.46,47,103164.72
2023-12-23,S02,Pune,West,Clothing,1857.67,0,0,0,3828.79,17.0,1628.59,34,63160.9
2023-12-23,S02,Pune,West,Electronics,12740.39,15,1,0,3471.87,17.1,15999.11,32,407692.55
2023-12-23,S02,Pune,West,Grocery,444.37,0,0,0,2482.78,18.0,458.81,28,12442.26
2023-12-23,S02,Pune,West,Home & Kitchen,2116.22,0,0,0,7715.49,16.2,2183.56,37,78300.17
2023-12-23,S03,Delhi,North,Clothing,1824.52,0,0,0,4233.9,17.4,1706.6,33,60209.24
2023-12-23,S03,Delhi,North,Electronics,14594.64,5,1,0,5645.32,15.3,15166.51,29,423244.56
2023-12-23,S03,Delhi,North,Grocery,449.69,0,0,0,5375.65,14.1,473.25,70,31478.3
2023-12-23,S03,Delhi,North,Home & Kitchen,2137.36,0,0,0,5552.31,17.7,2126.87,25,53434.12
2023-12-23,S04,Bengaluru,South,Clothing,1822.31,0,0,0,5714.08,16.0,1825.45,46,83826.15
2023-12-23,S04,Bengaluru,South,Electronics,14647.4,0,0,0,5841.69,14.5,14737.02,30,439422.02
2023-12-23,S04,Bengaluru,South,Grocery,459.7,0,0,0,1941.64,17.1,463.7,36,16549.33
2023-12-23,S04,Bengaluru,South,Home & Kitchen,2187.87,0,0,0,4508.19,17.5,2205.34,26,56884.65
2023-12-24,S01,Mumbai,West,Clothing,1917.19,0,0,0,5221.94,15.0,1781.75,34,65184.35
2023-12-24,S01,Mumbai,West,Electronics,14739.25,0,0,0,5042.03,16.9,15670.35,36,530613.07
2023-12-24,S01,Mumbai,West,Grocery,441.96,0,0,0,6036.96,16.8,432.07,56,24749.79
2023-12-24,S01,Mumbai,West,Home & Kitchen,2242.87,0,0,0,4460.97,19.8,2361.9,43,96443.6
2023-12-24,S02,Pune,West,Clothing,1769.92,0,0,0,3482.86,15.5,1834.69,35,61947.08
2023-12-24,S02,Pune,West,Electronics,15503.18,0,0,0,3373.98,16.6,14523.61,26,403082.65
2023-12-24,S02,Pune,West,Grocery,437.44,0,0,0,5908.66,17.4,483.7,40,17497.44
2023-12-24,S02,Pune,West,Home & Kitchen,2193.23,0,0,0,4775.63,19.4,2142.05,31,67989.98
2023-12-24,S03,Delhi,North,Clothing,1623.04,0,0,0,4863.0,15.6,1811.95,27,43822.15
2023-12-24,S03,Delhi,North,Electronics,15121.67,0,0,0,6198.23,18.0,15786.83,31,468771.9
2023-12-24,S03,Delhi,North,Grocery,441.54,0,0,0,6183.79,16.6,430.9,62,27375.31
2023-12-24,S03,Delhi,North,Home & Kitchen,2290.87,0,0,0,3207.55,15.7,2294.18,24,54980.96
2023-12-24,S04,Bengaluru,South,Clothing,1700.41,10,1,0,6280.56,15.1,1850.24,44,74817.88
2023-12-24,S04,Bengaluru,South,Electronics,14607.44,0,0,0,7568.42,14.5,15194.8,31,452830.62
2023-12-24,S04,Bengaluru,South,Grocery,433.11,0,0,0,4533.67,16.3,439.98,38,16458.25
2023-12-24,S04,Bengaluru,South,Home & Kitchen,2210.53,0,0,0,4841.44,17.2,2282.45,33,72947.52
2023-12-25,S01,Mumbai,West,Clothing,1701.52,10,1,1,5656.7,16.4,1787.27,64,108897.45
2023-12-25,S01,Mumbai,West,Electronics,14791.45,0,0,1,4674.16,18.5,15564.29,40,591658.0
2023-12-25,S01,Mumbai,West,Grocery,435.34,0,0,1,3964.88,19.2,438.1,70,30473.75
2023-12-25,S01,Mumbai,West,Home & Kitchen,2209.11,0,0,1,4998.31,18.2,2151.23,55,121501.14
2023-12-25,S02,Pune,West,Clothing,1815.67,0,0,1,4928.9,15.1,1942.36,39,70811.14
2023-12-25,S02,Pune,West,Electronics,14733.69,0,0,1,4655.73,19.9,15992.64,32,471478.08
2023-12-25,S02,Pune,West,Grocery,425.91,0,0,1,7011.5,20.7,441.13,52,22147.08
2023-12-25,S02,Pune,West,Home & Kitchen,2112.65,0,0,1,2808.38,17.6,2191.88,28,59154.22
2023-12-25,S03,Delhi,North,Clothing,1862.16,0,0,1,4236.24,16.8,,38,70762.23
2023-12-25,S03,Delhi,North,Electronics,14418.82,5,1,1,5914.07,16.7,15226.06,33,475820.94
2023-12-25,S03,Delhi,North,Grocery,458.17,0,0,1,4100.75,17.0,451.13,45,20617.87
2023-12-25,S03,Delhi,North,Home & Kitchen,2212.84,0,0,1,4716.38,16.0,2315.81,37,81875.25
2023-12-25,S04,Bengaluru,South,Clothing,1817.54,0,0,1,3988.52,18.8,1823.17,30,54526.08
2023-12-25,S04,Bengaluru,South,Electronics,15119.36,0,0,1,4743.4,15.0,15165.89,32,483819.57
2023-12-25,S04,Bengaluru,South,Grocery,447.26,0,0,1,3085.34,16.9,410.06,40,17890.23
2023-12-25,S04,Bengaluru,South,Home & Kitchen,2249.78,0,0,1,5493.21,17.9,2138.36,35,78742.23
2023-12-26,S01,Mumbai,West,Clothing,1838.15,0,0,0,4365.02,14.6,1784.28,51,93745.67
2023-12-26,S01,Mumbai,West,Electronics,14166.27,0,0,0,4685.89,15.4,15855.61,24,339990.54
2023-12-26,S01,Mumbai,West,Grocery,444.71,0,0,0,4920.45,17.7,412.68,39,17343.71
2023-12-26,S01,Mumbai,West,Home & Kitchen,2149.67,5,1,0,6281.34,14.9,2089.45,37,79537.75
2023-12-26,S02,Pune,West,Clothing,1748.35,0,0,0,2980.45,19.5,1802.6,22,38463.75
2023-12-26,S02,Pune,West,Electronics,14459.39,0,0,0,5533.96,17.0,14458.0,34,491619.15
2023-12-26,S02,Pune,West,Grocery,462.7,0,0,0,5330.34,18.7,428.33,28,12955.54
2023-12-26,S02,Pune,West,Home & Kitchen,2184.02,0,0,0,7202.82,14.5,2126.67,19,41496.41
2023-12-26,S03,Delhi,North,Clothing,1810.77,0,0,0,7414.42,20.5,1724.54,32,57944.73
2023-12-26,S03,Delhi,North,Electronics,14819.91,0,0,0,7199.56,17.3,15198.02,35,518696.82
2023-12-26,S03,Delhi,North,Grocery,457.77,0,0,0,7058.91,20.6,473.41,49,22430.83
2023-12-26,S03,Delhi,North,Home & Kitchen,2125.44,0,0,0,2944.22,19.7,2348.04,33,70139.6
2023-12-26,S04,Bengaluru,South,Clothing,1753.66,0,0,0,4604.83,19.8,1781.03,37,64885.31
2023-12-26,S04,Bengaluru,South,Electronics,15410.2,0,0,0,7449.5,17.3,13247.41,22,339024.49
2023-12-26,S04,Bengaluru,South,Grocery,443.61,0,0,0,4856.81,19.3,456.89,41,18187.86
2023-12-26,S04,Bengaluru,South,Home & Kitchen,1645.23,25,1,0,6204.05,15.7,2193.46,28,46066.32
2023-12-27,S01,Mumbai,West,Clothing,1728.29,5,1,0,5367.47,17.0,1802.02,40,69131.62
2023-12-27,S01,Mumbai,West,Electronics,15387.79,0,0,0,5585.8,14.9,14998.56,22,338531.41
2023-12-27,S01,Mumbai,West,Grocery,384.85,15,1,0,5032.42,17.2,446.99,72,27709.02
2023-12-27,S01,Mumbai,West,Home & Kitchen,2175.1,0,0,0,7080.93,19.3,2345.09,28,60902.75
2023-12-27,S02,Pune,West,Clothing,1589.21,15,1,0,4712.36,20.3,1888.83,40,63568.31
2023-12-27,S02,Pune,West,Electronics,11147.15,25,1,0,,14.3,15366.62,34,379002.95
2023-12-27,S02,Pune,West,Grocery,463.5,0,0,0,6207.9,18.5,464.37,33,15295.34
2023-12-27,S02,Pune,West,Home & Kitchen,2204.65,0,0,0,6885.68,16.8,2336.77,19,41888.43
2023-12-27,S03,Delhi,North,Clothing,1726.7,0,0,0,4450.92,18.5,1754.45,35,60434.41
2023-12-27,S03,Delhi,North,Electronics,14493.77,0,0,0,6231.88,,14114.06,27,391331.81
2023-12-27,S03,Delhi,North,Grocery,453.82,0,0,0,2262.5,19.0,453.71,36,16337.53
2023-12-27,S03,Delhi,North,Home & Kitchen,1935.5,15,1,0,6669.31,18.8,2192.24,45,87097.56
2023-12-27,S04,Bengaluru,South,Clothing,1734.49,0,0,0,7492.05,16.1,1843.41,37,64176.03
2023-12-27,S04,Bengaluru,South,Electronics,15075.85,0,0,0,4495.68,18.6,15115.99,24,361820.3
2023-12-27,S04,Bengaluru,South,Grocery,465.01,0,0,0,5685.71,18.3,497.39,40,18600.34
2023-12-27,S04,Bengaluru,South,Home & Kitchen,2166.39,0,0,0,3794.32,12.7,2133.9,19,41161.34
2023-12-28,S01,Mumbai,West,Clothing,1699.44,0,0,0,8761.59,16.7,1848.61,50,84971.85
2023-12-28,S01,Mumbai,West,Electronics,11652.16,25,1,0,8522.14,17.5,15227.6,56,652521.12
2023-12-28,S01,Mumbai,West,Grocery,423.55,0,0,0,5004.74,17.4,456.99,45,19059.67
2023-12-28,S01,Mumbai,West,Home & Kitchen,2169.69,0,0,0,6958.81,16.5,2030.41,29,62920.92
2023-12-28,S02,Pune,West,Clothing,1741.4,0,0,0,4633.71,13.5,1754.54,22,38310.87
2023-12-28,S02,Pune,West,Electronics,15208.12,0,0,0,5097.6,18.1,14519.79,30,456243.65
2023-12-28,S02,Pune,West,Grocery,350.25,15,1,0,5175.34,17.8,431.24,39,13659.6
2023-12-28,S02,Pune,West,Home & Kitchen,2220.1,0,0,0,7148.79,17.3,2220.56,34,75483.27
2023-12-28,S03,Delhi,North,Clothing,1810.69,0,0,0,4846.54,16.1,1856.19,31,56131.51
2023-12-28,S03,Delhi,North,Electronics,15112.37,0,0,0,3700.23,16.5,15594.04,25,377809.31
2023-12-28,S03,Delhi,North,Grocery,435.06,0,0,0,4954.05,16.4,462.47,41,17837.58
2023-12-28,S03,Delhi,North,Home & Kitchen,2308.48,0,0,0,3634.22,21.4,2145.21,25,57711.88
2023-12-28,S04,Bengaluru,South,Clothing,1808.45,0,0,0,3970.13,17.0,1827.78,30,54253.42
2023-12-28,S04,Bengaluru,South,Electronics,14394.45,0,0,0,3235.09,16.4,14437.48,13,187127.81
2023-12-28,S04,Bengaluru,South,Grocery,463.48,0,0,0,5507.32,18.4,469.2,29,13440.85
2023-12-28,S04,Bengaluru,South,Home & Kitchen,1929.07,10,1,0,5124.44,15.1,2192.17,22,42439.51
2023-12-29,S01,Mumbai,West,Clothing,1808.46,0,0,0,3843.91,15.5,,30,54253.95
2023-12-29,S01,Mumbai,West,Electronics,11747.52,20,1,0,6326.37,18.3,15383.64,40,469900.64
2023-12-29,S01,Mumbai,West,Grocery,439.47,0,0,0,4149.08,,429.83,40,17578.76
2023-12-29,S01,Mumbai,West,Home & Kitchen,2126.26,0,0,0,6729.86,12.9,2024.79,28,59535.19
2023-12-29,S02,Pune,West,Clothing,1837.85,0,0,0,4367.17,18.2,1850.92,25,45946.33
2023-12-29,S02,Pune,West,Electronics,15387.21,0,0,0,7555.54,20.6,14727.54,26,400067.46
2023-12-29,S02,Pune,West,Grocery,375.55,10,1,0,6596.83,18.1,443.02,40,15021.98
2023-12-29,S02,Pune,West,Home & Kitchen,2222.45,0,0,0,4936.67,15.4,2022.0,15,33336.73
2023-12-29,S03,Delhi,North,Clothing,1816.33,0,0,0,3872.91,18.9,1666.45,38,69020.72
2023-12-29,S03,Delhi,North,Electronics,15031.04,0,0,0,5357.54,15.4,13957.05,27,405838.14
2023-12-29,S03,Delhi,North,Grocery,414.76,5,1,0,2964.06,16.0,444.06,47,19493.6
2023-12-29,S03,Delhi,North,Home & Kitchen,2183.12,0,0,0,6197.21,11.8,2277.42,29,63310.5
2023-12-29,S04,Bengaluru,South,Clothing,1674.0,0,0,0,7048.01,18.8,1846.04,34,56915.9
2023-12-29,S04,Bengaluru,South,Electronics,15478.87,0,0,0,7714.91,14.6,13768.06,19,294098.6
2023-12-29,S04,Bengaluru,South,Grocery,431.72,0,0,0,4345.88,13.2,447.13,30,12951.74
2023-12-29,S04,Bengaluru,South,Home & Kitchen,2015.23,10,1,0,5803.73,15.5,2109.73,29,58441.54
2023-12-30,S01,Mumbai,West,Clothing,1770.34,0,0,0,4163.04,18.8,1774.41,30,53110.26
2023-12-30,S01,Mumbai,West,Electronics,11367.52,25,1,0,4359.4,17.7,15106.24,45,511538.33
2023-12-30,S01,Mumbai,West,Grocery,423.04,0,0,0,4664.69,17.4,493.64,64,27074.86
2023-12-30,S01,Mumbai,West,Home & Kitchen,2173.22,0,0,0,4056.77,19.1,2181.49,29,63023.4
2023-12-30,S02,Pune,West,Clothing,1861.11,0,0,0,6090.36,18.8,1732.99,28,52111.16
2023-12-30,S02,Pune,West,Electronics,15657.11,0,0,0,3939.99,19.5,15466.65,24,375770.52
2023-12-30,S02,Pune,West,Grocery,451.85,0,0,0,6838.49,16.6,461.81,61,27562.67
2023-12-30,S02,Pune,West,Home & Kitchen,2148.47,0,0,0,3824.67,15.0,2053.73,31,66602.61
2023-12-30,S03,Delhi,North,Clothing,1715.18,0,0,0,3906.78,18.5,,41,70322.22
2023-12-30,S03,Delhi,North,Electronics,15415.66,0,0,0,5627.94,14.9,15067.2,30,462469.75
2023-12-30,S03,Delhi,North,Grocery,448.73,0,0,0,3840.07,15.7,414.61,37,16603.09
2023-12-30,S03,Delhi,North,Home & Kitchen,2224.15,0,0,0,2315.44,18.0,2079.35,27,60052.18
2023-12-30,S04,Bengaluru,South,Clothing,1777.92,0,0,0,5523.64,15.6,1603.42,32,56893.44
2023-12-30,S04,Bengaluru,South,Electronics,14975.56,0,0,0,3918.13,14.7,15169.85,37,554095.86
2023-12-30,S04,Bengaluru,South,Grocery,423.13,0,0,0,5635.02,18.1,468.98,42,17771.45
2023-12-30,S04,Bengaluru,South,Home & Kitchen,1651.92,25,1,0,6912.18,17.7,2176.26,57,94159.72
2023-12-31,S01,Mumbai,West,Clothing,1755.9,0,0,0,9940.78,17.0,1836.16,54,94818.59
2023-12-31,S01,Mumbai,West,Electronics,14880.51,0,0,0,6236.64,,14702.1,34,505937.23
2023-12-31,S01,Mumbai,West,Grocery,441.67,0,0,0,3236.59,16.0,467.83,57,25175.16
2023-12-31,S01,Mumbai,West,Home & Kitchen,2329.75,0,0,0,3519.76,15.2,2211.27,35,81541.21
2023-12-31,S02,Pune,West,Clothing,1773.45,0,0,0,3893.26,14.6,1777.82,32,56750.44
2023-12-31,S02,Pune,West,Electronics,14374.06,5,1,0,5032.36,14.9,14010.83,30,431221.82
2023-12-31,S02,Pune,West,Grocery,453.59,0,0,0,4529.68,17.3,447.17,52,23586.86
2023-12-31,S02,Pune,West,Home & Kitchen,2094.42,5,1,0,4392.55,14.9,2332.52,36,75399.27
2023-12-31,S03,Delhi,North,Clothing,1765.3,0,0,0,3090.44,16.5,2015.89,40,70612.04
2023-12-31,S03,Delhi,North,Electronics,14936.42,0,0,0,5702.16,19.3,14586.92,21,313664.91
2023-12-31,S03,Delhi,North,Grocery,464.07,0,0,0,4259.27,14.8,444.33,39,18098.55
2023-12-31,S03,Delhi,North,Home & Kitchen,1759.31,20,1,0,4862.26,12.1,2383.29,72,126670.12
2023-12-31,S04,Bengaluru,South,Clothing,1768.28,0,0,0,5531.63,18.9,1727.0,40,70731.37
2023-12-31,S04,Bengaluru,South,Electronics,14909.56,0,0,0,4151.85,13.9,15047.75,25,372739.04
2023-12-31,S04,Bengaluru,South,Grocery,408.08,5,1,0,8546.77,17.3,466.47,59,24076.76
2023-12-31,S04,Bengaluru,South,Home & Kitchen,2219.49,0,0,0,4253.92,15.2,2156.83,33,73243.13
2024-01-01,S01,Mumbai,West,Clothing,1356.27,25,1,0,,18.1,1874.35,48,65100.94
2024-01-01,S01,Mumbai,West,Electronics,15147.72,0,0,0,6381.73,17.4,14750.67,19,287806.74
2024-01-01,S01,Mumbai,West,Grocery,466.16,0,0,0,5735.99,12.2,409.66,30,13984.91
2024-01-01,S01,Mumbai,West,Home & Kitchen,2218.19,0,0,0,6141.19,19.6,2083.41,26,57672.83
2024-01-01,S02,Pune,West,Clothing,1761.07,0,0,0,1295.03,15.1,1778.52,20,35221.32
2024-01-01,S02,Pune,West,Electronics,15338.86,0,0,0,4541.48,15.5,16779.31,18,276099.51
2024-01-01,S02,Pune,West,Grocery,443.56,0,0,0,6778.58,19.8,439.0,35,15524.46
2024-01-01,S02,Pune,West,Home & Kitchen,2284.52,0,0,0,6711.84,14.9,2180.19,24,54828.39
2024-01-01,S03,Delhi,North,Clothing,1740.28,0,0,0,3457.23,14.5,1975.84,38,66130.72
2024-01-01,S03,Delhi,North,Electronics,15071.53,0,0,0,5478.12,12.6,14542.68,13,195929.86
2024-01-01,S03,Delhi,North,Grocery,462.28,0,0,0,4167.73,19.2,437.39,36,16642.1
2024-01-01,S03,Delhi,North,Home & Kitchen,2126.33,5,1,0,8118.12,15.7,2144.68,27,57410.82
2024-01-01,S04,Bengaluru,South,Clothing,1756.48,0,0,0,2494.77,18.9,1758.37,19,33373.11
2024-01-01,S04,Bengaluru,South,Electronics,15193.96,0,0,0,6558.62,17.4,15110.39,20,303879.24
2024-01-01,S04,Bengaluru,South,Grocery,455.75,0,0,0,5629.93,14.7,478.56,41,18685.55
2024-01-01,S04,Bengaluru,South,Home & Kitchen,2226.05,0,0,0,2802.93,14.4,2317.92,20,44521.01
2024-01-02,S01,Mumbai,West,Clothing,1774.56,0,0,0,2930.03,15.6,1749.96,38,67433.28
2024-01-02,S01,Mumbai,West,Electronics,14717.59,0,0,0,5981.99,14.5,14386.83,21,309069.4
2024-01-02,S01,Mumbai,West,Grocery,433.99,0,0,0,5262.93,13.1,410.12,40,17359.5
2024-01-02,S01,Mumbai,West,Home & Kitchen,2161.35,0,0,0,7065.14,18.3,2224.41,22,47549.8
2024-01-02,S02,Pune,West,Clothing,1790.84,0,0,0,2471.34,14.8,1842.9,20,35816.73
2024-01-02,S02,Pune,West,Electronics,15615.95,0,0,0,3774.16,15.9,14229.58,10,156159.51
2024-01-02,S02,Pune,West,Grocery,449.56,0,0,0,2548.14,15.9,418.44,22,9890.21
2024-01-02,S02,Pune,West,Home & Kitchen,2061.59,0,0,0,7408.82,14.3,2157.12,22,45355.0
2024-01-02,S03,Delhi,North,Clothing,1747.43,0,0,0,7808.25,13.8,1908.88,29,50675.48
2024-01-02,S03,Delhi,North,Electronics,15129.34,0,0,0,5847.12,16.0,15436.95,14,211810.76
2024-01-02,S03,Delhi,North,Grocery,444.61,0,0,0,6906.34,14.5,447.55,37,16450.65
2024-01-02,S03,Delhi,North,Home & Kitchen,2252.46,0,0,0,7299.62,15.4,,27,60816.38
2024-01-02,S04,Bengaluru,South,Clothing,1807.34,0,0,0,5637.68,13.5,1670.8,30,54220.26
2024-01-02,S04,Bengaluru,South,Electronics,12375.62,20,1,0,6063.89,14.1,,22,272263.74
2024-01-02,S04,Bengaluru,South,Grocery,419.19,0,0,0,5578.59,19.7,430.78,35,14671.68
2024-01-02,S04,Bengaluru,South,Home & Kitchen,2292.04,0,0,0,3329.43,17.5,2327.84,25,57301.03
2024-01-03,S01,Mumbai,West,Clothing,1846.94,0,0,0,6264.03,16.0,1794.65,32,59102.15
2024-01-03,S01,Mumbai,West,Electronics,14602.46,0,0,0,6118.25,15.0,15316.21,26,379663.93
2024-01-03,S01,Mumbai,West,Grocery,390.57,15,1,0,3090.24,15.1,427.86,51,19919.01
2024-01-03,S01,Mumbai,West,Home & Kitchen,2133.59,0,0,0,6744.23,15.5,2229.31,31,66141.43
2024-01-03,S02,Pune,West,Clothing,1751.81,0,0,0,4973.27,19.8,1725.83,25,43795.22
2024-01-03,S02,Pune,West,Electronics,14649.34,0,0,0,6739.11,16.0,14187.64,13,190441.41
2024-01-03,S02,Pune,West,Grocery,446.66,0,0,0,4080.5,13.3,471.08,37,16526.5
2024-01-03,S02,Pune,West,Home & Kitchen,2221.5,0,0,0,3619.44,18.5,2324.14,21,46651.42
2024-01-03,S03,Delhi,North,Clothing,1830.8,0,0,0,5815.79,12.7,1803.94,26,47600.8
2024-01-03,S03,Delhi,North,Electronics,15257.58,0,0,0,5628.54,15.9,14997.58,31,472984.88
2024-01-03,S03,Delhi,North,Grocery,425.34,0,0,0,3241.41,19.4,437.63,43,18289.5
2024-01-03,S03,Delhi,North,Home & Kitchen,1812.06,20,1,0,6010.76,13.5,2282.64,37,67046.36
2024-01-03,S04,Bengaluru,South,Clothing,1743.83,0,0,0,4903.21,13.3,1720.99,25,43595.71
2024-01-03,S04,Bengaluru,South,Electronics,14487.61,0,0,0,4834.49,16.4,14488.89,23,333215.0
2024-01-03,S04,Bengaluru,South,Grocery,441.31,0,0,0,4221.02,13.1,459.79,38,16769.64
2024-01-03,S04,Bengaluru,South,Home & Kitchen,1819.09,20,1,0,6574.91,16.8,2263.24,26,47296.4
2024-01-04,S01,Mumbai,West,Clothing,1695.46,0,0,0,3634.94,14.9,1904.57,35,59341.05
2024-01-04,S01,Mumbai,West,Electronics,15473.43,0,0,0,4593.61,14.1,14929.49,19,293995.24
2024-01-04,S01,Mumbai,West,Grocery,488.46,0,0,0,6489.37,15.8,485.4,37,18072.99
2024-01-04,S01,Mumbai,West,Home & Kitchen,2094.5,0,0,0,5019.57,16.9,2147.16,24,50267.93
2024-01-04,S02,Pune,West,Clothing,1808.45,0,0,0,4119.8,19.3,1668.16,20,36168.91
2024-01-04,S02,Pune,West,Electronics,14905.44,0,0,0,845.25,16.8,15468.85,14,208676.11
2024-01-04,S02,Pune,West,Grocery,405.32,10,1,0,6982.65,17.4,441.71,24,9727.71
2024-01-04,S02,Pune,West,Home & Kitchen,1910.01,10,1,0,1463.81,11.1,2183.33,30,57300.24
2024-01-04,S03,Delhi,North,Clothing,1413.12,20,1,0,5390.01,14.7,1867.68,54,76308.56
2024-01-04,S03,Delhi,North,Electronics,15426.87,0,0,0,3918.22,15.9,13204.93,15,231403.03
2024-01-04,S03,Delhi,North,Grocery,468.03,0,0,0,2668.59,16.2,453.83,38,17784.99
2024-01-04,S03,Delhi,North,Home & Kitchen,2078.04,0,0,0,4417.5,14.6,2120.11,18,37404.72
2024-01-04,S04,Bengaluru,South,Clothing,1714.42,0,0,0,2580.28,12.8,1868.6,31,53147.01
2024-01-04,S04,Bengaluru,South,Electronics,14396.3,0,0,0,4618.23,12.3,14255.65,15,215944.55
2024-01-04,S04,Bengaluru,South,Grocery,462.56,0,0,0,5279.33,15.9,416.54,27,12489.14
2024-01-04,S04,Bengaluru,South,Home & Kitchen,2249.39,0,0,0,5696.82,18.4,2037.58,21,47237.23
2024-01-05,S01,Mumbai,West,Clothing,1804.05,0,0,0,6363.59,16.0,1700.75,20,36081.01
2024-01-05,S01,Mumbai,West,Electronics,14971.26,0,0,0,3606.52,18.6,14502.62,22,329367.68
2024-01-05,S01,Mumbai,West,Grocery,469.62,0,0,0,4735.57,14.9,470.05,31,14558.31
2024-01-05,S01,Mumbai,West,Home & Kitchen,2145.19,0,0,0,6091.71,20.8,2423.68,25,53629.85
2024-01-05,S02,Pune,West,Clothing,1750.48,0,0,0,3144.99,14.2,1842.31,31,54264.99
2024-01-05,S02,Pune,West,Electronics,16246.91,0,0,0,4244.65,15.3,15968.96,17,276197.49
2024-01-05,S02,Pune,West,Grocery,437.84,0,0,0,7854.22,17.8,463.91,22,9632.43
2024-01-05,S02,Pune,West,Home & Kitchen,1834.13,20,1,0,5967.99,16.2,2068.54,31,56857.89
2024-01-05,S03,Delhi,North,Clothing,1805.04,0,0,0,4015.16,15.6,1765.38,23,41515.85
2024-01-05,S03,Delhi,North,Electronics,14570.82,0,0,0,4315.29,17.3,14851.62,22,320558.02
2024-01-05,S03,Delhi,North,Grocery,443.41,5,1,0,5224.08,15.8,442.2,26,11528.78
2024-01-05,S03,Delhi,North,Home & Kitchen,1949.22,10,1,0,6209.68,15.2,2073.58,28,54578.1
2024-01-05,S04,Bengaluru,South,Clothing,1826.17,0,0,0,5062.58,15.0,1833.35,33,60263.59
2024-01-05,S04,Bengaluru,South,Electronics,14978.42,0,0,0,4000.82,18.5,14969.31,11,164762.63
2024-01-05,S04,Bengaluru,South,Grocery,458.08,0,0,0,7324.22,18.4,407.87,33,15116.77
2024-01-05,S04,Bengaluru,South,Home & Kitchen,2189.99,0,0,0,4119.73,15.8,2265.93,18,39419.73
2024-01-06,S01,Mumbai,West,Clothing,1752.53,0,0,0,4683.56,17.4,1962.42,45,78863.79
2024-01-06,S01,Mumbai,West,Electronics,15909.95,0,0,0,3697.71,17.3,14503.32,24,381838.78
2024-01-06,S01,Mumbai,West,Grocery,361.44,20,1,0,6291.17,16.7,486.53,93,33614.1
2024-01-06,S01,Mumbai,West,Home & Kitchen,2250.11,0,0,0,6118.08,18.0,2247.27,37,83253.95
2024-01-06,S02,Pune,West,Clothing,1754.39,0,0,0,7937.68,13.1,1838.93,44,77193.34
2024-01-06,S02,Pune,West,Electronics,15385.38,0,0,0,6722.31,14.2,14757.22,23,353863.63
2024-01-06,S02,Pune,West,Grocery,449.83,0,0,0,5021.41,16.3,460.93,38,17093.71
2024-01-06,S02,Pune,West,Home & Kitchen,2253.92,0,0,0,3643.61,17.1,2075.96,15,33808.84
2024-01-06,S03,Delhi,North,Clothing,1839.83,0,0,0,6852.96,18.5,1556.57,37,68073.76
2024-01-06,S03,Delhi,North,Electronics,15315.77,0,0,0,4618.75,15.3,14708.76,19,290999.57
2024-01-06,S03,Delhi,North,Grocery,451.67,0,0,0,5170.0,16.2,468.2,40,18066.92
2024-01-06,S03,Delhi,North,Home & Kitchen,2263.71,0,0,0,8077.99,16.7,2326.8,33,74702.49
2024-01-06,S04,Bengaluru,South,Clothing,1779.89,0,0,0,4361.57,13.5,1892.8,33,58736.45
2024-01-06,S04,Bengaluru,South,Electronics,14983.72,0,0,0,5271.35,15.9,14653.35,23,344625.67
2024-01-06,S04,Bengaluru,South,Grocery,427.09,0,0,0,4947.57,16.3,465.79,43,18365.08
2024-01-06,S04,Bengaluru,South,Home & Kitchen,2115.56,0,0,0,3514.93,12.9,2296.45,27,57120.16
2024-01-07,S01,Mumbai,West,Clothing,1777.88,0,0,0,4340.31,15.2,1679.48,26,46224.87
2024-01-07,S01,Mumbai,West,Electronics,15020.84,0,0,0,2546.81,17.2,14092.2,33,495687.7
2024-01-07,S01,Mumbai,West,Grocery,369.27,20,1,0,7376.21,14.9,450.23,58,21417.72
2024-01-07,S01,Mumbai,West,Home & Kitchen,2171.82,0,0,0,5223.41,16.5,2324.13,29,62982.66
2024-01-07,S02,Pune,West,Clothing,1829.53,0,0,0,6243.13,17.5,1810.12,31,56715.52
2024-01-07,S02,Pune,West,Electronics,15229.82,0,0,0,4531.52,17.9,14196.4,15,228447.23
2024-01-07,S02,Pune,West,Grocery,440.9,0,0,0,3449.12,12.2,474.55,41,18076.74
2024-01-07,S02,Pune,West,Home & Kitchen,2251.82,0,0,0,3939.1,14.1,2269.03,25,56295.49
2024-01-07,S03,Delhi,North,Clothing,1776.57,0,0,0,3746.49,17.6,1748.68,35,62179.94
2024-01-07,S03,Delhi,North,Electronics,14918.74,0,0,0,5143.3,17.3,15943.07,35,522156.04
2024-01-07,S03,Delhi,North,Grocery,444.2,0,0,0,5754.79,18.4,463.85,48,21321.37
2024-01-07,S03,Delhi,North,Home & Kitchen,2153.92,0,0,0,4597.33,13.5,2085.26,26,56001.93
2024-01-07,S04,Bengaluru,South,Clothing,1817.75,0,0,0,5397.39,18.2,1886.63,36,65439.15
2024-01-07,S04,Bengaluru,South,Electronics,11554.54,25,1,0,6877.33,12.8,17023.88,42,485290.59
2024-01-07,S04,Bengaluru,South,Grocery,452.68,0,0,0,4558.05,12.1,478.08,40,18107.0
2024-01-07,S04,Bengaluru,South,Home & Kitchen,2168.29,0,0,0,2893.65,20.3,2164.1,22,47702.37
2024-01-08,S01,Mumbai,West,Clothing,1816.45,0,0,0,7413.75,17.0,1768.92,30,54493.49
2024-01-08,S01,Mumbai,West,Electronics,14583.26,0,0,0,5355.42,18.5,15734.13,21,306248.56
2024-01-08,S01,Mumbai,West,Grocery,431.51,0,0,0,5492.36,14.2,445.29,42,18123.39
2024-01-08,S01,Mumbai,West,Home & Kitchen,2136.76,0,0,0,5288.56,21.8,2039.82,28,59829.3
2024-01-08,S02,Pune,West,Clothing,1833.35,0,0,0,4912.36,17.1,1883.96,34,62333.84
2024-01-08,S02,Pune,West,Electronics,15402.16,0,0,0,6609.33,13.8,14308.22,19,292641.06
2024-01-08,S02,Pune,West,Grocery,395.79,10,1,0,9384.14,18.6,444.7,47,18602.31
2024-01-08,S02,Pune,West,Home & Kitchen,1822.13,15,1,0,5571.21,15.5,2423.24,28,51019.51
2024-01-08,S03,Delhi,North,Clothing,1841.99,0,0,0,2445.18,16.4,1757.34,21,38681.72
2024-01-08,S03,Delhi,North,Electronics,15289.18,0,0,0,4623.65,20.0,14068.2,18,275205.18
2024-01-08,S03,Delhi,North,Grocery,334.39,25,1,0,8076.88,14.3,429.2,40,13375.59
2024-01-08,S03,Delhi,North,Home & Kitchen,2222.91,0,0,0,5005.18,14.3,2228.58,26,57795.78
2024-01-08,S04,Bengaluru,South,Clothing,1809.08,0,0,0,3719.22,14.1,1893.76,25,45226.88
2024-01-08,S04,Bengaluru,South,Electronics,15570.53,0,0,0,4665.12,14.7,14880.4,17,264699.02
2024-01-08,S04,Bengaluru,South,Grocery,437.07,0,0,0,6869.74,18.9,450.09,33,14423.4
2024-01-08,S04,Bengaluru,South,Home & Kitchen,2193.97,0,0,0,2965.98,17.2,2284.45,25,54849.15
2024-01-09,S01,Mumbai,West,Clothing,1565.7,10,1,0,7019.52,14.4,1714.48,41,64193.65
2024-01-09,S01,Mumbai,West,Electronics,15552.12,0,0,0,4874.83,21.6,15058.96,19,295490.34
2024-01-09,S01,Mumbai,West,Grocery,428.76,0,0,0,6747.8,17.2,421.93,38,16292.84
2024-01-09,S01,Mumbai,West,Home & Kitchen,2144.02,0,0,0,5147.29,16.2,2038.87,25,53600.5
2024-01-09,S02,Pune,West,Clothing,1784.15,0,0,0,5349.95,18.5,1781.76,28,49956.21
2024-01-09,S02,Pune,West,Electronics,14398.95,0,0,0,8296.53,14.4,14227.49,17,244782.07
2024-01-09,S02,Pune,West,Grocery,424.8,0,0,0,4810.79,16.5,442.18,30,12743.91
2024-01-09,S02,Pune,West,Home & Kitchen,2217.41,0,0,0,5614.81,15.3,2292.35,18,39913.43
2024-01-09,S03,Delhi,North,Clothing,1873.18,0,0,0,5712.8,12.3,1802.54,28,52448.96
2024-01-09,S03,Delhi,North,Electronics,15665.31,0,0,0,,15.7,16437.7,33,516955.32
2024-01-09,S03,Delhi,North,Grocery,346.93,25,1,0,2129.97,17.0,478.27,37,12836.33
2024-01-09,S03,Delhi,North,Home & Kitchen,2139.52,0,0,0,3420.66,16.8,2202.37,26,55627.45
2024-01-09,S04,Bengaluru,South,Clothing,1828.28,0,0,0,3477.31,15.2,1808.48,26,47535.29
2024-01-09,S04,Bengaluru,South,Electronics,14773.63,0,0,0,5849.87,16.3,14976.24,21,310246.3
2024-01-09,S04,Bengaluru,South,Grocery,330.96,25,1,0,5768.7,12.6,448.01,51,16879.02
2024-01-09,S04,Bengaluru,South,Home & Kitchen,2154.89,0,0,0,4420.53,14.8,2303.18,21,45252.7
2024-01-10,S01,Mumbai,West,Clothing,1808.87,0,0,0,6459.48,17.5,1996.91,34,61501.53
2024-01-10,S01,Mumbai,West,Electronics,11462.9,25,1,0,5208.02,12.6,14352.9,38,435590.01
2024-01-10,S01,Mumbai,West,Grocery,450.39,0,0,0,4560.06,18.7,457.87,37,16664.33
2024-01-10,S01,Mumbai,West,Home & Kitchen,2242.87,0,0,0,3817.86,17.2,2250.61,26,58314.51
2024-01-10,S02,Pune,West,Clothing,1711.09,0,0,0,4602.29,13.9,1825.32,26,44488.42
2024-01-10,S02,Pune,West,Electronics,13973.48,5,1,0,6144.69,13.7,15231.13,17,237549.19
2024-01-10,S02,Pune,West,Grocery,447.63,0,0,0,5997.17,15.4,425.06,22,9847.86
2024-01-10,S02,Pune,West,Home & Kitchen,2224.76,0,0,0,3828.55,15.8,2157.99,17,37820.95
2024-01-10,S03,Delhi,North,Clothing,1845.7,0,0,0,3609.9,16.6,1843.47,22,40605.31
2024-01-10,S03,Delhi,North,Electronics,14051.23,0,0,0,3559.81,11.9,15642.54,29,407485.66
2024-01-10,S03,Delhi,North,Grocery,457.25,0,0,0,7532.96,15.9,433.73,36,16460.93
2024-01-10,S03,Delhi,North,Home & Kitchen,2244.74,0,0,0,3983.48,17.2,1991.07,15,33671.12
2024-01-10,S04,Bengaluru,South,Clothing,1811.17,0,0,0,5142.44,16.7,1926.03,25,45279.37
2024-01-10,S04,Bengaluru,South,Electronics,15147.75,0,0,0,5618.36,14.1,14313.57,14,212068.53
2024-01-10,S04,Bengaluru,South,Grocery,375.93,15,1,0,7139.82,13.6,457.87,49,18420.81
2024-01-10,S04,Bengaluru,South,Home & Kitchen,2237.28,0,0,0,2640.92,17.7,2022.25,16,35796.48
2024-01-11,S01,Mumbai,West,Clothing,1520.25,15,1,0,6782.86,14.8,1754.7,41,62330.4
2024-01-11,S01,Mumbai,West,Electronics,13794.38,10,1,0,679.89,14.5,15606.41,33,455214.66
2024-01-11,S01,Mumbai,West,Grocery,455.38,0,0,0,6551.64,13.8,445.59,39,17759.87
2024-01-11,S01,Mumbai,West,Home & Kitchen,2194.64,0,0,0,3970.92,14.1,2404.03,30,65839.1
2024-01-11,S02,Pune,West,Clothing,1863.23,0,0,0,3119.28,17.4,1768.51,21,39127.76
2024-01-11,S02,Pune,West,Electronics,14544.47,0,0,0,6753.4,17.2,14947.51,26,378156.11
2024-01-11,S02,Pune,West,Grocery,460.84,0,0,0,4498.36,18.4,437.79,28,12903.52
2024-01-11,S02,Pune,West,Home & Kitchen,2043.5,0,0,0,5204.11,17.3,2175.06,18,36783.02
2024-01-11,S03,Delhi,North,Clothing,1832.39,0,0,0,3074.78,12.7,1948.58,21,38480.29
2024-01-11,S03,Delhi,North,Electronics,15546.5,0,0,0,2398.06,15.7,14791.48,16,248744.05
2024-01-11,S03,Delhi,North,Grocery,444.22,0,0,0,3772.36,16.8,424.7,35,15547.77
2024-01-11,S03,Delhi,North,Home & Kitchen,2202.47,0,0,0,5660.91,21.1,2084.86,23,50656.89
2024-01-11,S04,Bengaluru,South,Clothing,1831.1,0,0,0,4407.02,14.3,1753.38,30,54932.86
2024-01-11,S04,Bengaluru,South,Electronics,12165.4,20,1,0,6697.23,16.6,14187.45,38,462285.07
2024-01-11,S04,Bengaluru,South,Grocery,443.86,0,0,0,5378.75,17.9,475.99,26,11540.44
2024-01-11,S04,Bengaluru,South,Home & Kitchen,1763.54,20,1,0,6290.73,16.4,2305.82,42,74068.77
2024-01-12,S01,Mumbai,West,Clothing,1764.33,0,0,0,4333.33,17.7,1754.92,16,28229.25
2024-01-12,S01,Mumbai,West,Electronics,15535.77,0,0,0,3129.02,14.8,14579.66,23,357322.72
2024-01-12,S01,Mumbai,West,Grocery,464.77,0,0,0,5184.39,16.5,444.72,36,16731.88
2024-01-12,S01,Mumbai,West,Home & Kitchen,1834.81,15,1,0,4737.32,12.7,2088.91,29,53209.6
2024-01-12,S02,Pune,West,Clothing,1775.79,0,0,0,6546.08,14.5,1776.72,29,51497.8
2024-01-12,S02,Pune,West,Electronics,15188.37,0,0,0,8628.71,16.2,15319.37,21,318955.85
2024-01-12,S02,Pune,West,Grocery,423.32,5,1,0,6256.1,12.0,457.68,34,14393.03
2024-01-12,S02,Pune,West,Home & Kitchen,2209.67,0,0,0,4810.77,17.1,2205.33,24,53032.07
2024-01-12,S03,Delhi,North,Clothing,1846.14,0,0,0,3361.38,17.7,1802.86,24,44307.38
2024-01-12,S03,Delhi,North,Electronics,14946.73,0,0,0,7950.27,15.5,14685.85,22,328828.02
2024-01-12,S03,Delhi,North,Grocery,383.78,20,1,0,5498.75,15.6,473.75,51,19572.65
2024-01-12,S03,Delhi,North,Home & Kitchen,2127.87,5,1,0,7607.6,16.1,2239.01,29,61708.24
2024-01-12,S04,Bengaluru,South,Clothing,1891.16,0,0,0,4493.78,16.0,1921.41,27,51061.19
2024-01-12,S04,Bengaluru,South,Electronics,15250.56,0,0,0,4573.83,18.5,13711.66,18,274510.04
2024-01-12,S04,Bengaluru,South,Grocery,448.84,0,0,0,5842.97,14.1,470.17,40,17953.45
2024-01-12,S04,Bengaluru,South,Home & Kitchen,1605.53,25,1,0,6921.27,18.4,2176.59,39,62615.71
2024-01-13,S01,Mumbai,West,Clothing,1774.59,0,0,0,5917.03,16.1,1766.63,42,74532.74
2024-01-13,S01,Mumbai,West,Electronics,14706.24,0,0,0,6681.26,14.3,13945.12,30,441187.25
2024-01-13,S01,Mumbai,West,Grocery,442.32,0,0,0,5761.45,12.2,486.41,53,23443.05
2024-01-13,S01,Mumbai,West,Home & Kitchen,2179.65,0,0,0,2601.14,15.4,2215.77,41,89365.5
2024-01-13,S02,Pune,West,Clothing,1911.37,0,0,0,6277.0,17.2,1830.62,25,47784.13
2024-01-13,S02,Pune,West,Electronics,14833.97,0,0,0,5603.14,17.8,15273.65,27,400517.06
2024-01-13,S02,Pune,West,Grocery,445.23,0,0,0,4156.82,,431.62,40,17809.12
2024-01-13,S02,Pune,West,Home & Kitchen,2240.48,0,0,0,1541.98,14.8,1977.8,24,53771.42
2024-01-13,S03,Delhi,North,Clothing,1821.33,0,0,0,5622.52,17.8,1709.68,35,63746.46
2024-01-13,S03,Delhi,North,Electronics,13153.54,10,1,0,4528.49,16.8,14521.3,28,368299.1
2024-01-13,S03,Delhi,North,Grocery,429.35,0,0,0,5034.75,15.3,436.67,40,17173.81
2024-01-13,S03,Delhi,North,Home & Kitchen,2226.07,0,0,0,5453.59,17.1,2335.63,21,46747.43
2024-01-13,S04,Bengaluru,South,Clothing,1817.6,0,0,0,3169.34,17.3,1884.27,29,52710.36
2024-01-13,S04,Bengaluru,South,Electronics,14270.47,0,0,0,4442.82,17.7,14707.62,25,356761.75
2024-01-13,S04,Bengaluru,South,Grocery,440.05,0,0,0,6322.27,15.5,457.39,54,23762.72
2024-01-13,S04,Bengaluru,South,Home & Kitchen,2289.76,0,0,0,2953.4,16.5,2049.35,21,48084.86
2024-01-14,S01,Mumbai,West,Clothing,1791.65,0,0,0,6813.82,19.0,1808.6,29,51957.97
2024-01-14,S01,Mumbai,West,Electronics,14942.74,0,0,0,4003.06,13.8,15765.92,22,328740.19
2024-01-14,S01,Mumbai,West,Grocery,339.46,25,1,0,,13.1,447.16,69,23422.61
2024-01-14,S01,Mumbai,West,Home & Kitchen,2345.59,0,0,0,5214.29,16.1,2064.14,28,65676.47
2024-01-14,S02,Pune,West,Clothing,1792.85,0,0,0,2034.0,15.9,2003.99,34,60956.92
2024-01-14,S02,Pune,West,Electronics,15042.92,0,0,0,4927.91,14.4,15618.23,22,330944.35
2024-01-14,S02,Pune,West,Grocery,466.95,0,0,0,8386.47,14.9,457.11,40,18678.09
2024-01-14,S02,Pune,West,Home & Kitchen,2106.67,0,0,0,5817.46,13.0,2202.58,19,40026.78
2024-01-14,S03,Delhi,North,Clothing,1845.84,0,0,0,4843.64,16.1,1782.37,31,57220.98
2024-01-14,S03,Delhi,North,Electronics,14803.12,0,0,0,6650.57,12.0,15239.52,29,429290.39
2024-01-14,S03,Delhi,North,Grocery,331.41,25,1,0,2093.32,17.1,452.2,54,17896.08
2024-01-14,S03,Delhi,North,Home & Kitchen,2107.25,0,0,0,6246.02,15.4,2116.16,26,54788.62
2024-01-14,S04,Bengaluru,South,Clothing,1829.89,0,0,0,4913.97,22.2,1863.15,23,42087.42
2024-01-14,S04,Bengaluru,South,Electronics,15234.76,0,0,0,5555.81,15.9,14794.89,14,213286.64
2024-01-14,S04,Bengaluru,South,Grocery,440.59,0,0,0,6981.99,14.1,465.48,59,25994.7
2024-01-14,S04,Bengaluru,South,Home & Kitchen,2229.15,0,0,0,3448.1,15.2,2217.58,18,40124.71
2024-01-15,S01,Mumbai,West,Clothing,1758.54,0,0,0,5202.11,13.7,1770.44,34,59790.25
2024-01-15,S01,Mumbai,West,Electronics,14922.85,0,0,0,5540.89,15.4,14597.18,20,298456.95
2024-01-15,S01,Mumbai,West,Grocery,406.93,10,1,0,8233.31,14.8,479.95,48,19532.79
2024-01-15,S01,Mumbai,West,Home & Kitchen,2280.5,0,0,0,4939.14,16.7,2120.95,17,38768.42
2024-01-15,S02,Pune,West,Clothing,1807.33,0,0,0,5339.65,19.8,1866.81,27,48797.96
2024-01-15,S02,Pune,West,Electronics,14860.04,0,0,0,6353.7,13.5,14692.54,18,267480.77
2024-01-15,S02,Pune,West,Grocery,417.45,10,1,0,8144.22,19.0,483.01,43,17950.5
2024-01-15,S02,Pune,West,Home & Kitchen,2239.73,0,0,0,4323.49,16.3,2264.25,21,47034.35
2024-01-15,S03,Delhi,North,Clothing,1736.62,0,0,0,3523.31,17.6,1857.97,34,59045.0
2024-01-15,S03,Delhi,North,Electronics,14535.86,0,0,0,5912.88,16.6,14409.11,33,479683.35
2024-01-15,S03,Delhi,North,Grocery,442.18,0,0,0,4351.35,13.2,421.02,30,13265.41
2024-01-15,S03,Delhi,North,Home & Kitchen,2104.44,10,1,0,4199.09,18.6,2102.54,29,61028.71
2024-01-15,S04,Bengaluru,South,Clothing,1805.7,0,0,0,5961.55,16.8,1802.69,21,37919.74
2024-01-15,S04,Bengaluru,South,Electronics,14625.85,0,0,0,3200.59,18.8,15769.97,12,175510.2
2024-01-15,S04,Bengaluru,South,Grocery,462.05,0,0,0,6660.8,16.1,468.48,40,18481.99
2024-01-15,S04,Bengaluru,South,Home & Kitchen,2206.67,0,0,0,4860.6,16.5,2157.6,13,28686.65
2024-01-16,S01,Mumbai,West,Clothing,1800.38,0,0,0,7702.46,13.0,1788.04,36,64813.79
2024-01-16,S01,Mumbai,West,Electronics,14419.16,0,0,0,2913.97,13.6,14693.33,17,245125.79
2024-01-16,S01,Mumbai,West,Grocery,448.23,0,0,0,6082.12,18.3,414.27,34,15239.69
2024-01-16,S01,Mumbai,West,Home & Kitchen,2296.93,0,0,0,6142.95,13.2,2221.24,14,32157.01
2024-01-16,S02,Pune,West,Clothing,1510.18,15,1,0,6606.3,16.9,1849.37,46,69468.4
2024-01-16,S02,Pune,West,Electronics,14268.12,0,0,0,6776.33,15.1,14446.35,21,299630.46
2024-01-16,S02,Pune,West,Grocery,473.42,0,0,0,7652.18,,,23,10888.59
2024-01-16,S02,Pune,West,Home & Kitchen,2206.58,0,0,0,3104.21,14.7,2395.02,10,22065.77
2024-01-16,S03,Delhi,North,Clothing,1795.98,0,0,0,5704.31,18.0,1789.9,26,46695.4
2024-01-16,S03,Delhi,North,Electronics,15228.37,0,0,0,3826.61,15.2,14912.0,24,365480.97
2024-01-16,S03,Delhi,North,Grocery,451.43,0,0,0,6488.07,18.8,441.76,40,18057.27
2024-01-16,S03,Delhi,North,Home & Kitchen,2113.68,0,0,0,3350.57,,2269.45,30,63410.45
2024-01-16,S04,Bengaluru,South,Clothing,1697.5,0,0,0,5411.79,12.8,1743.18,36,61110.16
2024-01-16,S04,Bengaluru,South,Electronics,12205.89,20,1,0,11219.35,16.3,14756.54,43,524853.3
2024-01-16,S04,Bengaluru,South,Grocery,450.06,0,0,0,7257.9,18.4,425.86,24,10801.44
2024-01-16,S04,Bengaluru,South,Home & Kitchen,1931.04,15,1,0,4540.48,17.9,2293.84,26,50207.05
2024-01-17,S01,Mumbai,West,Clothing,1784.98,0,0,0,6275.73,14.8,1482.37,29,51764.38
2024-01-17,S01,Mumbai,West,Electronics,14881.38,0,0,0,7158.06,16.7,15030.89,28,416678.76
2024-01-17,S01,Mumbai,West,Grocery,449.02,0,0,0,4335.58,14.4,510.48,44,19756.95
2024-01-17,S01,Mumbai,West,Home & Kitchen,2084.36,0,0,0,6891.08,17.3,2145.81,25,52109.03
2024-01-17,S02,Pune,West,Clothing,1813.14,0,0,0,4517.4,15.4,1869.61,24,43515.46
2024-01-17,S02,Pune,West,Electronics,15398.24,0,0,0,4941.78,15.6,15117.22,15,230973.59
2024-01-17,S02,Pune,West,Grocery,480.47,0,0,0,3817.31,14.3,420.43,22,10570.35
2024-01-17,S02,Pune,West,Home & Kitchen,1718.37,25,1,0,4693.2,14.9,2319.98,38,65298.17
2024-01-17,S03,Delhi,North,Clothing,1821.18,0,0,0,3758.7,16.2,1727.68,18,32781.16
2024-01-17,S03,Delhi,North,Electronics,13807.62,5,1,0,5760.65,17.6,14185.05,18,248537.14
2024-01-17,S03,Delhi,North,Grocery,418.76,10,1,0,7136.57,16.2,447.4,58,24287.98
2024-01-17,S03,Delhi,North,Home & Kitchen,2127.63,10,1,0,7429.94,15.7,2288.2,29,61701.32
2024-01-17,S04,Bengaluru,South,Clothing,1523.56,15,1,0,5336.56,17.4,1804.2,32,48753.85
2024-01-17,S04,Bengaluru,South,Electronics,14479.47,0,0,0,1227.44,15.7,14637.51,19,275109.86
2024-01-17,S04,Bengaluru,South,Grocery,413.51,5,1,0,5636.48,12.8,462.08,34,14059.44
2024-01-17,S04,Bengaluru,South,Home & Kitchen,2148.04,0,0,0,5286.73,14.4,2267.52,21,45108.9
2024-01-18,S01,Mumbai,West,Clothing,1766.99,0,0,0,5317.97,13.2,1805.14,36,63611.67
2024-01-18,S01,Mumbai,West,Electronics,15601.37,0,0,0,4783.96,16.1,15856.94,27,421237.01
2024-01-18,S01,Mumbai,West,Grocery,438.46,0,0,0,4038.1,14.4,441.6,30,13153.84
2024-01-18,S01,Mumbai,West,Home & Kitchen,2190.03,0,0,0,6986.44,14.3,2056.39,23,50370.63
2024-01-18,S02,Pune,West,Clothing,1987.73,0,0,0,8145.9,16.3,1588.7,27,53668.84
2024-01-18,S02,Pune,West,Electronics,14207.01,0,0,0,4274.23,16.4,14958.76,20,284140.23
2024-01-18,S02,Pune,West,Grocery,450.8,0,0,0,2262.46,18.3,440.7,28,12622.49
2024-01-18,S02,Pune,West,Home & Kitchen,2172.74,0,0,0,5304.45,16.4,2412.29,17,36936.5
2024-01-18,S03,Delhi,North,Clothing,1795.95,0,0,0,2546.53,15.7,1847.21,39,70042.16
2024-01-18,S03,Delhi,North,Electronics,15541.95,0,0,0,4577.07,15.0,15534.58,27,419632.56
2024-01-18,S03,Delhi,North,Grocery,461.19,0,0,0,4249.32,14.9,441.17,37,17063.92
2024-01-18,S03,Delhi,North,Home & Kitchen,2057.42,0,0,0,4285.76,16.3,2302.74,31,63780.08
2024-01-18,S04,Bengaluru,South,Clothing,1872.32,0,0,0,2537.42,16.6,1667.31,26,48680.34
2024-01-18,S04,Bengaluru,South,Electronics,15026.37,0,0,0,4158.69,15.7,15116.16,20,300527.36
2024-01-18,S04,Bengaluru,South,Grocery,428.8,5,1,0,3919.36,16.5,421.03,43,18438.38
2024-01-18,S04,Bengaluru,South,Home & Kitchen,2158.91,0,0,0,6475.68,16.1,2259.93,22,47496.03
2024-01-19,S01,Mumbai,West,Clothing,1885.85,0,0,0,5377.23,13.2,1801.6,38,71662.36
2024-01-19,S01,Mumbai,West,Electronics,15106.8,0,0,0,5435.06,17.0,15015.03,26,392776.86
2024-01-19,S01,Mumbai,West,Grocery,453.78,0,0,0,4925.37,16.1,465.91,37,16789.71
2024-01-19,S01,Mumbai,West,Home & Kitchen,2157.44,0,0,0,7127.7,17.2,2053.93,23,49621.21
2024-01-19,S02,Pune,West,Clothing,1781.16,0,0,0,7983.12,15.8,1828.73,24,42747.74
2024-01-19,S02,Pune,West,Electronics,14672.56,0,0,0,7576.09,12.6,15189.71,21,308123.74
2024-01-19,S02,Pune,West,Grocery,434.38,0,0,0,4560.57,11.1,417.99,27,11728.21
2024-01-19,S02,Pune,West,Home & Kitchen,2211.72,0,0,0,5069.35,15.1,2384.86,27,59716.57
2024-01-19,S03,Delhi,North,Clothing,1935.13,0,0,0,3038.22,13.3,1697.15,22,42572.84
2024-01-19,S03,Delhi,North,Electronics,15311.36,0,0,0,5534.57,17.7,15127.11,28,428718.15
2024-01-19,S03,Delhi,North,Grocery,451.71,0,0,0,5319.56,16.7,438.44,35,15809.86
2024-01-19,S03,Delhi,North,Home & Kitchen,2204.49,0,0,0,3238.22,16.8,2224.29,30,66134.8
2024-01-19,S04,Bengaluru,South,Clothing,1826.0,0,0,0,3722.11,17.0,1897.49,25,45650.02
2024-01-19,S04,Bengaluru,South,Electronics,11888.53,20,1,0,6925.45,16.1,14854.82,39,463652.7
2024-01-19,S04,Bengaluru,South,Grocery,429.93,0,0,0,4837.87,12.6,474.23,38,16337.37
2024-01-19,S04,Bengaluru,South,Home & Kitchen,2176.31,0,0,0,4691.92,13.6,,19,41349.89
2024-01-20,S01,Mumbai,West,Clothing,1822.42,0,0,0,5205.86,17.2,1893.47,39,71074.5
2024-01-20,S01,Mumbai,West,Electronics,14394.27,0,0,0,8488.67,17.0,14100.66,26,374251.08
2024-01-20,S01,Mumbai,West,Grocery,452.63,0,0,0,3859.85,16.1,469.49,40,18105.33
2024-01-20,S01,Mumbai,West,Home & Kitchen,2235.89,0,0,0,3864.38,17.9,1992.54,29,64840.91
2024-01-20,S02,Pune,West,Clothing,1588.58,15,1,0,5320.49,13.7,1881.94,38,60366.17
2024-01-20,S02,Pune,West,Electronics,14408.04,0,0,0,4594.08,17.0,14466.22,19,273752.71
2024-01-20,S02,Pune,West,Grocery,442.96,0,0,0,8774.71,17.0,480.02,53,23477.13
2024-01-20,S02,Pune,West,Home & Kitchen,2222.52,0,0,0,5966.65,16.6,2353.42,23,51118.05
2024-01-20,S03,Delhi,North,Clothing,1789.66,0,0,0,5033.0,15.3,1720.93,33,59058.88
2024-01-20,S03,Delhi,North,Electronics,15102.22,0,0,0,3848.86,13.0,14649.02,30,453066.6
2024-01-20,S03,Delhi,North,Grocery,432.08,0,0,0,5692.3,14.6,450.92,42,18147.52
2024-01-20,S03,Delhi,North,Home & Kitchen,2107.1,0,0,0,5304.26,17.7,2141.65,22,46356.2
2024-01-20,S04,Bengaluru,South,Clothing,1773.7,0,0,0,3883.59,15.8,,42,74495.58
2024-01-20,S04,Bengaluru,South,Electronics,15958.34,0,0,0,6094.89,16.8,,28,446833.66
2024-01-20,S04,Bengaluru,South,Grocery,451.54,0,0,0,9388.05,20.2,469.07,55,24834.92
2024-01-20,S04,Bengaluru,South,Home & Kitchen,2234.61,0,0,0,2445.33,17.0,2157.07,19,42457.52
2024-01-21,S01,Mumbai,West,Clothing,1334.5,25,1,0,3747.77,16.0,1917.82,61,81404.51
2024-01-21,S01,Mumbai,West,Electronics,14299.87,0,0,0,7274.66,17.2,15407.91,27,386096.55
2024-01-21,S01,Mumbai,West,Grocery,444.06,0,0,0,3421.71,14.4,438.81,51,22647.05
2024-01-21,S01,Mumbai,West,Home & Kitchen,2269.95,0,0,0,2852.06,15.2,2252.42,35,79448.15
2024-01-21,S02,Pune,West,Clothing,1804.89,0,0,0,4665.77,19.8,1807.6,27,48732.14
2024-01-21,S02,Pune,West,Electronics,14604.12,0,0,0,6790.59,14.2,15481.66,17,248269.98
2024-01-21,S02,Pune,West,Grocery,434.85,5,1,0,5420.63,13.5,451.91,45,19568.19
2024-01-21,S02,Pune,West,Home & Kitchen,2014.7,0,0,0,5654.88,21.0,2202.88,25,50367.54
2024-01-21,S03,Delhi,North,Clothing,1703.74,0,0,0,3824.65,14.0,1837.45,36,61334.79
2024-01-21,S03,Delhi,North,Electronics,14083.73,0,0,0,4735.23,16.0,14818.69,27,380260.81
2024-01-21,S03,Delhi,North,Grocery,462.89,0,0,0,4611.83,16.2,472.28,37,17127.1
2024-01-21,S03,Delhi,North,Home & Kitchen,1729.98,25,1,0,6154.53,15.4,2286.21,64,110718.7
2024-01-21,S04,Bengaluru,South,Clothing,1819.88,0,0,0,6258.42,17.8,1766.37,38,69155.45
2024-01-21,S04,Bengaluru,South,Electronics,14596.41,0,0,0,,14.1,16006.55,26,379506.74
2024-01-21,S04,Bengaluru,South,Grocery,457.56,0,0,0,4934.94,14.2,451.38,42,19217.61
2024-01-21,S04,Bengaluru,South,Home & Kitchen,2221.78,0,0,0,5250.98,16.1,2166.4,25,55544.61
2024-01-22,S01,Mumbai,West,Clothing,1807.88,0,0,0,4864.89,15.0,1783.11,26,47004.79
2024-01-22,S01,Mumbai,West,Electronics,15749.15,0,0,0,4540.15,15.3,14636.26,16,251986.39
2024-01-22,S01,Mumbai,West,Grocery,458.99,0,0,0,1807.92,20.0,468.43,35,16064.58
2024-01-22,S01,Mumbai,West,Home & Kitchen,1777.24,20,1,0,7675.34,14.1,2265.73,48,85307.29
2024-01-22,S02,Pune,West,Clothing,1863.38,0,0,0,4489.59,19.2,1796.11,16,29814.16
2024-01-22,S02,Pune,West,Electronics,15090.84,0,0,0,5394.3,14.7,14116.22,20,301816.73
2024-01-22,S02,Pune,West,Grocery,469.44,0,0,0,6577.68,15.1,433.61,30,14083.24
2024-01-22,S02,Pune,West,Home & Kitchen,2176.6,0,0,0,3242.59,17.4,2237.93,23,50061.75
2024-01-22,S03,Delhi,North,Clothing,1802.98,0,0,0,5157.89,14.0,1729.33,20,36059.52
2024-01-22,S03,Delhi,North,Electronics,14404.85,0,0,0,4944.12,14.1,14480.34,20,288097.02
2024-01-22,S03,Delhi,North,Grocery,434.67,0,0,0,5738.73,16.2,428.81,36,15648.28
2024-01-22,S03,Delhi,North,Home & Kitchen,2133.05,0,0,0,4715.23,17.6,2190.77,21,44794.01
2024-01-22,S04,Bengaluru,South,Clothing,1739.8,0,0,0,6203.86,15.5,1639.48,22,38275.54
2024-01-22,S04,Bengaluru,South,Electronics,14562.61,0,0,0,4024.61,18.2,14899.18,15,218439.1
2024-01-22,S04,Bengaluru,South,Grocery,460.89,0,0,0,2280.75,17.1,445.84,24,11061.42
2024-01-22,S04,Bengaluru,South,Home & Kitchen,2406.45,0,0,0,4490.69,17.3,2271.41,19,45722.54
2024-01-23,S01,Mumbai,West,Clothing,1744.55,0,0,0,5331.78,15.2,1873.46,35,61059.31
2024-01-23,S01,Mumbai,West,Electronics,14959.36,0,0,0,4110.17,20.2,16415.94,24,359024.55
2024-01-23,S01,Mumbai,West,Grocery,394.29,15,1,0,3211.33,15.5,469.6,48,18926.13
2024-01-23,S01,Mumbai,West,Home & Kitchen,2142.42,0,0,0,7073.2,19.1,2265.18,33,70699.76
2024-01-23,S02,Pune,West,Clothing,1695.68,0,0,0,4083.0,15.6,,15,25435.17
2024-01-23,S02,Pune,West,Electronics,15555.76,0,0,0,7740.45,18.3,14669.71,25,388894.01
2024-01-23,S02,Pune,West,Grocery,435.84,0,0,0,3462.73,15.5,437.4,27,11767.69
2024-01-23,S02,Pune,West,Home & Kitchen,2205.7,0,0,0,568.54,18.7,2016.28,16,35291.13
2024-01-23,S03,Delhi,North,Clothing,1844.73,0,0,0,6668.59,14.5,1768.27,30,55341.86
2024-01-23,S03,Delhi,North,Electronics,14963.93,0,0,0,6652.73,15.0,15234.97,22,329206.5
2024-01-23,S03,Delhi,North,Grocery,444.58,0,0,0,3799.33,18.5,393.13,30,13337.26
2024-01-23,S03,Delhi,North,Home & Kitchen,2127.73,0,0,0,7380.51,13.0,2273.81,27,57448.72
2024-01-23,S04,Bengaluru,South,Clothing,1837.14,0,0,0,5467.01,16.6,1709.16,21,38580.02
2024-01-23,S04,Bengaluru,South,Electronics,14092.91,10,1,0,6089.82,18.5,14197.03,30,422787.42
2024-01-23,S04,Bengaluru,South,Grocery,455.7,0,0,0,9073.18,16.6,475.88,42,19139.3
2024-01-23,S04,Bengaluru,South,Home & Kitchen,2136.02,0,0,0,5797.54,18.0,2351.43,22,46992.53
2024-01-24,S01,Mumbai,West,Clothing,1776.41,0,0,0,4375.87,14.8,1700.86,28,49739.6
2024-01-24,S01,Mumbai,West,Electronics,13973.23,5,1,0,5414.02,16.5,14999.16,27,377277.27
2024-01-24,S01,Mumbai,West,Grocery,459.14,0,0,0,7978.11,16.2,433.95,52,23875.52
2024-01-24,S01,Mumbai,West,Home & Kitchen,2156.37,0,0,0,7333.99,17.7,2099.99,27,58222.07
2024-01-24,S02,Pune,West,Clothing,1905.02,0,0,0,3618.86,17.4,1760.99,16,30480.38
2024-01-24,S02,Pune,West,Electronics,14297.55,0,0,0,3726.43,11.6,15846.78,21,300248.6
2024-01-24,S02,Pune,West,Grocery,385.43,15,1,0,,17.8,423.4,35,13490.03
2024-01-24,S02,Pune,West,Home & Kitchen,2044.47,0,0,0,5181.36,17.0,2214.34,22,44978.36
2024-01-24,S03,Delhi,North,Clothing,1752.87,0,0,0,4054.99,12.1,1801.43,29,50833.09
2024-01-24,S03,Delhi,North,Electronics,14988.45,0,0,0,4383.33,21.4,14058.7,15,224826.69
2024-01-24,S03,Delhi,North,Grocery,448.98,0,0,0,3581.98,16.6,477.89,43,19306.15
2024-01-24,S03,Delhi,North,Home & Kitchen,2202.25,0,0,0,7811.99,16.3,2142.93,19,41842.83
2024-01-24,S04,Bengaluru,South,Clothing,1773.62,0,0,0,4479.97,16.4,2039.53,26,46114.23
2024-01-24,S04,Bengaluru,South,Electronics,13074.15,15,1,0,3555.39,20.8,14815.81,24,313779.58
2024-01-24,S04,Bengaluru,South,Grocery,370.08,15,1,0,6459.25,16.3,456.17,50,18504.13
2024-01-24,S04,Bengaluru,South,Home & Kitchen,2205.73,0,0,0,8487.27,14.7,2260.29,22,48526.15
2024-01-25,S01,Mumbai,West,Clothing,1782.72,0,0,0,5506.52,19.3,1869.06,36,64177.77
2024-01-25,S01,Mumbai,West,Electronics,14876.7,0,0,0,5764.85,12.3,13323.72,29,431424.41
2024-01-25,S01,Mumbai,West,Grocery,435.93,0,0,0,4015.25,15.2,434.22,43,18744.86
2024-01-25,S01,Mumbai,West,Home & Kitchen,2240.96,0,0,0,5727.49,16.3,2310.65,27,60505.86
2024-01-25,S02,Pune,West,Clothing,1454.73,20,1,0,6912.34,20.1,1724.99,43,62553.49
2024-01-25,S02,Pune,West,Electronics,14749.26,0,0,0,3723.53,16.6,14151.51,20,294985.13
2024-01-25,S02,Pune,West,Grocery,439.3,0,0,0,4880.31,20.4,472.75,27,11861.0
2024-01-25,S02,Pune,West,Home & Kitchen,2244.5,0,0,0,5946.43,16.2,2262.28,25,56112.46
2024-01-25,S03,Delhi,North,Clothing,1798.02,0,0,0,8999.46,18.0,1796.23,32,57536.59
2024-01-25,S03,Delhi,North,Electronics,15422.91,0,0,0,3536.52,14.1,15676.47,19,293035.36
2024-01-25,S03,Delhi,North,Grocery,439.1,0,0,0,4554.51,13.8,435.19,30,13172.97
2024-01-25,S03,Delhi,North,Home & Kitchen,1950.24,15,1,0,7727.61,12.0,2176.91,33,64357.82
2024-01-25,S04,Bengaluru,South,Clothing,1809.1,0,0,0,6955.06,16.2,1745.59,23,41609.3
2024-01-25,S04,Bengaluru,South,Electronics,15106.89,0,0,0,3196.59,12.5,15083.09,27,407886.06
2024-01-25,S04,Bengaluru,South,Grocery,442.36,0,0,0,3835.44,15.1,455.8,25,11059.06
2024-01-25,S04,Bengaluru,South,Home & Kitchen,2182.47,0,0,0,3561.1,16.4,2108.75,27,58926.71
2024-01-26,S01,Mumbai,West,Clothing,1732.67,0,0,1,5031.96,14.5,1748.48,35,60643.56
2024-01-26,S01,Mumbai,West,Electronics,14335.21,0,0,1,4842.16,14.0,15268.02,40,573408.46
2024-01-26,S01,Mumbai,West,Grocery,451.35,0,0,1,7855.19,16.9,451.02,58,26178.02
2024-01-26,S01,Mumbai,West,Home & Kitchen,2247.52,0,0,1,2004.94,18.9,2277.75,31,69673.27
2024-01-26,S02,Pune,West,Clothing,1785.54,0,0,1,7942.16,18.5,1889.96,39,69636.11
2024-01-26,S02,Pune,West,Electronics,12080.99,15,1,1,7538.08,16.6,15787.68,41,495320.61
2024-01-26,S02,Pune,West,Grocery,448.02,0,0,1,8164.54,12.4,491.34,45,20160.91
2024-01-26,S02,Pune,West,Home & Kitchen,2205.67,0,0,1,4696.33,17.1,2168.83,31,68375.69
2024-01-26,S03,Delhi,North,Clothing,1796.05,0,0,1,5414.33,16.4,1712.91,47,84414.2
2024-01-26,S03,Delhi,North,Electronics,13689.35,0,0,1,4182.93,15.3,15129.97,23,314855.16
2024-01-26,S03,Delhi,North,Grocery,438.84,0,0,1,1378.57,17.2,437.1,40,17553.44
2024-01-26,S03,Delhi,North,Home & Kitchen,2281.37,0,0,1,5644.24,15.3,2258.89,32,73003.86
2024-01-26,S04,Bengaluru,South,Clothing,1744.91,0,0,1,5943.47,15.3,1895.21,40,69796.32
2024-01-26,S04,Bengaluru,South,Electronics,11812.89,20,1,1,7577.95,16.0,13912.13,42,496141.4
2024-01-26,S04,Bengaluru,South,Grocery,465.38,0,0,1,3338.68,13.3,457.53,54,25130.7
2024-01-26,S04,Bengaluru,South,Home & Kitchen,2229.21,0,0,1,3900.82,16.5,2153.06,33,73563.83
2024-01-27,S01,Mumbai,West,Clothing,1365.69,25,1,0,7392.65,13.4,,57,77844.21
2024-01-27,S01,Mumbai,West,Electronics,14858.37,5,1,0,5288.56,12.5,16458.45,35,520043.06
2024-01-27,S01,Mumbai,West,Grocery,437.7,0,0,0,5604.73,18.5,447.4,51,22322.48
2024-01-27,S01,Mumbai,West,Home & Kitchen,2209.3,0,0,0,5548.41,16.2,2200.8,32,70697.69
2024-01-27,S02,Pune,West,Clothing,1571.46,15,1,0,8790.15,15.4,1935.15,39,61287.02
2024-01-27,S02,Pune,West,Electronics,12518.43,15,1,0,3965.39,14.4,13943.18,31,388071.33
2024-01-27,S02,Pune,West,Grocery,403.04,10,1,0,7980.42,16.9,416.38,47,18942.71
2024-01-27,S02,Pune,West,Home & Kitchen,2205.3,0,0,0,5990.91,17.0,2030.42,35,77185.33
2024-01-27,S03,Delhi,North,Clothing,1796.78,0,0,0,4735.56,18.3,1829.6,26,46716.33
2024-01-27,S03,Delhi,North,Electronics,13925.45,5,1,0,6660.65,13.7,14663.51,24,334210.91
2024-01-27,S03,Delhi,North,Grocery,461.97,0,0,0,6039.91,17.4,437.73,49,22636.62
2024-01-27,S03,Delhi,North,Home & Kitchen,2185.3,0,0,0,7070.14,20.8,1973.72,28,61188.42
2024-01-27,S04,Bengaluru,South,Clothing,1630.4,10,1,0,2264.08,18.2,1686.75,32,52172.84
2024-01-27,S04,Bengaluru,South,Electronics,14463.25,0,0,0,6225.66,14.3,14705.3,24,347118.03
2024-01-27,S04,Bengaluru,South,Grocery,445.75,0,0,0,5312.29,18.9,459.2,58,25853.71
2024-01-27,S04,Bengaluru,South,Home & Kitchen,2257.27,0,0,0,5430.45,14.7,2245.22,29,65460.73
2024-01-28,S01,Mumbai,West,Clothing,1595.43,10,1,0,7193.6,17.6,1783.3,41,65412.52
2024-01-28,S01,Mumbai,West,Electronics,14823.13,0,0,0,7200.77,16.0,16181.94,31,459516.91
2024-01-28,S01,Mumbai,West,Grocery,451.3,0,0,0,4925.36,19.3,481.35,51,23016.48
2024-01-28,S01,Mumbai,West,Home & Kitchen,2208.57,0,0,0,5833.16,14.8,2182.75,34,75091.25
2024-01-28,S02,Pune,West,Clothing,1807.77,0,0,0,6183.77,15.8,1974.16,34,61464.22
2024-01-28,S02,Pune,West,Electronics,12025.88,20,1,0,6209.93,15.1,13811.08,37,444957.6
2024-01-28,S02,Pune,West,Grocery,455.15,0,0,0,1920.22,20.4,473.47,35,15930.11
2024-01-28,S02,Pune,West,Home & Kitchen,2247.6,0,0,0,3497.54,17.7,2374.11,21,47199.57
2024-01-28,S03,Delhi,North,Clothing,1767.7,0,0,0,2997.95,17.6,1717.42,26,45960.07
2024-01-28,S03,Delhi,North,Electronics,15376.69,0,0,0,2342.62,15.4,15440.77,28,430547.26
2024-01-28,S03,Delhi,North,Grocery,469.63,0,0,0,5124.72,12.8,420.11,39,18315.64
2024-01-28,S03,Delhi,North,Home & Kitchen,1743.08,20,1,0,6284.01,16.3,2347.26,48,83667.81
2024-01-28,S04,Bengaluru,South,Clothing,1670.19,0,0,0,7373.03,18.8,1680.82,37,61796.86
2024-01-28,S04,Bengaluru,South,Electronics,13308.05,10,1,0,6021.03,17.2,13799.88,28,372625.28
2024-01-28,S04,Bengaluru,South,Grocery,448.83,0,0,0,6230.15,14.1,476.32,40,17953.22
2024-01-28,S04,Bengaluru,South,Home & Kitchen,1772.31,20,1,0,7556.4,14.0,2327.73,53,93932.17
2024-01-29,S01,Mumbai,West,Clothing,1780.8,0,0,0,5250.73,15.6,1926.04,33,58766.56
2024-01-29,S01,Mumbai,West,Electronics,15615.33,0,0,0,4828.69,15.8,16373.22,25,390383.27
2024-01-29,S01,Mumbai,West,Grocery,350.2,20,1,0,3298.91,14.5,465.81,72,25214.3
2024-01-29,S01,Mumbai,West,Home & Kitchen,1762.65,20,1,0,8253.74,14.0,2128.6,33,58167.33
2024-01-29,S02,Pune,West,Clothing,1738.01,0,0,0,1389.33,12.6,1723.5,20,34760.29
2024-01-29,S02,Pune,West,Electronics,12276.15,20,1,0,8787.14,18.4,13879.6,33,405112.88
2024-01-29,S02,Pune,West,Grocery,477.44,0,0,0,6000.1,14.9,444.47,30,14323.09
2024-01-29,S02,Pune,West,Home & Kitchen,2172.88,0,0,0,4480.97,16.1,2244.67,24,52149.23
2024-01-29,S03,Delhi,North,Clothing,1580.35,15,1,0,5372.66,17.0,1948.56,35,55312.23
2024-01-29,S03,Delhi,North,Electronics,14848.25,0,0,0,6795.97,15.7,15291.46,26,386054.5
2024-01-29,S03,Delhi,North,Grocery,359.2,20,1,0,5600.08,13.6,441.11,41,14727.24
2024-01-29,S03,Delhi,North,Home & Kitchen,2234.42,0,0,0,4709.36,14.8,2194.46,18,40219.59
2024-01-29,S04,Bengaluru,South,Clothing,1776.57,0,0,0,4756.3,19.9,1799.13,28,49743.82
2024-01-29,S04,Bengaluru,South,Electronics,14739.17,0,0,0,6154.72,18.4,15237.16,23,339000.96
2024-01-29,S04,Bengaluru,South,Grocery,459.15,0,0,0,6118.52,15.8,413.8,30,13774.44
2024-01-29,S04,Bengaluru,South,Home & Kitchen,2224.34,0,0,0,8059.87,19.1,2188.23,24,53384.05
2024-01-30,S01,Mumbai,West,Clothing,1503.9,15,1,0,3539.02,20.1,1816.29,40,60155.83
2024-01-30,S01,Mumbai,West,Electronics,13520.92,10,1,0,10139.26,15.1,14235.18,18,243376.54
2024-01-30,S01,Mumbai,West,Grocery,467.24,0,0,0,5007.0,18.2,448.42,37,17287.94
2024-01-30,S01,Mumbai,West,Home & Kitchen,2217.76,0,0,0,7144.44,15.8,2221.14,36,79839.37
2024-01-30,S02,Pune,West,Clothing,1669.14,0,0,0,2203.18,17.5,1739.84,20,33382.86
2024-01-30,S02,Pune,West,Electronics,14046.65,0,0,0,2322.75,19.9,15087.6,20,280932.94
2024-01-30,S02,Pune,West,Grocery,365.13,20,1,0,3932.28,14.7,478.52,35,12779.58
2024-01-30,S02,Pune,West,Home & Kitchen,2202.86,0,0,0,3619.14,13.4,2389.27,21,46260.04
2024-01-30,S03,Delhi,North,Clothing,1917.04,0,0,0,4627.19,17.6,1763.87,31,59428.27
2024-01-30,S03,Delhi,North,Electronics,14789.71,0,0,0,5029.48,14.5,14215.78,17,251425.02
2024-01-30,S03,Delhi,North,Grocery,425.98,0,0,0,6194.83,20.0,443.7,33,14057.44
2024-01-30,S03,Delhi,North,Home & Kitchen,2196.15,0,0,0,4124.58,16.8,1889.99,19,41726.91
2024-01-30,S04,Bengaluru,South,Clothing,1318.93,25,1,0,7692.9,16.3,1806.62,46,60670.87
2024-01-30,S04,Bengaluru,South,Electronics,14664.6,0,0,0,5139.87,16.0,14093.2,22,322621.28
2024-01-30,S04,Bengaluru,South,Grocery,470.36,0,0,0,6454.9,15.3,447.42,33,15521.75
2024-01-30,S04,Bengaluru,South,Home & Kitchen,2176.28,0,0,0,4367.44,15.2,2274.32,27,58759.67
2024-01-31,S01,Mumbai,West,Clothing,1763.81,10,1,0,9223.3,14.9,1934.68,47,82899.15
2024-01-31,S01,Mumbai,West,Electronics,15643.29,0,0,0,5136.11,20.0,15684.11,24,375438.95
2024-01-31,S01,Mumbai,West,Grocery,345.43,25,1,0,9405.93,17.1,463.64,71,24525.62
2024-01-31,S01,Mumbai,West,Home & Kitchen,2247.25,0,0,0,6364.45,17.5,2377.9,30,67417.6
2024-01-31,S02,Pune,West,Clothing,1898.61,0,0,0,6596.24,,1732.53,26,49363.79
2024-01-31,S02,Pune,West,Electronics,15247.75,0,0,0,5603.21,18.1,15547.2,12,182972.98
2024-01-31,S02,Pune,West,Grocery,444.2,0,0,0,3977.66,16.5,408.74,42,18656.28
2024-01-31,S02,Pune,West,Home & Kitchen,2257.1,0,0,0,6045.95,13.1,2281.64,17,38370.63
2024-01-31,S03,Delhi,North,Clothing,1754.67,0,0,0,6139.61,16.3,1854.71,21,36847.99
2024-01-31,S03,Delhi,North,Electronics,14274.49,0,0,0,5649.82,19.2,15980.53,27,385411.33
2024-01-31,S03,Delhi,North,Grocery,453.79,0,0,0,5580.67,15.3,459.79,36,16336.34
2024-01-31,S03,Delhi,North,Home & Kitchen,1764.26,20,1,0,4591.97,15.7,2218.59,28,49399.22
2024-01-31,S04,Bengaluru,South,Clothing,1584.45,10,1,0,6847.0,16.5,1746.6,37,58624.72
2024-01-31,S04,Bengaluru,South,Electronics,14749.45,0,0,0,3838.96,15.3,14680.45,21,309738.41
2024-01-31,S04,Bengaluru,South,Grocery,448.97,0,0,0,2864.62,18.0,404.48,30,13469.18
2024-01-31,S04,Bengaluru,South,Home & Kitchen,1730.89,25,1,0,4432.32,15.2,2028.81,25,43272.36
2024-02-01,S01,Mumbai,West,Clothing,1764.22,0,0,0,4787.16,18.8,1732.61,38,67040.31
2024-02-01,S01,Mumbai,West,Electronics,15115.51,0,0,0,7677.98,18.2,14458.5,33,498811.91
2024-02-01,S01,Mumbai,West,Grocery,465.57,0,0,0,7336.46,19.0,403.95,42,19553.74
2024-02-01,S01,Mumbai,West,Home & Kitchen,2241.59,0,0,0,4119.08,19.9,2325.16,29,65006.14
2024-02-01,S02,Pune,West,Clothing,1787.97,0,0,0,7429.06,19.6,1708.33,25,44699.15
2024-02-01,S02,Pune,West,Electronics,14562.31,0,0,0,6817.62,20.8,15969.45,23,334933.18
2024-02-01,S02,Pune,West,Grocery,441.97,0,0,0,5765.59,18.7,455.07,30,13259.08
2024-02-01,S02,Pune,West,Home & Kitchen,2203.66,0,0,0,3634.4,18.0,2350.53,19,41869.57
2024-02-01,S03,Delhi,North,Clothing,1729.43,0,0,0,4106.35,19.7,1865.98,29,50153.34
2024-02-01,S03,Delhi,North,Electronics,15476.34,0,0,0,5328.78,19.4,13127.59,21,325003.05
2024-02-01,S03,Delhi,North,Grocery,440.6,0,0,0,6595.7,16.5,437.68,32,14099.27
2024-02-01,S03,Delhi,North,Home & Kitchen,2190.65,0,0,0,6392.03,14.6,2152.34,29,63528.75
2024-02-01,S04,Bengaluru,South,Clothing,1614.07,0,0,0,3064.73,17.7,1800.29,42,67791.1
2024-02-01,S04,Bengaluru,South,Electronics,14728.48,0,0,0,3262.31,16.0,14808.62,23,338755.1
2024-02-01,S04,Bengaluru,South,Grocery,444.73,0,0,0,3338.62,21.6,459.02,30,13341.99
2024-02-01,S04,Bengaluru,South,Home & Kitchen,2168.88,0,0,0,3810.56,16.6,2139.93,25,54221.97
2024-02-02,S01,Mumbai,West,Clothing,1688.29,0,0,0,4878.67,19.2,1894.31,30,50648.74
2024-02-02,S01,Mumbai,West,Electronics,15383.95,0,0,0,5535.98,18.5,15168.22,31,476902.6
2024-02-02,S01,Mumbai,West,Grocery,464.2,0,0,0,5411.36,16.9,436.16,39,18103.73
2024-02-02,S01,Mumbai,West,Home & Kitchen,2091.48,5,1,0,4147.59,17.1,2171.82,31,64835.84
2024-02-02,S02,Pune,West,Clothing,1766.9,0,0,0,5830.6,18.5,1709.78,34,60074.66
2024-02-02,S02,Pune,West,Electronics,14452.71,0,0,0,4961.14,15.7,15909.65,23,332412.43
2024-02-02,S02,Pune,West,Grocery,447.42,0,0,0,7097.65,18.4,440.82,32,14317.56
2024-02-02,S02,Pune,West,Home & Kitchen,2078.31,0,0,0,8089.77,14.8,2327.94,28,58192.69
2024-02-02,S03,Delhi,North,Clothing,1776.37,0,0,0,5648.57,16.1,1768.06,15,26645.62
2024-02-02,S03,Delhi,North,Electronics,12564.5,15,1,0,4798.75,15.2,15817.16,31,389499.49
2024-02-02,S03,Delhi,North,Grocery,454.87,0,0,0,7369.76,17.0,395.07,27,12281.43
2024-02-02,S03,Delhi,North,Home & Kitchen,1904.25,15,1,0,3296.65,13.2,2085.34,34,64744.39
2024-02-02,S04,Bengaluru,South,Clothing,1586.34,10,1,0,5158.73,15.5,1730.98,40,63453.57
2024-02-02,S04,Bengaluru,South,Electronics,15414.15,0,0,0,5936.82,16.6,13958.83,14,215798.13
2024-02-02,S04,Bengaluru,South,Grocery,475.58,0,0,0,5086.93,15.7,435.58,42,19974.42
2024-02-02,S04,Bengaluru,South,Home & Kitchen,1993.29,0,0,0,4342.31,18.1,2279.79,25,49832.28
2024-02-03,S01,Mumbai,West,Clothing,1713.6,0,0,0,4486.22,16.0,1741.31,48,82252.98
2024-02-03,S01,Mumbai,West,Electronics,15323.59,0,0,0,6444.44,15.2,14045.29,25,383089.8
2024-02-03,S01,Mumbai,West,Grocery,357.08,20,1,0,3932.4,16.7,456.48,74,26423.74
2024-02-03,S01,Mumbai,West,Home & Kitchen,2196.76,0,0,0,5800.94,19.5,2259.25,36,79083.46
2024-02-03,S02,Pune,West,Clothing,1416.88,20,1,0,5449.96,17.8,1753.61,39,55258.27
2024-02-03,S02,Pune,West,Electronics,12775.81,15,1,0,4331.23,13.9,15647.02,34,434377.68
2024-02-03,S02,Pune,West,Grocery,438.23,0,0,0,7023.9,16.4,464.83,42,18405.75
2024-02-03,S02,Pune,West,Home & Kitchen,2203.4,0,0,0,,18.4,2125.26,26,57288.48
2024-02-03,S03,Delhi,North,Clothing,1875.98,0,0,0,5063.03,17.0,1712.96,33,61907.31
2024-02-03,S03,Delhi,North,Electronics,15492.16,0,0,0,3376.7,18.7,14877.64,25,387304.09
2024-02-03,S03,Delhi,North,Grocery,453.99,0,0,0,5495.84,15.8,419.91,47,21337.49
2024-02-03,S03,Delhi,North,Home & Kitchen,2229.76,0,0,0,4108.57,16.8,2415.36,25,55743.98
2024-02-03,S04,Bengaluru,South,Clothing,1813.9,0,0,0,2110.51,18.8,1909.97,31,56231.01
2024-02-03,S04,Bengaluru,South,Electronics,14353.82,0,0,0,3988.18,17.7,14958.03,39,559798.96
2024-02-03,S04,Bengaluru,South,Grocery,452.72,5,1,0,8164.41,17.4,453.21,54,24446.94
2024-02-03,S04,Bengaluru,South,Home & Kitchen,2160.52,0,0,0,4628.96,16.1,1936.53,28,60494.57
2024-02-04,S01,Mumbai,West,Clothing,1841.0,0,0,0,4267.38,15.6,1820.28,26,47866.06
2024-02-04,S01,Mumbai,West,Electronics,15280.48,0,0,0,3913.08,15.1,14516.66,25,382012.02
2024-02-04,S01,Mumbai,West,Grocery,444.25,0,0,0,3564.25,18.9,475.1,56,24878.24
2024-02-04,S01,Mumbai,West,Home & Kitchen,2194.24,0,0,0,3811.38,16.6,2078.84,40,87769.53
2024-02-04,S02,Pune,West,Clothing,1879.08,0,0,0,7028.45,15.1,1878.7,36,67646.93
2024-02-04,S02,Pune,West,Electronics,15282.22,0,0,0,4606.09,17.0,14376.16,29,443184.26
2024-02-04,S02,Pune,West,Grocery,451.89,0,0,0,5497.35,15.5,451.38,47,21238.61
2024-02-04,S02,Pune,West,Home & Kitchen,1873.59,15,1,0,7436.73,19.7,2144.01,40,74943.47
2024-02-04,S03,Delhi,North,Clothing,1786.07,0,0,0,6462.15,16.5,1865.67,44,78586.95
2024-02-04,S03,Delhi,North,Electronics,11744.69,25,1,0,4739.14,16.1,15742.91,44,516766.48
2024-02-04,S03,Delhi,North,Grocery,424.6,0,0,0,3920.39,13.5,475.1,57,24202.11
2024-02-04,S03,Delhi,North,Home & Kitchen,2300.41,0,0,0,,16.5,2292.07,31,71312.83
2024-02-04,S04,Bengaluru,South,Clothing,1751.52,0,0,0,3838.98,16.5,1981.74,39,68309.37
2024-02-04,S04,Bengaluru,South,Electronics,15158.01,0,0,0,6213.46,17.7,14115.92,17,257686.13
2024-02-04,S04,Bengaluru,South,Grocery,427.98,5,1,0,5344.36,19.2,432.63,41,17547.18
2024-02-04,S04,Bengaluru,South,Home & Kitchen,2357.26,0,0,0,5254.45,15.5,2319.8,33,77789.55
2024-02-05,S01,Mumbai,West,Clothing,1872.17,0,0,0,7316.09,18.6,1819.5,29,54292.88
2024-02-05,S01,Mumbai,West,Electronics,15156.57,0,0,0,3719.36,17.1,14492.81,18,272818.27
2024-02-05,S01,Mumbai,West,Grocery,449.84,5,1,0,4465.33,19.0,454.49,46,20692.53
2024-02-05,S01,Mumbai,West,Home & Kitchen,2148.5,0,0,0,7212.71,15.5,2280.31,25,53712.45
2024-02-05,S02,Pune,West,Clothing,1773.53,0,0,0,6130.39,17.7,1735.39,30,53206.02
2024-02-05,S02,Pune,West,Electronics,14954.8,0,0,0,3742.22,18.7,14369.62,13,194412.34
2024-02-05,S02,Pune,West,Grocery,417.45,0,0,0,5518.43,19.7,450.5,39,16280.48
2024-02-05,S02,Pune,West,Home & Kitchen,1694.58,25,1,0,5119.54,16.6,2152.88,33,55921.09
2024-02-05,S03,Delhi,North,Clothing,1819.78,0,0,0,6580.43,21.1,1671.97,32,58232.87
2024-02-05,S03,Delhi,North,Electronics,15592.71,0,0,0,2740.96,14.6,16080.31,24,374225.02
2024-02-05,S03,Delhi,North,Grocery,444.73,0,0,0,6087.34,14.8,431.1,46,20457.57
2024-02-05,S03,Delhi,North,Home & Kitchen,2157.97,0,0,0,2888.91,16.4,2182.63,23,49633.23
2024-02-05,S04,Bengaluru,South,Clothing,1824.73,0,0,0,5212.8,18.3,1894.83,34,62040.82
2024-02-05,S04,Bengaluru,South,Electronics,15101.9,0,0,0,4541.72,20.0,16041.43,16,241630.46
2024-02-05,S04,Bengaluru,South,Grocery,450.26,0,0,0,1667.07,19.7,431.59,25,11256.47
2024-02-05,S04,Bengaluru,South,Home & Kitchen,1591.45,25,1,0,6056.31,17.4,2242.44,40,63658.08
2024-02-06,S01,Mumbai,West,Clothing,1763.18,0,0,0,7079.07,18.2,1859.53,35,61711.4
2024-02-06,S01,Mumbai,West,Electronics,14895.22,0,0,0,5689.56,17.4,15673.92,21,312799.56
2024-02-06,S01,Mumbai,West,Grocery,447.77,0,0,0,6917.23,20.2,482.81,37,16567.52
2024-02-06,S01,Mumbai,West,Home & Kitchen,1932.89,10,1,0,2931.79,14.5,2108.61,21,40590.78
2024-02-06,S02,Pune,West,Clothing,1834.8,0,0,0,6706.17,15.8,1894.78,30,55043.87
2024-02-06,S02,Pune,West,Electronics,14508.09,0,0,0,5103.74,13.4,15590.84,20,290161.82
2024-02-06,S02,Pune,West,Grocery,447.15,0,0,0,7019.32,15.5,447.62,36,16097.36
2024-02-06,S02,Pune,West,Home & Kitchen,2068.48,5,1,0,8407.72,19.5,2093.7,33,68259.81
2024-02-06,S03,Delhi,North,Clothing,1750.73,0,0,0,5500.39,15.8,1685.72,31,54272.77
2024-02-06,S03,Delhi,North,Electronics,14985.41,0,0,0,5522.38,15.6,14679.4,16,239766.6
2024-02-06,S03,Delhi,North,Grocery,458.32,0,0,0,3925.35,15.8,462.28,47,21541.08
2024-02-06,S03,Delhi,North,Home & Kitchen,2157.36,0,0,0,4412.89,18.6,2205.99,26,56091.33
2024-02-06,S04,Bengaluru,South,Clothing,1848.27,0,0,0,5102.62,14.8,1677.78,26,48054.92
2024-02-06,S04,Bengaluru,South,Electronics,14951.76,0,0,0,6948.87,16.7,15927.98,32,478456.46
2024-02-06,S04,Bengaluru,South,Grocery,462.25,0,0,0,6375.92,16.8,440.22,34,15716.52
2024-02-06,S04,Bengaluru,South,Home & Kitchen,2231.78,0,0,0,3081.7,18.5,2209.5,22,49099.21
2024-02-07,S01,Mumbai,West,Clothing,1869.06,0,0,0,5666.59,14.3,1822.57,47,87845.97
2024-02-07,S01,Mumbai,West,Electronics,15861.95,0,0,0,6482.83,13.4,15600.54,26,412410.59
2024-02-07,S01,Mumbai,West,Grocery,431.71,0,0,0,7447.58,17.5,469.53,56,24175.94
2024-02-07,S01,Mumbai,West,Home & Kitchen,1900.52,15,1,0,7020.4,16.1,2275.93,47,89324.25
2024-02-07,S02,Pune,West,Clothing,1781.93,0,0,0,2215.15,18.1,1923.07,23,40984.39
2024-02-07,S02,Pune,West,Electronics,14954.56,0,0,0,4584.94,15.2,16065.98,24,358909.41
2024-02-07,S02,Pune,West,Grocery,448.22,0,0,0,2636.68,13.2,485.15,43,19273.37
2024-02-07,S02,Pune,West,Home & Kitchen,2135.45,0,0,0,6949.26,17.6,,21,44844.54
2024-02-07,S03,Delhi,North,Clothing,1896.33,0,0,0,6147.48,19.6,1854.63,28,53097.12
2024-02-07,S03,Delhi,North,Electronics,11825.7,20,1,0,5707.04,14.6,14714.65,33,390247.98
2024-02-07,S03,Delhi,North,Grocery,448.74,0,0,0,3856.62,16.1,433.95,31,13911.0
2024-02-07,S03,Delhi,North,Home & Kitchen,2193.88,0,0,0,5140.62,19.7,2229.38,21,46071.53
2024-02-07,S04,Bengaluru,South,Clothing,1815.57,0,0,0,3995.05,18.2,1840.85,32,58098.35
2024-02-07,S04,Bengaluru,South,Electronics,15281.72,0,0,0,3565.19,18.8,15812.49,29,443169.8
2024-02-07,S04,Bengaluru,South,Grocery,455.91,0,0,0,942.87,16.8,451.84,27,12309.61
2024-02-07,S04,Bengaluru,South,Home & Kitchen,2147.31,0,0,0,2702.2,18.0,1975.79,22,47240.85
2024-02-08,S01,Mumbai,West,Clothing,1840.05,0,0,0,4838.75,14.8,1733.47,35,64401.61
2024-02-08,S01,Mumbai,West,Electronics,12403.1,15,1,0,6072.46,16.7,15207.61,41,508526.96
2024-02-08,S01,Mumbai,West,Grocery,463.6,0,0,0,5293.84,16.9,439.01,38,17616.83
2024-02-08,S01,Mumbai,West,Home & Kitchen,2152.95,0,0,0,5479.3,14.5,2526.6,34,73200.32
2024-02-08,S02,Pune,West,Clothing,1472.4,15,1,0,6618.01,15.5,1825.66,40,58896.17
2024-02-08,S02,Pune,West,Electronics,14673.67,0,0,0,4230.11,15.4,14226.64,15,220105.04
2024-02-08,S02,Pune,West,Grocery,434.33,0,0,0,7741.03,14.2,446.06,22,9555.29
2024-02-08,S02,Pune,West,Home & Kitchen,2135.67,0,0,0,4514.35,17.1,2204.65,21,44849.08
2024-02-08,S03,Delhi,North,Clothing,1784.05,0,0,0,6685.35,14.3,1781.93,38,67793.85
2024-02-08,S03,Delhi,North,Electronics,14751.47,0,0,0,2698.52,19.0,15235.97,23,339283.76
2024-02-08,S03,Delhi,North,Grocery,435.2,0,0,0,4561.01,15.5,468.29,47,20454.35
2024-02-08,S03,Delhi,North,Home & Kitchen,2186.65,0,0,0,6540.9,18.4,2020.88,25,54666.33
2024-02-08,S04,Bengaluru,South,Clothing,1820.44,0,0,0,4620.53,19.6,1748.32,33,60074.53
2024-02-08,S04,Bengaluru,South,Electronics,15174.78,0,0,0,3291.44,15.2,15041.91,18,273146.07
2024-02-08,S04,Bengaluru,South,Grocery,337.79,25,1,0,5218.8,19.6,465.45,44,14862.64
2024-02-08,S04,Bengaluru,South,Home & Kitchen,2230.73,0,0,0,4837.37,15.8,2304.1,32,71383.25
2024-02-09,S01,Mumbai,West,Clothing,1789.77,0,0,0,5928.68,12.0,1879.23,26,46533.97
2024-02-09,S01,Mumbai,West,Electronics,15001.94,0,0,0,3070.41,17.1,13987.18,22,330042.65
2024-02-09,S01,Mumbai,West,Grocery,451.94,0,0,0,4545.38,12.2,446.85,47,21241.23
2024-02-09,S01,Mumbai,West,Home & Kitchen,2253.72,0,0,0,4689.85,21.1,2137.3,25,56342.99
2024-02-09,S02,Pune,West,Clothing,1848.67,0,0,0,7661.86,18.1,1910.62,39,72098.11
2024-02-09,S02,Pune,West,Electronics,15271.81,0,0,0,5699.22,17.8,15970.5,14,213805.4
2024-02-09,S02,Pune,West,Grocery,444.84,0,0,0,3896.03,15.9,469.45,41,18238.48
2024-02-09,S02,Pune,West,Home & Kitchen,2295.21,0,0,0,5412.05,17.2,2250.55,24,55085.1
2024-02-09,S03,Delhi,North,Clothing,1813.47,0,0,0,5806.0,17.3,1736.38,27,48963.64
2024-02-09,S03,Delhi,North,Electronics,15885.75,0,0,0,4075.24,15.3,14149.77,22,349486.59
2024-02-09,S03,Delhi,North,Grocery,367.09,20,1,0,8084.63,14.1,452.23,53,19455.67
2024-02-09,S03,Delhi,North,Home & Kitchen,2256.95,0,0,0,4240.96,16.2,2489.17,27,60937.63
2024-02-09,S04,Bengaluru,South,Clothing,1814.07,0,0,0,5165.2,15.8,1748.27,22,39909.65
2024-02-09,S04,Bengaluru,South,Electronics,15027.09,0,0,0,5309.13,14.5,15186.24,19,285514.79
2024-02-09,S04,Bengaluru,South,Grocery,459.96,0,0,0,6276.29,13.4,433.42,31,14258.77
2024-02-09,S04,Bengaluru,South,Home & Kitchen,2273.0,0,0,0,3855.98,14.9,2415.71,29,65917.11
2024-02-10,S01,Mumbai,West,Clothing,1785.94,0,0,0,5110.7,18.3,1955.85,40,71437.44
2024-02-10,S01,Mumbai,West,Electronics,15006.7,0,0,0,2959.61,16.6,14766.27,30,450200.96
2024-02-10,S01,Mumbai,West,Grocery,376.26,20,1,0,,13.8,459.19,71,26714.76
2024-02-10,S01,Mumbai,West,Home & Kitchen,2196.61,0,0,0,3612.33,18.0,2521.51,38,83471.23
2024-02-10,S02,Pune,West,Clothing,1859.56,0,0,0,5791.17,19.7,1677.49,28,52067.74
2024-02-10,S02,Pune,West,Electronics,12387.13,20,1,0,8842.41,17.5,13559.75,40,495485.15
2024-02-10,S02,Pune,West,Grocery,348.84,25,1,0,6469.1,20.1,464.14,67,23372.22
2024-02-10,S02,Pune,West,Home & Kitchen,2219.09,0,0,0,6910.94,15.4,2053.59,36,79887.27
2024-02-10,S03,Delhi,North,Clothing,1757.02,0,0,0,5416.68,16.7,1755.12,29,50953.52
2024-02-10,S03,Delhi,North,Electronics,14904.65,0,0,0,5978.2,19.6,14751.24,28,417330.07
2024-02-10,S03,Delhi,North,Grocery,427.52,0,0,0,6125.28,16.0,417.35,46,19665.74
2024-02-10,S03,Delhi,North,Home & Kitchen,2023.86,5,1,0,6181.24,17.2,2204.89,36,72858.9
2024-02-10,S04,Bengaluru,South,Clothing,1463.28,20,1,0,7208.6,16.2,1864.46,69,100966.01
2024-02-10,S04,Bengaluru,South,Electronics,15478.34,0,0,0,4477.79,19.0,14799.63,27,417915.14
2024-02-10,S04,Bengaluru,South,Grocery,441.27,0,0,0,6228.71,18.9,453.11,51,22504.58
2024-02-10,S04,Bengaluru,South,Home & Kitchen,2169.77,0,0,0,4106.26,15.1,2172.7,27,58583.83
2024-02-11,S01,Mumbai,West,Clothing,1809.77,0,0,0,4714.67,16.5,1747.46,38,68771.15
2024-02-11,S01,Mumbai,West,Electronics,15181.1,0,0,0,2859.3,15.4,14440.41,21,318803.07
2024-02-11,S01,Mumbai,West,Grocery,453.28,0,0,0,3532.14,16.3,439.91,48,21757.44
2024-02-11,S01,Mumbai,West,Home & Kitchen,2254.09,0,0,0,1907.34,16.9,2253.97,30,67622.8
2024-02-11,S02,Pune,West,Clothing,1763.32,0,0,0,6422.37,17.8,1749.76,23,40556.29
2024-02-11,S02,Pune,West,Electronics,12364.13,20,1,0,6590.08,15.5,15292.44,30,370923.79
2024-02-11,S02,Pune,West,Grocery,466.09,0,0,0,4255.62,14.7,470.0,41,19109.8
2024-02-11,S02,Pune,West,Home & Kitchen,2291.84,0,0,0,5456.49,15.2,2290.04,26,59587.87
2024-02-11,S03,Delhi,North,Clothing,1751.82,0,0,0,5613.82,15.0,1728.41,34,59561.95
2024-02-11,S03,Delhi,North,Electronics,15473.92,0,0,0,6939.53,17.4,14687.56,30,464217.68
2024-02-11,S03,Delhi,North,Grocery,453.16,0,0,0,6328.77,19.3,423.65,64,29002.21
2024-02-11,S03,Delhi,North,Home & Kitchen,2283.82,0,0,0,2758.65,19.1,2398.93,31,70798.54
2024-02-11,S04,Bengaluru,South,Clothing,1763.25,0,0,0,4060.36,16.2,1810.26,29,51134.25
2024-02-11,S04,Bengaluru,South,Electronics,13876.74,0,0,0,5221.46,17.9,15334.84,27,374672.09
2024-02-11,S04,Bengaluru,South,Grocery,465.03,0,0,0,2610.7,15.5,459.12,28,13020.9
2024-02-11,S04,Bengaluru,South,Home & Kitchen,2284.47,0,0,0,6321.16,17.7,2146.31,27,61680.64
2024-02-12,S01,Mumbai,West,Clothing,1570.28,15,1,0,6608.59,16.7,1634.83,29,45537.98
2024-02-12,S01,Mumbai,West,Electronics,14806.74,0,0,0,2348.57,16.0,15652.26,20,296134.75
2024-02-12,S01,Mumbai,West,Grocery,449.73,0,0,0,5077.73,14.9,484.45,38,17089.74
2024-02-12,S01,Mumbai,West,Home & Kitchen,2017.84,10,1,0,5043.43,20.5,2117.54,26,52463.72
2024-02-12,S02,Pune,West,Clothing,1708.06,5,1,0,6065.47,17.7,1817.05,34,58074.14
2024-02-12,S02,Pune,West,Electronics,14991.11,0,0,0,7015.5,17.4,14922.14,21,314813.38
2024-02-12,S02,Pune,West,Grocery,442.8,0,0,0,3265.99,20.1,427.17,27,11955.67
2024-02-12,S02,Pune,West,Home & Kitchen,2301.39,0,0,0,3618.91,13.8,2154.96,25,57534.81
2024-02-12,S03,Delhi,North,Clothing,1619.82,10,1,0,8901.01,15.7,1996.3,54,87470.49
2024-02-12,S03,Delhi,North,Electronics,12173.66,20,1,0,3689.01,16.3,14110.38,36,438251.91
2024-02-12,S03,Delhi,North,Grocery,354.18,20,1,0,6221.2,15.7,416.48,40,14167.13
2024-02-12,S03,Delhi,North,Home & Kitchen,2181.23,0,0,0,3175.27,18.7,2106.71,23,50168.19
2024-02-12,S04,Bengaluru,South,Clothing,1402.56,20,1,0,5729.09,16.2,1810.83,36,50492.0
2024-02-12,S04,Bengaluru,South,Electronics,15967.98,0,0,0,4890.38,16.0,16160.6,18,287423.69
2024-02-12,S04,Bengaluru,South,Grocery,458.96,0,0,0,6451.2,17.4,438.97,35,16063.55
2024-02-12,S04,Bengaluru,South,Home & Kitchen,2271.48,0,0,0,5984.17,18.1,2167.96,28,63601.55
2024-02-13,S01,Mumbai,West,Clothing,1821.45,0,0,0,4338.26,13.7,1844.94,42,76501.06
2024-02-13,S01,Mumbai,West,Electronics,14384.55,5,1,0,6197.07,16.7,15883.64,38,546613.05
2024-02-13,S01,Mumbai,West,Grocery,470.6,0,0,0,5694.45,18.7,425.05,39,18353.5
2024-02-13,S01,Mumbai,West,Home & Kitchen,2255.63,0,0,0,4229.18,14.5,2112.5,30,67669.0
2024-02-13,S02,Pune,West,Clothing,1805.24,0,0,0,5159.11,18.9,1820.09,18,32494.29
2024-02-13,S02,Pune,West,Electronics,11628.9,25,1,0,8841.88,14.8,14846.86,32,372124.74
2024-02-13,S02,Pune,West,Grocery,457.07,0,0,0,5692.39,19.7,465.91,26,11883.74
2024-02-13,S02,Pune,West,Home & Kitchen,2150.93,0,0,0,5105.1,15.6,2338.71,22,47320.37
2024-02-13,S03,Delhi,North,Clothing,1805.62,0,0,0,5168.94,18.1,1891.66,30,54168.6
2024-02-13,S03,Delhi,North,Electronics,14814.81,0,0,0,8242.08,16.1,14648.14,22,325925.85
2024-02-13,S03,Delhi,North,Grocery,455.86,0,0,0,5854.11,16.7,470.53,34,15499.23
2024-02-13,S03,Delhi,North,Home & Kitchen,2277.97,0,0,0,2144.59,18.1,2264.54,26,59227.14
2024-02-13,S04,Bengaluru,South,Clothing,1754.62,0,0,0,3119.06,19.8,1804.69,21,36846.99
2024-02-13,S04,Bengaluru,South,Electronics,15510.22,0,0,0,4226.95,15.2,14198.17,21,325714.65
2024-02-13,S04,Bengaluru,South,Grocery,456.12,0,0,0,7158.08,17.2,458.54,39,17788.73
2024-02-13,S04,Bengaluru,South,Home & Kitchen,2221.05,0,0,0,4451.87,16.1,2282.49,27,59968.31
2024-02-14,S01,Mumbai,West,Clothing,1763.45,0,0,0,5378.4,14.9,1770.19,34,59957.38
2024-02-14,S01,Mumbai,West,Electronics,14924.02,0,0,0,6687.57,17.3,15792.29,28,417872.58
2024-02-14,S01,Mumbai,West,Grocery,429.23,0,0,0,3705.8,14.5,457.11,42,18027.69
2024-02-14,S01,Mumbai,West,Home & Kitchen,2168.56,0,0,0,6667.6,16.8,2460.15,28,60719.68
2024-02-14,S02,Pune,West,Clothing,1641.63,10,1,0,8524.55,20.6,1928.63,45,73873.49
2024-02-14,S02,Pune,West,Electronics,14540.56,0,0,0,4120.04,16.2,15023.45,14,203567.82
2024-02-14,S02,Pune,West,Grocery,429.77,0,0,0,5354.8,17.5,457.58,27,11603.8
2024-02-14,S02,Pune,West,Home & Kitchen,2145.88,0,0,0,3877.67,21.4,2124.6,17,36480.0
2024-02-14,S03,Delhi,North,Clothing,1846.59,0,0,0,6093.42,16.4,,24,44318.16
2024-02-14,S03,Delhi,North,Electronics,14886.13,0,0,0,3560.88,20.6,15564.78,31,461470.05
2024-02-14,S03,Delhi,North,Grocery,446.92,0,0,0,5901.32,20.0,421.68,41,18323.73
2024-02-14,S03,Delhi,North,Home & Kitchen,2367.06,0,0,0,6468.32,16.0,2069.81,22,52075.39
2024-02-14,S04,Bengaluru,South,Clothing,1835.82,0,0,0,3172.16,17.4,1719.49,23,42223.83
2024-02-14,S04,Bengaluru,South,Electronics,15759.12,0,0,0,4597.26,16.1,15263.0,15,236386.87
2024-02-14,S04,Bengaluru,South,Grocery,448.55,0,0,0,6086.53,15.9,420.83,48,21530.18
2024-02-14,S04,Bengaluru,South,Home & Kitchen,2195.23,0,0,0,6525.01,16.0,2311.48,25,54880.81
2024-02-15,S01,Mumbai,West,Clothing,1790.59,0,0,0,5306.33,16.1,1788.2,48,85948.46
2024-02-15,S01,Mumbai,West,Electronics,14288.12,0,0,0,4979.88,18.3,14433.59,21,300050.55
2024-02-15,S01,Mumbai,West,Grocery,442.1,0,0,0,4046.13,16.1,466.55,42,18568.1
2024-02-15,S01,Mumbai,West,Home & Kitchen,2226.99,0,0,0,3825.72,21.1,2254.23,22,48993.72
2024-02-15,S02,Pune,West,Clothing,1906.45,0,0,0,3995.32,16.9,1710.1,23,43848.34
2024-02-15,S02,Pune,West,Electronics,15012.18,5,1,0,6494.75,14.5,14359.7,15,225182.63
2024-02-15,S02,Pune,West,Grocery,446.0,0,0,0,4841.91,12.0,423.24,25,11150.05
2024-02-15,S02,Pune,West,Home & Kitchen,2191.57,0,0,0,5226.49,14.1,2346.51,25,54789.32
2024-02-15,S03,Delhi,North,Clothing,1708.86,0,0,0,3985.56,15.1,1771.86,32,54683.6
2024-02-15,S03,Delhi,North,Electronics,13979.28,10,1,0,2931.43,17.1,15510.66,23,321523.36
2024-02-15,S03,Delhi,North,Grocery,456.56,0,0,0,3967.55,15.7,441.69,28,12783.77
2024-02-15,S03,Delhi,North,Home & Kitchen,2267.75,0,0,0,4508.21,19.1,1883.01,17,38551.72
2024-02-15,S04,Bengaluru,South,Clothing,1753.84,0,0,0,6695.16,15.2,1708.87,35,61384.39
2024-02-15,S04,Bengaluru,South,Electronics,14590.01,0,0,0,1715.57,17.5,13648.26,14,204260.17
2024-02-15,S04,Bengaluru,South,Grocery,441.61,0,0,0,4737.17,17.7,429.67,38,16781.32
2024-02-15,S04,Bengaluru,South,Home & Kitchen,2185.29,0,0,0,6625.58,14.7,2263.28,22,48076.48
2024-02-16,S01,Mumbai,West,Clothing,1811.64,5,1,0,7085.28,15.7,1850.06,39,70653.91
2024-02-16,S01,Mumbai,West,Electronics,15004.3,0,0,0,1609.38,19.2,12945.35,16,240068.78
2024-02-16,S01,Mumbai,West,Grocery,438.02,0,0,0,3929.39,16.1,442.95,38,16644.78
2024-02-16,S01,Mumbai,West,Home & Kitchen,2248.7,0,0,0,5679.16,16.8,2137.72,26,58466.22
2024-02-16,S02,Pune,West,Clothing,1782.51,0,0,0,3848.54,18.1,1751.67,25,44562.78
2024-02-16,S02,Pune,West,Electronics,14538.04,0,0,0,4362.58,16.8,15334.56,25,363450.95
2024-02-16,S02,Pune,West,Grocery,430.46,5,1,0,5725.2,14.7,445.22,25,10761.5
2024-02-16,S02,Pune,West,Home & Kitchen,1904.47,15,1,0,4582.55,14.7,2303.49,24,45707.23
2024-02-16,S03,Delhi,North,Clothing,1486.35,15,1,0,8701.63,18.9,1853.71,51,75803.9
2024-02-16,S03,Delhi,North,Electronics,15014.07,0,0,0,7636.18,16.1,14867.09,22,330309.51
2024-02-16,S03,Delhi,North,Grocery,468.38,0,0,0,5882.43,23.2,448.19,40,18735.0
2024-02-16,S03,Delhi,North,Home & Kitchen,2241.24,0,0,0,5331.44,19.8,2299.48,23,51548.54
2024-02-16,S04,Bengaluru,South,Clothing,1694.31,5,1,0,8752.39,15.5,1774.88,36,60994.99
2024-02-16,S04,Bengaluru,South,Electronics,13515.51,10,1,0,8681.93,17.4,14623.41,33,446011.83
2024-02-16,S04,Bengaluru,South,Grocery,426.17,0,0,0,5802.67,16.4,473.84,54,23013.06
2024-02-16,S04,Bengaluru,South,Home & Kitchen,2146.28,0,0,0,7050.42,16.9,2171.47,18,38633.12
2024-02-17,S01,Mumbai,West,Clothing,1541.53,15,1,0,4885.55,17.3,1758.92,56,86325.72
2024-02-17,S01,Mumbai,West,Electronics,12329.03,15,1,0,5656.63,16.5,13674.78,39,480832.32
2024-02-17,S01,Mumbai,West,Grocery,420.37,0,0,0,7125.09,19.5,437.88,55,23120.15
2024-02-17,S01,Mumbai,West,Home & Kitchen,2097.61,0,0,0,3061.64,22.0,2177.62,31,65025.99
2024-02-17,S02,Pune,West,Clothing,1782.18,0,0,0,4282.68,20.1,1792.35,27,48118.8
2024-02-17,S02,Pune,West,Electronics,14086.45,0,0,0,2776.75,15.5,15045.5,32,450766.28
2024-02-17,S02,Pune,West,Grocery,423.55,10,1,0,8746.7,15.8,501.62,65,27530.89
2024-02-17,S02,Pune,West,Home & Kitchen,2107.5,0,0,0,5559.21,15.5,2148.77,38,80084.87
2024-02-17,S03,Delhi,North,Clothing,1762.89,0,0,0,5674.29,17.0,1712.18,29,51123.79
2024-02-17,S03,Delhi,North,Electronics,14795.78,0,0,0,3438.75,18.8,15046.78,26,384690.37
2024-02-17,S03,Delhi,North,Grocery,459.37,0,0,0,4994.1,18.9,455.0,57,26184.2
2024-02-17,S03,Delhi,North,Home & Kitchen,2273.63,0,0,0,5785.25,18.7,2221.44,30,68209.03
2024-02-17,S04,Bengaluru,South,Clothing,1687.44,5,1,0,,13.1,1782.75,40,67497.74
2024-02-17,S04,Bengaluru,South,Electronics,15126.04,0,0,0,4037.65,14.2,14885.89,18,272268.65
2024-02-17,S04,Bengaluru,South,Grocery,426.2,0,0,0,3996.87,19.1,399.73,40,17048.06
2024-02-17,S04,Bengaluru,South,Home & Kitchen,2125.84,0,0,0,7336.28,18.4,2320.58,36,76530.23
2024-02-18,S01,Mumbai,West,Clothing,1846.94,0,0,0,6065.2,18.2,1775.8,38,70183.86
2024-02-18,S01,Mumbai,West,Electronics,14219.53,0,0,0,4755.8,16.2,16066.22,33,469244.37
2024-02-18,S01,Mumbai,West,Grocery,461.79,0,0,0,7871.55,15.9,448.29,52,24012.97
2024-02-18,S01,Mumbai,West,Home & Kitchen,2312.31,0,0,0,5720.37,18.6,2247.39,48,110990.96
2024-02-18,S02,Pune,West,Clothing,1790.53,0,0,0,5035.17,18.4,1753.32,30,53715.99
2024-02-18,S02,Pune,West,Electronics,15614.45,0,0,0,5533.64,18.5,15701.48,25,390361.16
2024-02-18,S02,Pune,West,Grocery,466.1,0,0,0,8289.2,20.5,,47,21906.83
2024-02-18,S02,Pune,West,Home & Kitchen,2230.02,0,0,0,2316.81,15.6,2355.96,27,60210.63
2024-02-18,S03,Delhi,North,Clothing,1806.49,0,0,0,4481.98,17.7,1749.71,32,57807.54
2024-02-18,S03,Delhi,North,Electronics,13905.06,5,1,0,8742.9,18.2,14771.85,32,444961.99
2024-02-18,S03,Delhi,North,Grocery,459.13,0,0,0,4392.54,17.2,439.63,38,17446.83
2024-02-18,S03,Delhi,North,Home & Kitchen,2180.58,0,0,0,6212.71,23.0,2141.67,24,52333.85
2024-02-18,S04,Bengaluru,South,Clothing,1808.86,0,0,0,4512.06,15.6,1837.46,33,59692.39
2024-02-18,S04,Bengaluru,South,Electronics,12596.48,15,1,0,6783.99,14.5,15171.14,38,478666.21
2024-02-18,S04,Bengaluru,South,Grocery,427.42,0,0,0,6716.45,15.5,442.36,50,21371.06
2024-02-18,S04,Bengaluru,South,Home & Kitchen,2238.57,0,0,0,4692.15,15.7,2074.52,28,62679.96
2024-02-19,S01,Mumbai,West,Clothing,1829.15,0,0,0,3640.53,21.6,1790.99,25,45728.84
2024-02-19,S01,Mumbai,West,Electronics,13555.43,10,1,0,9772.8,17.9,14699.06,30,406663.01
2024-02-19,S01,Mumbai,West,Grocery,331.86,25,1,0,6206.63,18.0,468.27,78,25884.78
2024-02-19,S01,Mumbai,West,Home & Kitchen,2349.55,0,0,0,1643.45,19.7,2199.04,19,44641.51
2024-02-19,S02,Pune,West,Clothing,1749.12,0,0,0,2584.87,13.1,1706.16,21,36731.53
2024-02-19,S02,Pune,West,Electronics,14680.44,0,0,0,3421.78,17.0,16192.79,18,264247.91
2024-02-19,S02,Pune,West,Grocery,452.82,0,0,0,6879.35,15.9,441.73,29,13131.8
2024-02-19,S02,Pune,West,Home & Kitchen,2226.68,0,0,0,3317.03,17.6,2326.37,16,35626.89
2024-02-19,S03,Delhi,North,Clothing,1739.0,0,0,0,4894.87,19.3,1773.17,29,50431.13
2024-02-19,S03,Delhi,North,Electronics,15144.03,0,0,0,4002.66,15.1,13678.98,21,318024.64
2024-02-19,S03,Delhi,North,Grocery,457.87,0,0,0,4464.52,16.6,414.55,37,16941.17
2024-02-19,S03,Delhi,North,Home & Kitchen,2217.36,0,0,0,8008.03,18.6,1828.74,19,42129.8
2024-02-19,S04,Bengaluru,South,Clothing,1833.02,0,0,0,4293.58,14.6,1879.98,26,47658.48
2024-02-19,S04,Bengaluru,South,Electronics,15067.75,0,0,0,1879.57,17.3,15440.34,14,210948.51
2024-02-19,S04,Bengaluru,South,Grocery,466.51,0,0,0,7380.88,15.0,451.56,34,15861.32
2024-02-19,S04,Bengaluru,South,Home & Kitchen,2222.73,0,0,0,6663.61,19.2,2329.92,28,62236.41
2024-02-20,S01,Mumbai,West,Clothing,1814.76,0,0,0,4141.15,17.0,1932.28,31,56257.6
2024-02-20,S01,Mumbai,West,Electronics,15219.55,0,0,0,2814.29,18.3,14436.96,17,258732.31
2024-02-20,S01,Mumbai,West,Grocery,439.11,5,1,0,5517.21,17.5,438.75,54,23712.01
2024-02-20,S01,Mumbai,West,Home & Kitchen,2149.39,5,1,0,9771.53,19.7,2238.05,27,58033.66
2024-02-20,S02,Pune,West,Clothing,1707.0,0,0,0,6096.59,15.6,1757.11,25,42675.08
2024-02-20,S02,Pune,West,Electronics,12794.65,15,1,0,6871.75,16.6,15095.19,26,332660.97
2024-02-20,S02,Pune,West,Grocery,437.69,0,0,0,5416.11,15.5,460.14,30,13130.83
2024-02-20,S02,Pune,West,Home & Kitchen,2125.72,0,0,0,3810.16,15.8,2253.86,22,46765.91
2024-02-20,S03,Delhi,North,Clothing,1794.85,0,0,0,4672.41,20.2,1720.68,23,41281.47
2024-02-20,S03,Delhi,North,Electronics,14767.59,0,0,0,4560.34,17.1,,26,383957.4
2024-02-20,S03,Delhi,North,Grocery,426.82,0,0,0,4171.36,19.8,422.85,43,18353.42
2024-02-20,S03,Delhi,North,Home & Kitchen,2155.63,0,0,0,4938.01,19.4,2148.24,26,56046.45
2024-02-20,S04,Bengaluru,South,Clothing,1833.02,0,0,0,6831.0,14.7,1784.2,29,53157.59
2024-02-20,S04,Bengaluru,South,Electronics,15105.62,0,0,0,3669.24,18.2,15915.19,14,211478.63
2024-02-20,S04,Bengaluru,South,Grocery,441.12,0,0,0,4462.8,17.3,455.49,26,11469.24
2024-02-20,S04,Bengaluru,South,Home & Kitchen,2227.43,0,0,0,4541.6,15.0,2345.09,23,51230.92
2024-02-21,S01,Mumbai,West,Clothing,1444.7,20,1,0,5047.93,19.3,1802.71,54,78013.57
2024-02-21,S01,Mumbai,West,Electronics,12189.61,20,1,0,5296.78,16.2,16232.0,37,451015.62
2024-02-21,S01,Mumbai,West,Grocery,455.25,0,0,0,4100.24,18.9,425.95,35,15933.84
2024-02-21,S01,Mumbai,West,Home & Kitchen,1689.89,25,1,0,5746.08,17.1,2395.1,43,72665.32
2024-02-21,S02,Pune,West,Clothing,1807.22,0,0,0,4753.63,18.6,1777.9,26,46987.8
2024-02-21,S02,Pune,West,Electronics,14536.14,0,0,0,2666.18,20.6,14385.96,17,247114.32
2024-02-21,S02,Pune,West,Grocery,468.34,0,0,0,2544.1,17.4,,31,14518.54
2024-02-21,S02,Pune,West,Home & Kitchen,2128.04,0,0,0,4759.68,16.7,2090.7,30,63841.13
2024-02-21,S03,Delhi,North,Clothing,1765.24,0,0,0,5007.46,12.5,1898.68,25,44131.01
2024-02-21,S03,Delhi,North,Electronics,15267.25,0,0,0,3042.33,13.5,15719.24,22,335879.49
2024-02-21,S03,Delhi,North,Grocery,451.09,0,0,0,4578.61,15.7,426.33,30,13532.61
2024-02-21,S03,Delhi,North,Home & Kitchen,2159.83,0,0,0,3932.69,18.4,2230.1,26,56155.53
2024-02-21,S04,Bengaluru,South,Clothing,1702.74,0,0,0,500.0,16.3,1815.95,39,66406.77
2024-02-21,S04,Bengaluru,South,Electronics,14447.95,0,0,0,5374.82,15.5,13882.33,22,317854.82
2024-02-21,S04,Bengaluru,South,Grocery,433.67,0,0,0,6272.8,16.9,456.35,41,17780.55
2024-02-21,S04,Bengaluru,South,Home & Kitchen,2266.62,0,0,0,6820.65,15.5,2156.81,21,47598.99
2024-02-22,S01,Mumbai,West,Clothing,1848.46,0,0,0,3391.92,15.4,1688.79,29,53605.31
2024-02-22,S01,Mumbai,West,Electronics,15255.23,0,0,0,7558.78,18.7,15948.87,37,564443.39
2024-02-22,S01,Mumbai,West,Grocery,458.2,0,0,0,5002.62,18.8,475.89,54,24742.61
2024-02-22,S01,Mumbai,West,Home & Kitchen,2238.86,0,0,0,808.25,16.1,2075.92,23,51493.74
2024-02-22,S02,Pune,West,Clothing,1828.47,0,0,0,6280.53,16.3,1930.28,34,62168.08
2024-02-22,S02,Pune,West,Electronics,16063.62,0,0,0,5256.49,17.8,14146.58,15,240954.32
2024-02-22,S02,Pune,West,Grocery,378.6,15,1,0,7128.88,14.3,453.16,53,20065.55
2024-02-22,S02,Pune,West,Home & Kitchen,2229.34,0,0,0,2731.88,15.4,2288.01,15,33440.05
2024-02-22,S03,Delhi,North,Clothing,1792.68,0,0,0,5314.65,16.9,1735.71,39,69914.51
2024-02-22,S03,Delhi,North,Electronics,16144.87,0,0,0,6916.16,17.0,15897.92,21,339042.22
2024-02-22,S03,Delhi,North,Grocery,453.64,0,0,0,4987.83,16.2,390.41,38,17238.37
2024-02-22,S03,Delhi,North,Home & Kitchen,2220.35,0,0,0,6047.52,16.8,2081.5,28,62169.92
2024-02-22,S04,Bengaluru,South,Clothing,1636.18,10,1,0,10092.99,15.0,1882.8,50,81809.03
2024-02-22,S04,Bengaluru,South,Electronics,15321.83,0,0,0,7709.51,14.2,15585.21,24,367723.8
2024-02-22,S04,Bengaluru,South,Grocery,448.78,0,0,0,6628.74,20.1,445.01,24,10770.68
2024-02-22,S04,Bengaluru,South,Home & Kitchen,2198.46,0,0,0,4644.49,16.8,2393.47,32,70350.76
2024-02-23,S01,Mumbai,West,Clothing,1379.11,25,1,0,7828.19,13.7,1692.37,44,60680.62
2024-02-23,S01,Mumbai,West,Electronics,14130.33,0,0,0,5674.97,19.0,15018.34,31,438040.38
2024-02-23,S01,Mumbai,West,Grocery,443.85,0,0,0,4174.67,17.0,458.98,42,18641.79
2024-02-23,S01,Mumbai,West,Home & Kitchen,2178.65,0,0,0,3923.38,16.8,2270.91,31,67538.26
2024-02-23,S02,Pune,West,Clothing,1800.13,0,0,0,1821.4,20.0,1708.18,26,46803.44
2024-02-23,S02,Pune,West,Electronics,14237.84,10,1,0,3172.68,16.3,16273.69,20,284756.72
2024-02-23,S02,Pune,West,Grocery,456.05,0,0,0,6007.09,17.0,439.9,33,15049.8
2024-02-23,S02,Pune,West,Home & Kitchen,2336.82,0,0,0,3674.82,16.1,2207.26,20,46736.38
2024-02-23,S03,Delhi,North,Clothing,1758.17,0,0,0,4704.84,13.7,1789.52,36,63294.05
2024-02-23,S03,Delhi,North,Electronics,15233.14,0,0,0,6710.11,17.7,14356.25,18,274196.56
2024-02-23,S03,Delhi,North,Grocery,457.46,0,0,0,5997.52,20.3,459.71,41,18756.02
2024-02-23,S03,Delhi,North,Home & Kitchen,2206.32,0,0,0,8544.34,14.7,2214.51,29,63983.2
2024-02-23,S04,Bengaluru,South,Clothing,1796.79,0,0,0,5121.25,16.8,1777.47,29,52106.89
2024-02-23,S04,Bengaluru,South,Electronics,15284.7,0,0,0,5662.22,17.1,16285.96,29,443256.4
2024-02-23,S04,Bengaluru,South,Grocery,437.17,0,0,0,4756.77,17.0,441.45,26,11366.38
2024-02-23,S04,Bengaluru,South,Home & Kitchen,2288.22,0,0,0,5028.33,17.4,2310.18,20,45764.47
2024-02-24,S01,Mumbai,West,Clothing,1632.83,10,1,0,4255.71,16.4,1812.53,51,83274.09
2024-02-24,S01,Mumbai,West,Electronics,14387.54,0,0,0,5844.97,19.7,14779.95,43,618664.32
2024-02-24,S01,Mumbai,West,Grocery,439.68,0,0,0,4854.45,13.7,472.68,57,25061.91
2024-02-24,S01,Mumbai,West,Home & Kitchen,2192.73,0,0,0,3686.51,15.1,2191.98,30,65781.86
2024-02-24,S02,Pune,West,Clothing,1796.61,0,0,0,6286.28,20.8,1873.37,39,70067.94
2024-02-24,S02,Pune,West,Electronics,15695.95,0,0,0,6010.8,15.9,16177.78,36,565054.17
2024-02-24,S02,Pune,West,Grocery,358.68,20,1,0,7388.4,15.5,459.05,75,26900.75
2024-02-24,S02,Pune,West,Home & Kitchen,2180.54,0,0,0,6167.18,17.0,2205.43,29,63235.64
2024-02-24,S03,Delhi,North,Clothing,1745.38,0,0,0,,22.5,1810.5,44,76796.51
2024-02-24,S03,Delhi,North,Electronics,15811.85,0,0,0,4009.27,18.0,15839.32,23,363672.48
2024-02-24,S03,Delhi,North,Grocery,448.86,0,0,0,7263.93,16.3,461.37,51,22891.81
2024-02-24,S03,Delhi,North,Home & Kitchen,2228.47,0,0,0,4191.24,15.5,2130.18,37,82453.49
2024-02-24,S04,Bengaluru,South,Clothing,1808.66,0,0,0,1184.17,17.9,1838.9,25,45216.4
2024-02-24,S04,Bengaluru,South,Electronics,14683.77,0,0,0,5823.58,12.7,14652.77,17,249624.12
2024-02-24,S04,Bengaluru,South,Grocery,355.76,20,1,0,1996.8,17.1,430.92,57,20278.24
2024-02-24,S04,Bengaluru,South,Home & Kitchen,2092.42,0,0,0,3494.95,16.6,2200.34,22,46033.21
2024-02-25,S01,Mumbai,West,Clothing,1762.54,0,0,0,3951.63,13.9,1698.35,49,86364.3
2024-02-25,S01,Mumbai,West,Electronics,15888.08,0,0,0,5171.88,20.6,14900.92,28,444866.37
2024-02-25,S01,Mumbai,West,Grocery,451.21,0,0,0,5619.85,16.6,467.08,45,20304.53
2024-02-25,S01,Mumbai,West,Home & Kitchen,1697.74,25,1,0,4819.53,16.9,2145.11,60,101864.28
2024-02-25,S02,Pune,West,Clothing,1751.47,0,0,0,7005.34,15.9,1914.49,33,57798.46
2024-02-25,S02,Pune,West,Electronics,15039.76,0,0,0,4409.93,14.7,15665.53,29,436153.07
2024-02-25,S02,Pune,West,Grocery,476.9,0,0,0,3288.53,22.4,448.61,38,18122.02
2024-02-25,S02,Pune,West,Home & Kitchen,1999.59,10,1,0,7614.9,16.8,2208.12,39,77983.9
2024-02-25,S03,Delhi,North,Clothing,1815.39,0,0,0,7661.62,17.4,1942.75,41,74431.16
2024-02-25,S03,Delhi,North,Electronics,14678.33,0,0,0,4887.67,15.1,14099.48,29,425671.46
2024-02-25,S03,Delhi,North,Grocery,459.66,0,0,0,5852.75,16.1,425.88,40,18386.4
2024-02-25,S03,Delhi,North,Home & Kitchen,2208.86,0,0,0,3807.53,15.6,2067.81,28,61848.03
2024-02-25,S04,Bengaluru,South,Clothing,1781.08,0,0,0,8690.84,17.7,1819.56,40,71243.28
2024-02-25,S04,Bengaluru,South,Electronics,14404.11,0,0,0,4251.96,16.3,14559.04,26,374506.98
2024-02-25,S04,Bengaluru,South,Grocery,457.5,0,0,0,5322.14,14.7,484.8,39,17842.46
2024-02-25,S04,Bengaluru,South,Home & Kitchen,2318.59,0,0,0,3479.92,17.6,2162.51,33,76513.35
2024-02-26,S01,Mumbai,West,Clothing,1820.82,0,0,0,6883.11,17.1,1659.39,42,76474.45
2024-02-26,S01,Mumbai,West,Electronics,10896.57,25,1,0,6593.9,15.3,15170.37,40,435862.68
2024-02-26,S01,Mumbai,West,Grocery,462.41,0,0,0,4392.03,17.0,499.05,45,20808.39
2024-02-26,S01,Mumbai,West,Home & Kitchen,2028.98,5,1,0,5343.65,17.1,2317.94,33,66956.32
2024-02-26,S02,Pune,West,Clothing,1813.63,0,0,0,5657.82,15.0,1753.87,34,61663.41
2024-02-26,S02,Pune,West,Electronics,15441.31,0,0,0,4265.31,16.9,15044.89,16,247061.03
2024-02-26,S02,Pune,West,Grocery,441.76,0,0,0,6275.1,15.2,493.92,37,16345.28
2024-02-26,S02,Pune,West,Home & Kitchen,2160.07,0,0,0,1199.56,21.0,2196.69,23,49681.6
2024-02-26,S03,Delhi,North,Clothing,1860.1,0,0,0,5399.44,19.0,1792.23,40,74404.04
2024-02-26,S03,Delhi,North,Electronics,15307.79,0,0,0,5993.14,15.6,14612.14,21,321463.6
2024-02-26,S03,Delhi,North,Grocery,437.06,0,0,0,5175.74,15.7,479.35,49,21415.76
2024-02-26,S03,Delhi,North,Home & Kitchen,2181.36,0,0,0,1167.55,14.7,2184.35,15,32720.46
2024-02-26,S04,Bengaluru,South,Clothing,1756.07,0,0,0,1394.45,17.6,1771.27,34,59706.33
2024-02-26,S04,Bengaluru,South,Electronics,15046.94,0,0,0,4967.24,18.3,15089.85,23,346079.69
2024-02-26,S04,Bengaluru,South,Grocery,445.55,0,0,0,500.0,17.5,467.3,32,14257.75
2024-02-26,S04,Bengaluru,South,Home & Kitchen,2197.94,0,0,0,5611.04,17.5,2285.98,33,72531.96
2024-02-27,S01,Mumbai,West,Clothing,1796.38,0,0,0,4144.13,15.5,1857.2,32,57484.21
2024-02-27,S01,Mumbai,West,Electronics,12219.9,20,1,0,7399.7,17.1,16200.04,44,537675.72
2024-02-27,S01,Mumbai,West,Grocery,449.32,0,0,0,4715.62,17.6,475.09,52,23364.63
2024-02-27,S01,Mumbai,West,Home & Kitchen,2129.99,0,0,0,4006.07,20.5,2039.24,24,51119.82
2024-02-27,S02,Pune,West,Clothing,1809.17,0,0,0,5045.03,16.3,1823.39,27,48847.65
2024-02-27,S02,Pune,West,Electronics,14976.13,0,0,0,6689.76,17.7,15611.37,22,329474.78
2024-02-27,S02,Pune,West,Grocery,462.37,0,0,0,7342.38,20.9,451.04,34,15720.56
2024-02-27,S02,Pune,West,Home & Kitchen,2215.61,0,0,0,4119.88,17.0,2104.78,25,55390.21
2024-02-27,S03,Delhi,North,Clothing,1567.34,15,1,0,6488.21,15.8,1992.33,39,61126.12
2024-02-27,S03,Delhi,North,Electronics,15565.04,0,0,0,4292.88,17.6,14910.9,28,435820.99
2024-02-27,S03,Delhi,North,Grocery,476.9,0,0,0,1999.81,13.2,447.61,37,17645.41
2024-02-27,S03,Delhi,North,Home & Kitchen,2260.97,0,0,0,1899.34,16.5,1961.32,20,45219.32
2024-02-27,S04,Bengaluru,South,Clothing,1481.2,20,1,0,1937.56,,1685.7,33,48879.5
2024-02-27,S04,Bengaluru,South,Electronics,14620.08,0,0,0,4689.08,16.6,14886.71,22,321641.72
2024-02-27,S04,Bengaluru,South,Grocery,445.57,0,0,0,7521.84,14.8,456.59,31,13812.59
2024-02-27,S04,Bengaluru,South,Home & Kitchen,2153.5,0,0,0,6454.3,,2129.78,28,60297.9
2024-02-28,S01,Mumbai,West,Clothing,1694.19,5,1,0,5661.34,13.2,,44,74544.2
2024-02-28,S01,Mumbai,West,Electronics,13956.33,5,1,0,4542.92,17.1,15316.85,28,390777.36
2024-02-28,S01,Mumbai,West,Grocery,440.52,0,0,0,4721.82,15.6,433.71,41,18061.48
2024-02-28,S01,Mumbai,West,Home & Kitchen,2173.78,0,0,0,3775.38,18.3,1939.69,30,65213.29
2024-02-28,S02,Pune,West,Clothing,1825.64,0,0,0,6297.8,16.2,1851.83,23,41989.82
2024-02-28,S02,Pune,West,Electronics,15504.99,0,0,0,4517.64,13.2,15978.35,17,263584.84
2024-02-28,S02,Pune,West,Grocery,336.63,25,1,0,4231.28,14.8,444.99,61,20534.13
2024-02-28,S02,Pune,West,Home & Kitchen,2158.72,0,0,0,6912.25,16.7,2033.31,26,56126.84
2024-02-28,S03,Delhi,North,Clothing,1860.09,0,0,0,4927.96,16.4,1767.36,28,52082.4
2024-02-28,S03,Delhi,North,Electronics,15620.92,0,0,0,7046.33,19.6,,31,484248.53
2024-02-28,S03,Delhi,North,Grocery,457.54,0,0,0,8628.39,19.1,469.07,36,16471.3
2024-02-28,S03,Delhi,North,Home & Kitchen,2159.25,0,0,0,7129.07,17.1,2255.16,29,62618.11
2024-02-28,S04,Bengaluru,South,Clothing,1788.27,0,0,0,3655.54,16.1,1714.89,24,42918.49
2024-02-28,S04,Bengaluru,South,Electronics,15120.99,0,0,0,5446.02,13.9,14836.49,21,317540.7
2024-02-28,S04,Bengaluru,South,Grocery,449.72,0,0,0,6003.58,16.7,448.42,36,16190.1
2024-02-28,S04,Bengaluru,South,Home & Kitchen,2192.59,0,0,0,3448.17,17.2,2359.5,21,46044.31
2024-02-29,S01,Mumbai,West,Clothing,1555.72,20,1,0,4178.35,20.5,1766.87,37,57561.76
2024-02-29,S01,Mumbai,West,Electronics,15035.85,0,0,0,6317.09,16.9,15544.52,31,466111.43
2024-02-29,S01,Mumbai,West,Grocery,412.12,5,1,0,5428.39,19.4,460.58,51,21018.25
2024-02-29,S01,Mumbai,West,Home & Kitchen,2243.31,0,0,0,3261.98,21.8,2224.7,31,69542.69
2024-02-29,S02,Pune,West,Clothing,1817.48,0,0,0,6907.14,20.1,1836.99,25,45436.96
2024-02-29,S02,Pune,West,Electronics,14815.23,0,0,0,5166.28,14.3,14536.53,17,251858.84
2024-02-29,S02,Pune,West,Grocery,457.68,0,0,0,6026.99,17.6,473.16,39,17849.63
2024-02-29,S02,Pune,West,Home & Kitchen,2182.91,0,0,0,5579.06,12.1,2010.61,26,56755.66
2024-02-29,S03,Delhi,North,Clothing,1866.42,0,0,0,6362.07,19.3,1780.13,33,61591.92
2024-02-29,S03,Delhi,North,Electronics,15575.67,0,0,0,4841.22,17.3,14480.87,20,311513.46
2024-02-29,S03,Delhi,North,Grocery,437.58,0,0,0,3938.07,17.0,467.46,30,13127.27
2024-02-29,S03,Delhi,North,Home & Kitchen,2216.57,0,0,0,4739.72,19.5,2210.82,18,39898.31
2024-02-29,S04,Bengaluru,South,Clothing,1865.16,0,0,0,4763.46,19.6,,26,48494.12
2024-02-29,S04,Bengaluru,South,Electronics,14642.98,0,0,0,6845.52,20.1,16076.2,30,439289.38
2024-02-29,S04,Bengaluru,South,Grocery,431.12,0,0,0,4712.61,15.2,436.55,24,10346.92
2024-02-29,S04,Bengaluru,South,Home & Kitchen,2304.4,0,0,0,6988.59,16.4,2138.28,21,48392.37
2024-03-01,S01,Mumbai,West,Clothing,1716.89,0,0,0,6249.43,18.9,1826.43,50,85844.56
2024-03-01,S01,Mumbai,West,Electronics,14715.04,0,0,0,,18.7,15876.95,20,294300.71
2024-03-01,S01,Mumbai,West,Grocery,452.76,0,0,0,4337.83,20.0,437.46,45,20374.03
2024-03-01,S01,Mumbai,West,Home & Kitchen,2142.85,0,0,0,6232.68,15.7,2184.8,32,68571.14
2024-03-01,S02,Pune,West,Clothing,1821.27,0,0,0,5784.39,17.9,1807.39,19,34604.06
2024-03-01,S02,Pune,West,Electronics,14927.46,5,1,0,5642.49,19.0,15022.35,25,373186.53
2024-03-01,S02,Pune,West,Grocery,471.87,0,0,0,3782.34,21.0,418.7,37,17459.2
2024-03-01,S02,Pune,West,Home & Kitchen,1771.23,25,1,0,6733.23,20.5,2232.93,57,100960.17
2024-03-01,S03,Delhi,North,Clothing,1522.63,15,1,0,6086.78,,1884.33,51,77654.14
2024-03-01,S03,Delhi,North,Electronics,15007.46,0,0,0,4220.78,18.9,15095.05,28,420208.94
2024-03-01,S03,Delhi,North,Grocery,444.88,5,1,0,4783.88,22.1,446.98,36,16015.82
2024-03-01,S03,Delhi,North,Home & Kitchen,2275.74,0,0,0,3293.35,17.6,2266.54,25,56893.62
2024-03-01,S04,Bengaluru,South,Clothing,1797.52,0,0,0,6802.12,24.3,1654.58,30,53925.73
2024-03-01,S04,Bengaluru,South,Electronics,14890.21,5,1,0,5349.95,20.0,16782.66,23,342474.74
2024-03-01,S04,Bengaluru,South,Grocery,453.9,0,0,0,6522.1,21.0,448.88,37,16794.41
2024-03-01,S04,Bengaluru,South,Home & Kitchen,2156.38,0,0,0,6820.25,20.8,2471.07,30,64691.46
2024-03-02,S01,Mumbai,West,Clothing,1851.76,0,0,0,6270.1,16.7,1816.93,46,85180.95
2024-03-02,S01,Mumbai,West,Electronics,15252.69,0,0,0,5492.55,17.0,14122.74,32,488086.19
2024-03-02,S01,Mumbai,West,Grocery,442.52,0,0,0,6143.29,18.2,439.78,64,28321.29
2024-03-02,S01,Mumbai,West,Home & Kitchen,2185.12,0,0,0,6801.7,17.6,2051.19,35,76479.29
2024-03-02,S02,Pune,West,Clothing,1871.21,0,0,0,5896.46,21.5,1738.91,35,65492.5
2024-03-02,S02,Pune,West,Electronics,14792.61,0,0,0,5761.09,17.8,14170.32,26,384607.79
2024-03-02,S02,Pune,West,Grocery,422.94,0,0,0,4843.6,20.3,,29,12265.21
2024-03-02,S02,Pune,West,Home & Kitchen,2207.07,0,0,0,5846.22,16.0,1933.38,32,70626.14
2024-03-02,S03,Delhi,North,Clothing,1425.77,25,1,0,5440.31,23.4,1972.81,68,96952.5
2024-03-02,S03,Delhi,North,Electronics,15400.46,0,0,0,2625.75,21.9,15582.34,27,415812.49
2024-03-02,S03,Delhi,North,Grocery,434.93,0,0,0,6896.27,19.7,404.34,58,25226.19
2024-03-02,S03,Delhi,North,Home & Kitchen,2246.82,0,0,0,5004.56,21.8,2324.15,35,78638.86
2024-03-02,S04,Bengaluru,South,Clothing,1798.92,0,0,0,4482.74,21.6,1959.83,38,68359.02
2024-03-02,S04,Bengaluru,South,Electronics,14690.65,0,0,0,5023.07,20.4,14755.93,35,514172.58
2024-03-02,S04,Bengaluru,South,Grocery,469.25,0,0,0,3324.01,19.8,428.25,43,20177.92
2024-03-02,S04,Bengaluru,South,Home & Kitchen,2206.52,0,0,0,5596.5,16.4,2232.92,35,77228.13
2024-03-03,S01,Mumbai,West,Clothing,1753.42,0,0,0,6108.42,21.8,1854.22,51,89424.2
2024-03-03,S01,Mumbai,West,Electronics,15061.55,0,0,0,5268.11,20.2,15566.15,28,421723.35
2024-03-03,S01,Mumbai,West,Grocery,381.68,15,1,0,2812.68,19.1,418.22,65,24808.99
2024-03-03,S01,Mumbai,West,Home & Kitchen,2192.96,0,0,0,4618.14,19.3,2011.84,38,83332.46
2024-03-03,S02,Pune,West,Clothing,1830.9,0,0,0,7485.41,22.8,1859.62,29,53096.06
2024-03-03,S02,Pune,West,Electronics,11132.79,25,1,0,7877.3,20.1,14903.2,34,378514.84
2024-03-03,S02,Pune,West,Grocery,336.84,25,1,0,4292.36,20.2,427.76,61,20547.11
2024-03-03,S02,Pune,West,Home & Kitchen,2096.76,0,0,0,3561.6,21.1,2279.88,26,54515.88
2024-03-03,S03,Delhi,North,Clothing,1840.83,0,0,0,4629.49,18.3,1776.19,41,75474.06
2024-03-03,S03,Delhi,North,Electronics,14542.09,0,0,0,3059.43,20.3,13909.68,25,363552.23
2024-03-03,S03,Delhi,North,Grocery,450.13,0,0,0,3348.18,19.2,454.48,45,20255.74
2024-03-03,S03,Delhi,North,Home & Kitchen,2198.09,0,0,0,8901.95,20.5,2172.2,42,92319.83
2024-03-03,S04,Bengaluru,South,Clothing,1761.85,0,0,0,3791.7,20.1,1739.1,31,54617.31
2024-03-03,S04,Bengaluru,South,Electronics,14597.74,0,0,0,4393.37,21.8,16734.15,38,554714.3
2024-03-03,S04,Bengaluru,South,Grocery,445.05,0,0,0,6805.44,22.3,480.83,51,22697.7
2024-03-03,S04,Bengaluru,South,Home & Kitchen,1918.53,10,1,0,7709.69,17.2,2054.26,38,72904.08
2024-03-04,S01,Mumbai,West,Clothing,1807.08,0,0,0,5806.29,18.5,1854.43,29,52405.45
2024-03-04,S01,Mumbai,West,Electronics,14058.36,5,1,0,4890.67,18.5,14779.07,31,435809.04
2024-03-04,S01,Mumbai,West,Grocery,446.78,0,0,0,7361.42,23.9,443.56,45,20104.94
2024-03-04,S01,Mumbai,West,Home & Kitchen,2133.22,0,0,0,4973.55,23.0,2412.37,29,61863.28
2024-03-04,S02,Pune,West,Clothing,1825.95,0,0,0,6141.74,21.6,1766.3,31,56604.54
2024-03-04,S02,Pune,West,Electronics,14790.06,0,0,0,6253.45,20.4,16158.21,15,221850.93
2024-03-04,S02,Pune,West,Grocery,437.93,0,0,0,4473.93,21.7,476.83,25,10948.25
2024-03-04,S02,Pune,West,Home & Kitchen,2242.43,0,0,0,,20.3,2255.68,21,47090.98
2024-03-04,S03,Delhi,North,Clothing,1748.71,0,0,0,6876.97,19.6,1911.25,49,85686.65
2024-03-04,S03,Delhi,North,Electronics,15723.21,0,0,0,5882.82,20.4,15094.66,25,393080.14
2024-03-04,S03,Delhi,North,Grocery,451.56,0,0,0,5557.68,18.7,461.84,41,18513.84
2024-03-04,S03,Delhi,North,Home & Kitchen,2081.46,0,0,0,5006.29,20.8,1904.33,31,64525.27
2024-03-04,S04,Bengaluru,South,Clothing,1798.44,0,0,0,4537.8,18.3,1640.8,31,55751.74
2024-03-04,S04,Bengaluru,South,Electronics,15010.79,0,0,0,4594.68,19.6,14733.31,24,360259.0
2024-03-04,S04,Bengaluru,South,Grocery,451.33,0,0,0,5426.78,18.0,430.19,31,13991.18
2024-03-04,S04,Bengaluru,South,Home & Kitchen,2003.87,10,1,0,5054.0,21.8,2343.98,31,62119.84
2024-03-05,S01,Mumbai,West,Clothing,1841.77,5,1,0,6132.46,22.2,1565.48,46,84721.35
2024-03-05,S01,Mumbai,West,Electronics,14527.42,0,0,0,4965.97,20.2,13112.93,14,203383.92
2024-03-05,S01,Mumbai,West,Grocery,444.0,0,0,0,5203.29,21.3,462.26,55,24420.01
2024-03-05,S01,Mumbai,West,Home & Kitchen,2038.98,0,0,0,3310.5,19.8,2250.93,29,59130.28
2024-03-05,S02,Pune,West,Clothing,1705.9,0,0,0,3799.61,20.9,1802.58,27,46059.42
2024-03-05,S02,Pune,West,Electronics,12823.61,15,1,0,5160.0,,15808.91,32,410355.62
2024-03-05,S02,Pune,West,Grocery,456.02,0,0,0,4485.56,20.8,482.77,32,14592.56
2024-03-05,S02,Pune,West,Home & Kitchen,2047.08,10,1,0,6849.12,21.6,2166.7,29,59365.38
2024-03-05,S03,Delhi,North,Clothing,1763.89,0,0,0,5303.58,21.0,1876.27,34,59972.33
2024-03-05,S03,Delhi,North,Electronics,14571.53,0,0,0,5353.17,21.6,15723.69,25,364288.28
2024-03-05,S03,Delhi,North,Grocery,377.8,15,1,0,5166.78,21.4,435.32,55,20778.8
2024-03-05,S03,Delhi,North,Home & Kitchen,2177.55,0,0,0,7872.04,19.8,2171.76,24,52261.29
2024-03-05,S04,Bengaluru,South,Clothing,1664.31,10,1,0,5435.61,22.5,1751.27,38,63243.74
2024-03-05,S04,Bengaluru,South,Electronics,14280.62,0,0,0,6684.94,19.4,15567.5,22,314173.56
2024-03-05,S04,Bengaluru,South,Grocery,372.9,15,1,0,6544.46,20.1,421.86,51,19017.74
2024-03-05,S04,Bengaluru,South,Home & Kitchen,1712.01,25,1,0,3445.02,18.9,2157.69,34,58208.32
2024-03-06,S01,Mumbai,West,Clothing,1748.03,0,0,0,4213.43,18.5,1778.36,33,57685.06
2024-03-06,S01,Mumbai,West,Electronics,15120.5,0,0,0,4066.19,18.4,13403.87,25,378012.46
2024-03-06,S01,Mumbai,West,Grocery,453.97,0,0,0,5915.03,22.1,448.51,43,19520.55
2024-03-06,S01,Mumbai,West,Home & Kitchen,2132.25,0,0,0,5106.53,17.1,2202.16,33,70364.26
2024-03-06,S02,Pune,West,Clothing,1578.36,15,1,0,8279.96,19.7,1815.82,58,91544.62
2024-03-06,S02,Pune,West,Electronics,14825.31,0,0,0,6813.57,21.1,15101.26,14,207554.37
2024-03-06,S02,Pune,West,Grocery,459.33,0,0,0,5618.41,19.7,438.17,29,13320.66
2024-03-06,S02,Pune,West,Home & Kitchen,2244.58,0,0,0,5160.62,18.7,2312.92,29,65092.91
2024-03-06,S03,Delhi,North,Clothing,1808.15,0,0,0,4947.31,21.3,1731.53,35,63285.19
2024-03-06,S03,Delhi,North,Electronics,15564.36,0,0,0,6223.56,19.8,14690.45,26,404673.42
2024-03-06,S03,Delhi,North,Grocery,448.35,0,0,0,4620.97,18.4,453.62,45,20175.83
2024-03-06,S03,Delhi,North,Home & Kitchen,2340.22,0,0,0,3594.61,24.2,2074.05,16,37443.45
2024-03-06,S04,Bengaluru,South,Clothing,1792.46,0,0,0,7158.58,19.7,1597.16,27,48396.32
2024-03-06,S04,Bengaluru,South,Electronics,14610.38,0,0,0,5656.09,22.5,14215.5,24,350649.17
2024-03-06,S04,Bengaluru,South,Grocery,440.26,0,0,0,4446.21,20.2,516.93,35,15409.08
2024-03-06,S04,Bengaluru,South,Home & Kitchen,1997.06,10,1,0,5058.71,18.4,1994.82,29,57914.6
2024-03-07,S01,Mumbai,West,Clothing,1760.91,0,0,0,3777.55,18.9,1846.61,33,58110.06
2024-03-07,S01,Mumbai,West,Electronics,14454.28,0,0,0,3392.45,17.8,14236.41,24,346902.64
2024-03-07,S01,Mumbai,West,Grocery,457.49,0,0,0,6087.62,17.9,425.26,46,21044.35
2024-03-07,S01,Mumbai,West,Home & Kitchen,2217.22,0,0,0,5344.95,19.5,2441.48,31,68733.77
2024-03-07,S02,Pune,West,Clothing,1783.92,0,0,0,4814.42,23.7,1877.04,35,62437.05
2024-03-07,S02,Pune,West,Electronics,15219.27,0,0,0,3625.47,18.8,12980.08,21,319604.57
2024-03-07,S02,Pune,West,Grocery,443.65,0,0,0,6335.54,18.7,440.33,42,18633.24
2024-03-07,S02,Pune,West,Home & Kitchen,2188.33,0,0,0,4409.55,20.1,2171.39,20,43766.66
2024-03-07,S03,Delhi,North,Clothing,1847.55,0,0,0,4346.82,20.8,1798.37,40,73901.95
2024-03-07,S03,Delhi,North,Electronics,15469.6,0,0,0,4155.73,18.1,14589.84,24,371270.35
2024-03-07,S03,Delhi,North,Grocery,338.14,25,1,0,6089.47,20.8,449.35,72,24346.11
2024-03-07,S03,Delhi,North,Home & Kitchen,2183.63,0,0,0,7190.44,18.4,2357.6,32,69876.02
2024-03-07,S04,Bengaluru,South,Clothing,1810.7,0,0,0,6582.72,19.5,1646.42,33,59753.13
2024-03-07,S04,Bengaluru,South,Electronics,14254.75,0,0,0,5462.09,18.4,14337.42,24,342114.1
2024-03-07,S04,Bengaluru,South,Grocery,393.79,15,1,0,5538.44,19.7,446.79,62,24414.74
2024-03-07,S04,Bengaluru,South,Home & Kitchen,1632.08,25,1,0,8140.5,20.9,2408.32,43,70179.6
2024-03-08,S01,Mumbai,West,Clothing,1799.05,0,0,0,6934.86,20.7,1763.06,32,57569.74
2024-03-08,S01,Mumbai,West,Electronics,15192.37,0,0,0,4469.58,20.5,15398.42,27,410193.89
2024-03-08,S01,Mumbai,West,Grocery,476.53,0,0,0,3937.91,18.6,415.73,31,14772.47
2024-03-08,S01,Mumbai,West,Home & Kitchen,2232.09,0,0,0,4670.9,17.6,2312.43,23,51337.97
2024-03-08,S02,Pune,West,Clothing,1804.28,0,0,0,5049.92,19.5,1973.51,37,66758.26
2024-03-08,S02,Pune,West,Electronics,11826.84,20,1,0,4663.53,19.9,14508.16,20,236536.89
2024-03-08,S02,Pune,West,Grocery,442.95,0,0,0,6824.27,19.7,447.54,43,19046.95
2024-03-08,S02,Pune,West,Home & Kitchen,2139.45,0,0,0,4927.87,21.4,2246.04,26,55625.81
2024-03-08,S03,Delhi,North,Clothing,1787.64,0,0,0,4519.21,17.4,1796.34,27,48266.33
2024-03-08,S03,Delhi,North,Electronics,15466.74,0,0,0,2538.04,19.7,14361.88,21,324801.51
2024-03-08,S03,Delhi,North,Grocery,435.51,0,0,0,3209.53,20.1,428.55,27,11758.78
2024-03-08,S03,Delhi,North,Home & Kitchen,2199.66,0,0,0,4158.39,18.9,2159.21,24,52791.9
2024-03-08,S04,Bengaluru,South,Clothing,1887.37,0,0,0,4094.19,22.3,1808.94,34,64170.62
2024-03-08,S04,Bengaluru,South,Electronics,15095.52,0,0,0,4795.49,21.8,14755.93,25,377388.08
2024-03-08,S04,Bengaluru,South,Grocery,452.17,0,0,0,5896.64,22.2,430.51,40,18086.89
2024-03-08,S04,Bengaluru,South,Home & Kitchen,1955.7,10,1,0,8273.89,19.7,2501.28,33,64538.07
2024-03-09,S01,Mumbai,West,Clothing,1315.69,25,1,0,7376.65,21.2,1803.26,71,93413.83
2024-03-09,S01,Mumbai,West,Electronics,16181.92,0,0,0,3344.02,20.3,15085.35,29,469275.63
2024-03-09,S01,Mumbai,West,Grocery,460.23,0,0,0,3628.46,18.6,497.52,45,20710.47
2024-03-09,S01,Mumbai,West,Home & Kitchen,2232.63,0,0,0,5594.11,17.2,2394.62,48,107166.14
2024-03-09,S02,Pune,West,Clothing,1731.26,0,0,0,5160.32,21.9,1733.6,42,72713.06
2024-03-09,S02,Pune,West,Electronics,15355.85,0,0,0,4808.3,18.0,15076.8,22,337828.81
2024-03-09,S02,Pune,West,Grocery,452.75,0,0,0,4022.05,19.6,463.98,52,23543.07
2024-03-09,S02,Pune,West,Home & Kitchen,2141.08,0,0,0,3289.78,18.1,1984.6,33,70655.53
2024-03-09,S03,Delhi,North,Clothing,1747.56,0,0,0,6620.95,18.1,1707.16,35,61164.66
2024-03-09,S03,Delhi,North,Electronics,15929.51,0,0,0,4255.53,22.2,16500.27,36,573462.43
2024-03-09,S03,Delhi,North,Grocery,453.69,0,0,0,4814.77,17.9,447.75,58,26314.05
2024-03-09,S03,Delhi,North,Home & Kitchen,2211.19,0,0,0,3845.56,20.2,2292.55,30,66335.76
2024-03-09,S04,Bengaluru,South,Clothing,1734.85,0,0,0,4483.25,13.8,1659.09,40,69393.83
2024-03-09,S04,Bengaluru,South,Electronics,15417.46,0,0,0,3690.01,17.7,15623.52,37,570445.87
2024-03-09,S04,Bengaluru,South,Grocery,413.05,10,1,0,4415.2,19.8,467.24,52,21478.66
2024-03-09,S04,Bengaluru,South,Home & Kitchen,2207.42,0,0,0,3225.33,21.9,2258.29,37,81674.66
2024-03-10,S01,Mumbai,West,Clothing,1847.74,0,0,0,3960.04,21.5,1867.56,44,81300.52
2024-03-10,S01,Mumbai,West,Electronics,13266.44,15,1,0,,21.2,15138.28,41,543924.04
2024-03-10,S01,Mumbai,West,Grocery,377.21,20,1,0,4141.92,20.4,457.32,75,28290.88
2024-03-10,S01,Mumbai,West,Home & Kitchen,1792.19,20,1,0,6555.68,24.0,2070.21,68,121868.61
2024-03-10,S02,Pune,West,Clothing,1912.85,0,0,0,6453.3,19.7,1804.73,35,66949.86
2024-03-10,S02,Pune,West,Electronics,15683.27,0,0,0,6570.2,20.6,14838.06,28,439131.42
2024-03-10,S02,Pune,West,Grocery,432.81,0,0,0,5539.8,19.6,427.54,52,22506.21
2024-03-10,S02,Pune,West,Home & Kitchen,2187.48,0,0,0,5921.23,21.2,1953.4,34,74374.23
2024-03-10,S03,Delhi,North,Clothing,1842.69,0,0,0,3625.5,20.7,1814.78,52,95819.67
2024-03-10,S03,Delhi,North,Electronics,15473.58,0,0,0,8056.89,23.8,16119.9,25,386839.53
2024-03-10,S03,Delhi,North,Grocery,405.04,10,1,0,7846.72,19.1,438.54,72,29162.62
2024-03-10,S03,Delhi,North,Home & Kitchen,2228.2,0,0,0,3590.65,20.8,2360.71,35,77987.1
2024-03-10,S04,Bengaluru,South,Clothing,1749.25,0,0,0,2211.04,19.9,1663.66,32,55976.07
2024-03-10,S04,Bengaluru,South,Electronics,14806.64,0,0,0,6029.68,18.5,15155.78,25,370166.04
2024-03-10,S04,Bengaluru,South,Grocery,430.93,5,1,0,3791.95,17.9,419.96,49,21115.38
2024-03-10,S04,Bengaluru,South,Home & Kitchen,2124.34,5,1,0,3843.49,19.2,2271.41,31,65854.68
2024-03-11,S01,Mumbai,West,Clothing,1771.14,0,0,0,5059.75,19.8,1807.28,32,56676.33
2024-03-11,S01,Mumbai,West,Electronics,15323.26,0,0,0,3274.87,24.4,16463.21,22,337111.64
2024-03-11,S01,Mumbai,West,Grocery,438.95,0,0,0,4629.4,19.7,431.46,44,19313.75
2024-03-11,S01,Mumbai,West,Home & Kitchen,2158.66,0,0,0,3418.79,19.3,2066.09,31,66918.4
2024-03-11,S02,Pune,West,Clothing,1666.39,0,0,0,7623.28,16.3,1666.4,36,59990.12
2024-03-11,S02,Pune,West,Electronics,15034.9,0,0,0,3244.77,20.2,15024.58,20,300697.92
2024-03-11,S02,Pune,West,Grocery,431.77,5,1,0,4023.3,20.2,447.54,40,17270.94
2024-03-11,S02,Pune,West,Home & Kitchen,1631.84,25,1,0,3416.4,21.1,2174.11,37,60378.17
2024-03-11,S03,Delhi,North,Clothing,1739.69,0,0,0,6004.55,16.9,1807.2,47,81765.36
2024-03-11,S03,Delhi,North,Electronics,14403.04,0,0,0,3552.76,17.6,14778.84,31,446494.11
2024-03-11,S03,Delhi,North,Grocery,476.24,0,0,0,4888.08,20.0,458.44,31,14763.53
2024-03-11,S03,Delhi,North,Home & Kitchen,2156.76,0,0,0,4514.09,20.4,2117.75,15,32351.33
2024-03-11,S04,Bengaluru,South,Clothing,1816.14,0,0,0,5947.74,17.1,1804.87,30,54484.27
2024-03-11,S04,Bengaluru,South,Electronics,12451.56,20,1,0,7493.14,20.6,13766.45,23,286385.81
2024-03-11,S04,Bengaluru,South,Grocery,447.88,0,0,0,6641.44,20.8,434.38,39,17467.45
2024-03-11,S04,Bengaluru,South,Home & Kitchen,2257.38,0,0,0,3663.47,22.5,2251.43,23,51919.84
2024-03-12,S01,Mumbai,West,Clothing,1835.32,0,0,0,4549.83,21.1,1935.71,29,53224.18
2024-03-12,S01,Mumbai,West,Electronics,11969.18,20,1,0,7281.56,20.6,14048.18,48,574520.71
2024-03-12,S01,Mumbai,West,Grocery,364.13,15,1,0,7258.57,19.0,,70,25489.04
2024-03-12,S01,Mumbai,West,Home & Kitchen,2144.52,0,0,0,6789.57,20.3,2267.88,35,75058.19
2024-03-12,S02,Pune,West,Clothing,1880.36,0,0,0,5036.63,19.5,1933.33,32,60171.46
2024-03-12,S02,Pune,West,Electronics,15998.25,0,0,0,,17.6,15181.94,20,319964.96
2024-03-12,S02,Pune,West,Grocery,438.96,0,0,0,4833.97,17.2,442.95,34,14924.67
2024-03-12,S02,Pune,West,Home & Kitchen,2163.16,0,0,0,3775.61,19.7,2246.51,24,51915.78
2024-03-12,S03,Delhi,North,Clothing,1362.31,25,1,0,7271.91,18.2,1833.73,77,104897.67
2024-03-12,S03,Delhi,North,Electronics,15265.43,0,0,0,4945.36,23.3,15885.21,27,412166.74
2024-03-12,S03,Delhi,North,Grocery,470.03,0,0,0,10247.86,19.4,436.72,35,16451.14
2024-03-12,S03,Delhi,North,Home & Kitchen,2250.03,0,0,0,6463.85,19.9,2208.31,31,69750.92
2024-03-12,S04,Bengaluru,South,Clothing,1707.37,0,0,0,4922.57,21.1,1806.57,39,66587.61
2024-03-12,S04,Bengaluru,South,Electronics,14617.41,0,0,0,6308.21,22.9,13999.94,20,292348.21
2024-03-12,S04,Bengaluru,South,Grocery,466.37,0,0,0,5811.1,23.6,468.05,32,14923.95
2024-03-12,S04,Bengaluru,South,Home & Kitchen,2131.32,0,0,0,2092.63,19.3,2268.61,21,44757.68
2024-03-13,S01,Mumbai,West,Clothing,1728.22,0,0,0,3307.68,21.5,1901.43,31,53574.94
2024-03-13,S01,Mumbai,West,Electronics,14127.56,0,0,0,3227.78,21.0,14979.42,15,211913.42
2024-03-13,S01,Mumbai,West,Grocery,449.81,0,0,0,4124.36,19.3,499.26,44,19791.43
2024-03-13,S01,Mumbai,West,Home & Kitchen,2224.75,0,0,0,4688.53,19.8,2245.59,29,64517.86
2024-03-13,S02,Pune,West,Clothing,1822.96,0,0,0,7596.89,19.7,1803.95,31,56511.72
2024-03-13,S02,Pune,West,Electronics,15507.39,0,0,0,4917.88,19.7,14599.74,31,480729.03
2024-03-13,S02,Pune,West,Grocery,459.9,0,0,0,5064.11,17.9,424.1,22,10117.89
2024-03-13,S02,Pune,West,Home & Kitchen,2280.21,0,0,0,6022.68,23.2,2304.53,22,50164.64
2024-03-13,S03,Delhi,North,Clothing,1802.33,0,0,0,5323.44,20.1,1806.29,37,66686.21
2024-03-13,S03,Delhi,North,Electronics,10612.34,25,1,0,1655.58,19.3,14605.43,31,328982.61
2024-03-13,S03,Delhi,North,Grocery,440.1,0,0,0,5137.42,23.8,433.99,37,16283.78
2024-03-13,S03,Delhi,North,Home & Kitchen,2226.98,0,0,0,,21.1,2204.32,27,60128.44
2024-03-13,S04,Bengaluru,South,Clothing,1827.53,0,0,0,5581.66,23.2,1844.78,22,40205.74
2024-03-13,S04,Bengaluru,South,Electronics,14790.13,0,0,0,4963.9,20.3,13703.73,22,325382.75
2024-03-13,S04,Bengaluru,South,Grocery,425.89,0,0,0,3572.53,18.6,498.24,48,20442.93
2024-03-13,S04,Bengaluru,South,Home & Kitchen,2168.02,0,0,0,4084.13,21.9,2166.74,26,56368.39
2024-03-14,S01,Mumbai,West,Clothing,1702.43,0,0,0,5266.48,20.4,1789.33,46,78311.83
2024-03-14,S01,Mumbai,West,Electronics,14404.97,0,0,0,4150.56,17.8,15228.33,29,417744.16
2024-03-14,S01,Mumbai,West,Grocery,461.58,0,0,0,5911.9,18.4,463.96,51,23540.75
2024-03-14,S01,Mumbai,West,Home & Kitchen,2186.02,0,0,0,7513.36,19.5,2337.46,21,45906.51
2024-03-14,S02,Pune,West,Clothing,1697.11,0,0,0,5246.88,19.7,1773.03,28,47519.2
2024-03-14,S02,Pune,West,Electronics,15962.21,0,0,0,4349.4,19.9,14994.35,16,255395.3
2024-03-14,S02,Pune,West,Grocery,432.21,0,0,0,3616.19,21.7,426.49,26,11237.42
2024-03-14,S02,Pune,West,Home & Kitchen,2260.8,0,0,0,5435.38,21.0,2180.5,21,47476.74
2024-03-14,S03,Delhi,North,Clothing,1727.51,0,0,0,4715.16,18.4,1739.95,34,58735.26
2024-03-14,S03,Delhi,North,Electronics,14958.99,0,0,0,4220.19,20.0,14883.29,29,433810.76
2024-03-14,S03,Delhi,North,Grocery,448.1,0,0,0,3205.12,20.5,413.15,40,17923.85
2024-03-14,S03,Delhi,North,Home & Kitchen,2086.32,0,0,0,6604.49,21.2,2442.69,25,52157.96
2024-03-14,S04,Bengaluru,South,Clothing,1317.51,25,1,0,7137.4,21.0,1820.72,57,75098.05
2024-03-14,S04,Bengaluru,South,Electronics,15402.68,0,0,0,3820.34,17.2,15237.87,23,354261.61
2024-03-14,S04,Bengaluru,South,Grocery,439.09,0,0,0,5169.77,19.8,473.05,39,17124.4
2024-03-14,S04,Bengaluru,South,Home & Kitchen,2066.02,10,1,0,6867.04,20.2,2199.76,23,47518.47
2024-03-15,S01,Mumbai,West,Clothing,1787.63,0,0,0,4376.76,19.7,1782.18,38,67930.12
2024-03-15,S01,Mumbai,West,Electronics,15577.26,0,0,0,4063.09,17.4,14447.8,22,342699.65
2024-03-15,S01,Mumbai,West,Grocery,459.47,0,0,0,1448.12,19.6,387.29,40,18378.63
2024-03-15,S01,Mumbai,West,Home & Kitchen,2259.87,0,0,0,5630.63,18.3,2020.61,36,81355.22
2024-03-15,S02,Pune,West,Clothing,1909.97,0,0,0,7103.25,18.7,1804.7,30,57298.96
2024-03-15,S02,Pune,West,Electronics,14972.46,0,0,0,6646.71,20.6,14887.92,14,209614.45
2024-03-15,S02,Pune,West,Grocery,442.34,0,0,0,5838.66,15.5,452.89,38,16808.99
2024-03-15,S02,Pune,West,Home & Kitchen,2283.62,0,0,0,4273.77,16.7,2227.12,17,38821.57
2024-03-15,S03,Delhi,North,Clothing,1895.97,0,0,0,2776.96,20.5,2020.15,31,58775.19
2024-03-15,S03,Delhi,North,Electronics,14809.92,0,0,0,4379.1,23.4,14205.04,23,340628.05
2024-03-15,S03,Delhi,North,Grocery,440.64,0,0,0,4217.68,19.6,499.65,47,20709.88
2024-03-15,S03,Delhi,North,Home & Kitchen,2032.08,0,0,0,3923.96,19.9,2339.27,29,58930.42
2024-03-15,S04,Bengaluru,South,Clothing,1775.51,0,0,0,7334.24,23.9,1794.82,42,74571.53
2024-03-15,S04,Bengaluru,South,Electronics,15322.25,0,0,0,5948.4,21.4,15110.25,30,459667.4
2024-03-15,S04,Bengaluru,South,Grocery,422.63,5,1,0,6091.81,20.4,,54,22821.98
2024-03-15,S04,Bengaluru,South,Home & Kitchen,2232.87,0,0,0,500.0,18.4,2179.22,17,37958.72
2024-03-16,S01,Mumbai,West,Clothing,1715.3,0,0,0,3571.2,17.1,1543.47,32,54889.62
2024-03-16,S01,Mumbai,West,Electronics,14644.61,0,0,0,6987.72,23.2,15021.25,45,659007.44
2024-03-16,S01,Mumbai,West,Grocery,419.72,10,1,0,5305.98,22.2,509.68,85,35676.05
2024-03-16,S01,Mumbai,West,Home & Kitchen,2225.17,0,0,0,7956.4,19.4,2277.4,39,86781.66
2024-03-16,S02,Pune,West,Clothing,1827.74,0,0,0,5297.65,21.3,1809.25,25,45693.58
2024-03-16,S02,Pune,West,Electronics,12114.49,15,1,0,4555.19,20.6,14472.6,32,387663.74
2024-03-16,S02,Pune,West,Grocery,439.86,0,0,0,4766.37,22.4,452.49,32,14075.51
2024-03-16,S02,Pune,West,Home & Kitchen,2147.97,0,0,0,2431.31,22.0,2286.49,24,51551.22
2024-03-16,S03,Delhi,North,Clothing,1800.9,0,0,0,5996.21,19.8,1819.53,39,70235.23
2024-03-16,S03,Delhi,North,Electronics,15287.03,0,0,0,5497.77,19.2,13617.66,23,351601.67
2024-03-16,S03,Delhi,North,Grocery,446.56,0,0,0,2098.24,19.3,439.82,43,19201.96
2024-03-16,S03,Delhi,North,Home & Kitchen,2164.56,0,0,0,4876.9,23.7,2082.93,25,54114.1
2024-03-16,S04,Bengaluru,South,Clothing,1568.81,15,1,0,5298.61,20.4,1851.27,56,87853.51
2024-03-16,S04,Bengaluru,South,Electronics,15205.36,0,0,0,6607.69,18.4,15095.86,38,577803.85
2024-03-16,S04,Bengaluru,South,Grocery,450.61,0,0,0,3926.32,21.9,481.39,46,20728.16
2024-03-16,S04,Bengaluru,South,Home & Kitchen,2099.25,5,1,0,5863.6,19.9,2200.81,51,107061.86
2024-03-17,S01,Mumbai,West,Clothing,1881.99,0,0,0,2781.3,21.2,1770.61,46,86571.38
2024-03-17,S01,Mumbai,West,Electronics,13216.8,10,1,0,6594.52,18.2,13800.04,50,660840.15
2024-03-17,S01,Mumbai,West,Grocery,415.76,0,0,0,6750.71,17.0,408.39,46,19124.81
2024-03-17,S01,Mumbai,West,Home & Kitchen,2284.73,0,0,0,6762.9,20.7,2308.82,41,93674.02
2024-03-17,S02,Pune,West,Clothing,1672.65,0,0,0,4261.36,21.5,1734.13,28,46834.23
2024-03-17,S02,Pune,West,Electronics,14682.24,0,0,0,8428.51,18.6,16384.75,39,572607.29
2024-03-17,S02,Pune,West,Grocery,445.97,0,0,0,5231.55,18.9,432.81,41,18284.97
2024-03-17,S02,Pune,West,Home & Kitchen,2139.23,0,0,0,4930.8,18.7,2185.95,34,72733.73
2024-03-17,S03,Delhi,North,Clothing,1735.96,0,0,0,2607.41,18.4,1916.99,45,78118.09
2024-03-17,S03,Delhi,North,Electronics,14629.65,0,0,0,4523.08,19.5,14564.87,26,380370.79
2024-03-17,S03,Delhi,North,Grocery,461.6,0,0,0,6616.42,19.5,424.56,47,21695.35
2024-03-17,S03,Delhi,North,Home & Kitchen,2120.08,0,0,0,,20.9,2132.83,30,63602.53
2024-03-17,S04,Bengaluru,South,Clothing,1732.06,0,0,0,5081.09,22.9,1881.62,41,71014.66
2024-03-17,S04,Bengaluru,South,Electronics,15499.48,0,0,0,6246.7,21.3,15087.93,28,433985.3
2024-03-17,S04,Bengaluru,South,Grocery,445.98,0,0,0,5332.0,21.5,443.59,52,23190.79
2024-03-17,S04,Bengaluru,South,Home & Kitchen,2251.71,0,0,0,7125.15,20.2,2067.89,27,60796.14
2024-03-18,S01,Mumbai,West,Clothing,1717.39,0,0,0,2654.29,20.1,1678.21,37,63543.45
2024-03-18,S01,Mumbai,West,Electronics,14925.46,0,0,0,4682.4,17.9,16057.43,30,447763.72
2024-03-18,S01,Mumbai,West,Grocery,466.92,0,0,0,4743.54,20.7,445.36,42,19610.44
2024-03-18,S01,Mumbai,West,Home & Kitchen,1626.96,25,1,0,6408.94,22.8,2302.98,65,105752.14
2024-03-18,S02,Pune,West,Clothing,1421.75,20,1,0,9459.78,19.4,1906.92,51,72509.24
2024-03-18,S02,Pune,West,Electronics,14728.14,0,0,0,4735.04,21.5,14642.66,18,265106.49
2024-03-18,S02,Pune,West,Grocery,468.58,0,0,0,6836.76,23.3,451.78,27,12651.68
2024-03-18,S02,Pune,West,Home & Kitchen,2205.11,0,0,0,4054.74,21.6,2264.6,25,55127.68
2024-03-18,S03,Delhi,North,Clothing,1802.62,0,0,0,5250.25,18.5,1839.43,34,61289.14
2024-03-18,S03,Delhi,North,Electronics,14643.15,0,0,0,2722.13,18.7,14681.24,18,263576.78
2024-03-18,S03,Delhi,North,Grocery,448.61,0,0,0,7408.2,18.8,463.58,52,23327.97
2024-03-18,S03,Delhi,North,Home & Kitchen,2220.41,0,0,0,7717.89,19.4,2148.97,34,75494.11
2024-03-18,S04,Bengaluru,South,Clothing,1692.29,0,0,0,7349.6,16.8,1805.61,33,55845.6
2024-03-18,S04,Bengaluru,South,Electronics,14976.84,0,0,0,3817.58,20.6,14430.77,26,389397.85
2024-03-18,S04,Bengaluru,South,Grocery,452.82,0,0,0,4959.56,20.2,417.05,37,16754.49
2024-03-18,S04,Bengaluru,South,Home & Kitchen,2045.62,0,0,0,6366.8,19.8,2306.89,25,51140.54
2024-03-19,S01,Mumbai,West,Clothing,1743.96,0,0,0,4442.86,19.2,1819.91,28,48831.02
2024-03-19,S01,Mumbai,West,Electronics,14522.08,0,0,0,5748.08,19.9,14488.79,27,392096.14
2024-03-19,S01,Mumbai,West,Grocery,454.53,0,0,0,3756.28,22.8,424.5,42,19090.21
2024-03-19,S01,Mumbai,West,Home & Kitchen,2270.46,0,0,0,3915.34,21.9,2155.26,24,54490.97
2024-03-19,S02,Pune,West,Clothing,1828.86,0,0,0,4118.17,19.4,1858.03,16,29261.82
2024-03-19,S02,Pune,West,Electronics,14571.14,0,0,0,5224.76,21.0,13309.34,25,364278.46
2024-03-19,S02,Pune,West,Grocery,461.42,0,0,0,4358.48,22.5,435.44,31,14304.04
2024-03-19,S02,Pune,West,Home & Kitchen,2227.39,0,0,0,5720.63,20.6,2075.83,15,33410.83
2024-03-19,S03,Delhi,North,Clothing,1706.57,0,0,0,5078.14,22.6,1935.63,42,71676.09
2024-03-19,S03,Delhi,North,Electronics,15225.54,0,0,0,4004.14,20.1,15319.93,20,304510.75
2024-03-19,S03,Delhi,North,Grocery,332.45,25,1,0,7517.31,18.4,454.21,76,25266.02
2024-03-19,S03,Delhi,North,Home & Kitchen,2066.53,5,1,0,6931.55,22.5,2110.65,23,47530.14
2024-03-19,S04,Bengaluru,South,Clothing,1685.51,0,0,0,4739.62,20.4,1845.56,27,45508.85
2024-03-19,S04,Bengaluru,South,Electronics,15136.33,0,0,0,5553.21,17.0,15126.28,26,393544.7
2024-03-19,S04,Bengaluru,South,Grocery,468.49,0,0,0,6357.17,19.1,434.25,36,16865.5
2024-03-19,S04,Bengaluru,South,Home & Kitchen,2244.43,0,0,0,5596.66,18.4,2212.06,31,69577.37
2024-03-20,S01,Mumbai,West,Clothing,1548.99,15,1,0,5846.83,22.6,1813.76,51,78998.24
2024-03-20,S01,Mumbai,West,Electronics,14447.95,0,0,0,1839.21,19.8,16523.55,16,231167.27
2024-03-20,S01,Mumbai,West,Grocery,429.16,0,0,0,4014.74,19.6,433.35,47,20170.32
2024-03-20,S01,Mumbai,West,Home & Kitchen,2334.29,0,0,0,3947.65,17.6,2257.05,24,56022.93
2024-03-20,S02,Pune,West,Clothing,1703.26,10,1,0,4821.34,17.9,1870.58,38,64724.01
2024-03-20,S02,Pune,West,Electronics,14011.84,0,0,0,7314.36,18.6,16337.45,23,322272.39
2024-03-20,S02,Pune,West,Grocery,443.52,0,0,0,6275.3,19.3,479.41,38,16853.92
2024-03-20,S02,Pune,West,Home & Kitchen,2204.72,0,0,0,4225.06,14.7,2017.79,18,39684.96
2024-03-20,S03,Delhi,North,Clothing,1819.5,0,0,0,6152.04,20.8,1730.16,34,61862.96
2024-03-20,S03,Delhi,North,Electronics,15528.64,0,0,0,4694.04,20.6,15491.2,29,450330.68
2024-03-20,S03,Delhi,North,Grocery,458.17,0,0,0,3739.8,21.2,462.33,46,21075.96
2024-03-20,S03,Delhi,North,Home & Kitchen,2231.03,0,0,0,5426.32,15.9,2165.19,25,55775.7
2024-03-20,S04,Bengaluru,South,Clothing,1815.2,0,0,0,4864.56,17.4,1564.52,31,56271.1
2024-03-20,S04,Bengaluru,South,Electronics,14693.47,0,0,0,,20.7,16074.52,20,293869.45
2024-03-20,S04,Bengaluru,South,Grocery,434.46,0,0,0,5630.8,19.0,480.93,45,19550.75
2024-03-20,S04,Bengaluru,South,Home & Kitchen,2248.32,5,1,0,6194.51,22.9,2279.15,22,49463.04
2024-03-21,S01,Mumbai,West,Clothing,1768.34,0,0,0,3687.05,17.1,1862.63,44,77806.8
2024-03-21,S01,Mumbai,West,Electronics,14977.29,0,0,0,4935.3,18.2,14975.64,24,359454.88
2024-03-21,S01,Mumbai,West,Grocery,390.8,15,1,0,,18.9,456.4,37,14459.69
2024-03-21,S01,Mumbai,West,Home & Kitchen,2203.55,0,0,0,5799.55,22.0,2114.68,47,103566.71
2024-03-21,S02,Pune,West,Clothing,1777.9,0,0,0,3115.94,20.5,1738.8,28,49781.22
2024-03-21,S02,Pune,West,Electronics,15461.09,0,0,0,5263.89,17.7,14365.29,13,200994.18
2024-03-21,S02,Pune,West,Grocery,443.51,0,0,0,7164.32,19.6,447.68,29,12861.86
2024-03-21,S02,Pune,West,Home & Kitchen,2222.89,0,0,0,2374.0,21.2,2141.27,23,51126.51
2024-03-21,S03,Delhi,North,Clothing,1846.5,0,0,0,3656.43,20.5,1792.0,28,51701.97
2024-03-21,S03,Delhi,North,Electronics,13501.06,10,1,0,4206.9,18.6,14907.98,27,364528.69
2024-03-21,S03,Delhi,North,Grocery,423.86,0,0,0,3691.33,23.1,464.72,30,12715.65
2024-03-21,S03,Delhi,North,Home & Kitchen,2231.89,0,0,0,4581.7,17.7,2141.7,24,53565.4
2024-03-21,S04,Bengaluru,South,Clothing,1845.29,0,0,0,8959.3,20.8,1760.37,38,70120.88
2024-03-21,S04,Bengaluru,South,Electronics,15866.72,0,0,0,6998.24,17.5,15426.08,23,364934.51
2024-03-21,S04,Bengaluru,South,Grocery,470.57,0,0,0,4195.44,20.9,423.3,37,17411.08
2024-03-21,S04,Bengaluru,South,Home & Kitchen,2204.98,0,0,0,6700.2,20.5,2255.46,34,74969.26
2024-03-22,S01,Mumbai,West,Clothing,1718.01,0,0,0,5976.11,23.3,1925.7,47,80746.33
2024-03-22,S01,Mumbai,West,Electronics,14598.81,0,0,0,7996.27,19.4,15771.04,30,437964.35
2024-03-22,S01,Mumbai,West,Grocery,452.29,0,0,0,3482.3,21.8,403.4,41,18543.81
2024-03-22,S01,Mumbai,West,Home & Kitchen,2232.95,0,0,0,5214.69,21.0,,27,60289.76
2024-03-22,S02,Pune,West,Clothing,1657.07,0,0,0,6900.9,22.8,1733.93,38,62968.54
2024-03-22,S02,Pune,West,Electronics,11330.39,20,1,0,8139.96,18.7,15674.93,37,419224.54
2024-03-22,S02,Pune,West,Grocery,461.95,0,0,0,7072.41,23.2,474.69,33,15244.41
2024-03-22,S02,Pune,West,Home & Kitchen,2304.61,0,0,0,2924.4,19.6,2285.22,16,36873.82
2024-03-22,S03,Delhi,North,Clothing,1751.31,10,1,0,4298.72,20.1,1759.67,39,68301.15
2024-03-22,S03,Delhi,North,Electronics,16045.37,0,0,0,3723.7,22.9,14256.65,17,272771.33
2024-03-22,S03,Delhi,North,Grocery,444.78,0,0,0,6104.95,19.1,474.68,43,19125.71
2024-03-22,S03,Delhi,North,Home & Kitchen,1706.9,20,1,0,4950.8,19.6,2204.0,41,69982.75
2024-03-22,S04,Bengaluru,South,Clothing,1741.9,0,0,0,4932.42,19.4,1929.28,49,85353.16
2024-03-22,S04,Bengaluru,South,Electronics,14797.45,0,0,0,5245.25,22.7,14121.91,14,207164.3
2024-03-22,S04,Bengaluru,South,Grocery,447.06,0,0,0,4155.38,18.6,446.84,47,21011.83
2024-03-22,S04,Bengaluru,South,Home & Kitchen,1885.68,15,1,0,6907.8,15.6,1951.05,28,52799.12
2024-03-23,S01,Mumbai,West,Clothing,1910.16,0,0,0,4901.68,20.0,1797.64,43,82136.8
2024-03-23,S01,Mumbai,West,Electronics,14666.54,0,0,0,5198.52,22.5,14960.02,26,381330.08
2024-03-23,S01,Mumbai,West,Grocery,455.15,0,0,0,6585.86,18.0,,52,23667.62
2024-03-23,S01,Mumbai,West,Home & Kitchen,1710.87,20,1,0,4939.75,18.8,2085.28,55,94097.75
2024-03-23,S02,Pune,West,Clothing,1878.79,0,0,0,7255.17,22.8,1789.78,41,77030.27
2024-03-23,S02,Pune,West,Electronics,13105.3,15,1,0,2484.31,17.1,14489.34,38,498001.26
2024-03-23,S02,Pune,West,Grocery,434.29,0,0,0,4717.8,22.5,411.91,46,19977.18
2024-03-23,S02,Pune,West,Home & Kitchen,2185.59,0,0,0,4359.51,19.1,2121.79,31,67753.18
2024-03-23,S03,Delhi,North,Clothing,1624.76,10,1,0,6962.26,18.2,1748.52,68,110483.4
2024-03-23,S03,Delhi,North,Electronics,14845.53,0,0,0,6507.77,18.5,14506.54,42,623512.21
2024-03-23,S03,Delhi,North,Grocery,468.49,0,0,0,4218.58,20.9,426.04,36,16865.81
2024-03-23,S03,Delhi,North,Home & Kitchen,2175.96,0,0,0,3490.11,17.6,2187.33,24,52223.0
2024-03-23,S04,Bengaluru,South,Clothing,1578.67,15,1,0,9123.52,19.6,1749.28,44,69461.62
2024-03-23,S04,Bengaluru,South,Electronics,14904.16,0,0,0,5288.44,16.9,14748.33,18,268274.91
2024-03-23,S04,Bengaluru,South,Grocery,452.61,0,0,0,,17.2,451.04,54,24441.15
2024-03-23,S04,Bengaluru,South,Home & Kitchen,2178.48,0,0,0,4588.94,20.4,2250.5,30,65354.39
2024-03-24,S01,Mumbai,West,Clothing,1745.91,0,0,0,5865.33,20.6,2005.24,49,85549.68
2024-03-24,S01,Mumbai,West,Electronics,13916.04,5,1,0,6122.24,18.4,14976.94,41,570557.67
2024-03-24,S01,Mumbai,West,Grocery,463.49,0,0,0,4126.1,20.0,475.82,49,22710.91
2024-03-24,S01,Mumbai,West,Home & Kitchen,2259.01,0,0,0,6249.59,20.4,2116.55,36,81324.28
2024-03-24,S02,Pune,West,Clothing,1826.9,0,0,0,5559.69,18.8,1872.0,41,74903.02
2024-03-24,S02,Pune,West,Electronics,15983.5,0,0,0,4336.1,20.4,15426.96,20,319669.95
2024-03-24,S02,Pune,West,Grocery,450.3,0,0,0,3541.01,21.9,457.26,51,22965.41
2024-03-24,S02,Pune,West,Home & Kitchen,2253.27,0,0,0,5163.15,19.2,2271.59,32,72104.67
2024-03-24,S03,Delhi,North,Clothing,1764.42,0,0,0,4743.79,18.9,1824.08,38,67047.88
2024-03-24,S03,Delhi,North,Electronics,15305.88,0,0,0,4062.68,21.0,16193.33,41,627541.13
2024-03-24,S03,Delhi,North,Grocery,469.14,0,0,0,3709.02,18.7,453.3,50,23456.87
2024-03-24,S03,Delhi,North,Home & Kitchen,2163.48,0,0,0,6982.98,21.6,2326.91,47,101683.71
2024-03-24,S04,Bengaluru,South,Clothing,1796.2,0,0,0,4162.0,19.6,1845.1,47,84421.21
2024-03-24,S04,Bengaluru,South,Electronics,15094.32,0,0,0,7312.82,19.7,14528.24,26,392452.26
2024-03-24,S04,Bengaluru,South,Grocery,450.33,0,0,0,2306.14,19.5,459.56,38,17112.42
2024-03-24,S04,Bengaluru,South,Home & Kitchen,2136.96,0,0,0,6403.54,21.0,2291.57,42,89752.35
2024-03-25,S01,Mumbai,West,Clothing,1789.4,0,0,1,4725.63,19.2,1820.92,52,93048.91
2024-03-25,S01,Mumbai,West,Electronics,15235.06,0,0,1,5822.19,17.2,14561.98,33,502757.05
2024-03-25,S01,Mumbai,West,Grocery,455.81,0,0,1,4303.18,17.9,431.03,67,30539.18
2024-03-25,S01,Mumbai,West,Home & Kitchen,2274.52,0,0,1,5058.16,21.1,2173.49,38,86431.68
2024-03-25,S02,Pune,West,Clothing,1679.44,0,0,1,3524.19,24.0,1845.15,30,50383.26
2024-03-25,S02,Pune,West,Electronics,14649.75,0,0,1,5595.1,22.4,14963.89,34,498091.5
2024-03-25,S02,Pune,West,Grocery,397.64,10,1,1,4722.12,22.3,463.41,67,26641.88
2024-03-25,S02,Pune,West,Home & Kitchen,2234.19,0,0,1,3254.17,21.6,2087.03,21,46917.9
2024-03-25,S03,Delhi,North,Clothing,1811.16,0,0,1,1974.33,15.2,1777.84,38,68824.17
2024-03-25,S03,Delhi,North,Electronics,15153.56,0,0,1,5659.93,20.1,15471.86,36,545528.29
2024-03-25,S03,Delhi,North,Grocery,467.62,0,0,1,3541.31,20.2,414.47,45,21042.99
2024-03-25,S03,Delhi,North,Home & Kitchen,2261.58,0,0,1,2578.23,21.5,2116.21,33,74632.19
2024-03-25,S04,Bengaluru,South,Clothing,1801.76,0,0,1,4318.84,22.1,1820.8,37,66665.24
2024-03-25,S04,Bengaluru,South,Electronics,14535.21,5,1,1,4932.3,18.1,15660.75,39,566873.18
2024-03-25,S04,Bengaluru,South,Grocery,453.77,0,0,1,3310.95,18.9,463.65,47,21326.99
2024-03-25,S04,Bengaluru,South,Home & Kitchen,2167.21,0,0,1,2953.41,16.0,2106.97,45,97524.45
2024-03-26,S01,Mumbai,West,Clothing,1788.7,0,0,0,3819.32,16.7,1682.08,43,76914.25
2024-03-26,S01,Mumbai,West,Electronics,14150.77,5,1,0,7612.09,21.9,15089.34,24,339618.39
2024-03-26,S01,Mumbai,West,Grocery,430.12,0,0,0,1502.28,16.3,418.72,44,18925.14
2024-03-26,S01,Mumbai,West,Home & Kitchen,2167.37,0,0,0,6258.51,20.1,2146.0,34,73690.45
2024-03-26,S02,Pune,West,Clothing,1818.51,0,0,0,4989.83,19.3,1730.01,32,58192.18
2024-03-26,S02,Pune,West,Electronics,11380.81,25,1,0,7946.55,22.8,15750.25,32,364185.76
2024-03-26,S02,Pune,West,Grocery,447.68,0,0,0,2619.98,17.8,446.9,31,13878.15
2024-03-26,S02,Pune,West,Home & Kitchen,2206.29,0,0,0,3862.27,18.2,2135.92,25,55157.28
2024-03-26,S03,Delhi,North,Clothing,1877.78,0,0,0,4990.69,18.7,1671.56,29,54455.59
2024-03-26,S03,Delhi,North,Electronics,14845.76,0,0,0,4734.56,22.5,16067.13,24,356298.25
2024-03-26,S03,Delhi,North,Grocery,390.04,10,1,0,9364.3,17.4,443.1,60,23402.41
2024-03-26,S03,Delhi,North,Home & Kitchen,2188.4,0,0,0,4456.51,23.3,2016.39,24,52521.72
2024-03-26,S04,Bengaluru,South,Clothing,1849.49,0,0,0,1990.81,20.4,1743.15,23,42538.23
2024-03-26,S04,Bengaluru,South,Electronics,12236.48,20,1,0,6208.37,22.8,14206.49,42,513931.98
2024-03-26,S04,Bengaluru,South,Grocery,466.24,0,0,0,4724.21,19.2,464.72,35,16318.42
2024-03-26,S04,Bengaluru,South,Home & Kitchen,2259.19,0,0,0,6189.97,18.6,2200.87,23,51961.29
2024-03-27,S01,Mumbai,West,Clothing,1838.36,0,0,0,5171.18,19.7,1749.41,39,71695.91
2024-03-27,S01,Mumbai,West,Electronics,14919.64,0,0,0,2003.8,21.0,15238.5,28,417749.99
2024-03-27,S01,Mumbai,West,Grocery,448.07,0,0,0,2553.74,19.7,446.87,38,17026.63
2024-03-27,S01,Mumbai,West,Home & Kitchen,2238.69,0,0,0,3536.79,,2116.53,27,60444.54
2024-03-27,S02,Pune,West,Clothing,1824.22,0,0,0,4546.07,18.0,1860.1,33,60199.35
2024-03-27,S02,Pune,West,Electronics,14820.62,0,0,0,6154.54,17.8,14839.72,25,370515.39
2024-03-27,S02,Pune,West,Grocery,460.92,0,0,0,6029.03,20.4,437.88,30,13827.69
2024-03-27,S02,Pune,West,Home & Kitchen,2250.23,0,0,0,6188.71,22.2,,35,78757.99
2024-03-27,S03,Delhi,North,Clothing,1827.05,0,0,0,7711.62,18.8,1772.75,37,67600.81
2024-03-27,S03,Delhi,North,Electronics,15590.13,0,0,0,3155.05,18.4,16332.72,27,420933.44
2024-03-27,S03,Delhi,North,Grocery,433.28,0,0,0,4303.8,18.3,465.09,37,16031.24
2024-03-27,S03,Delhi,North,Home & Kitchen,2282.56,0,0,0,6323.83,18.8,2145.74,12,27390.77
2024-03-27,S04,Bengaluru,South,Clothing,1703.26,0,0,0,5917.5,20.4,1840.51,38,64723.95
2024-03-27,S04,Bengaluru,South,Electronics,13780.88,0,0,0,3706.28,,15135.6,21,289398.39
2024-03-27,S04,Bengaluru,South,Grocery,391.04,10,1,0,5763.01,21.1,516.67,59,23071.64
2024-03-27,S04,Bengaluru,South,Home & Kitchen,2237.38,0,0,0,5821.92,21.8,2163.23,36,80545.74
2024-03-28,S01,Mumbai,West,Clothing,1824.97,0,0,0,3105.99,20.7,1766.45,36,65698.81
2024-03-28,S01,Mumbai,West,Electronics,15268.63,0,0,0,2476.51,18.8,14411.81,29,442790.14
2024-03-28,S01,Mumbai,West,Grocery,428.16,0,0,0,6785.07,17.5,442.39,41,17554.63
2024-03-28,S01,Mumbai,West,Home & Kitchen,1774.81,20,1,0,7799.05,18.3,2057.04,58,102938.92
2024-03-28,S02,Pune,West,Clothing,1782.47,0,0,0,3454.3,17.3,1712.51,32,57038.89
2024-03-28,S02,Pune,West,Electronics,15372.18,0,0,0,6014.05,21.6,14508.51,21,322815.87
2024-03-28,S02,Pune,West,Grocery,440.97,0,0,0,6122.13,18.5,446.54,43,18961.5
2024-03-28,S02,Pune,West,Home & Kitchen,2149.31,0,0,0,6664.47,17.0,2126.58,18,38687.67
2024-03-28,S03,Delhi,North,Clothing,1844.96,0,0,0,5822.93,21.1,1765.26,33,60883.83
2024-03-28,S03,Delhi,North,Electronics,14599.35,0,0,0,4500.55,21.1,14506.9,24,350384.51
2024-03-28,S03,Delhi,North,Grocery,443.33,0,0,0,6247.53,18.2,429.86,41,18176.73
2024-03-28,S03,Delhi,North,Home & Kitchen,2286.24,0,0,0,2486.99,21.1,2132.54,16,36579.77
2024-03-28,S04,Bengaluru,South,Clothing,1467.46,20,1,0,7290.89,20.0,1758.68,47,68970.49
2024-03-28,S04,Bengaluru,South,Electronics,15795.16,0,0,0,2754.18,24.7,14741.88,22,347493.49
2024-03-28,S04,Bengaluru,South,Grocery,440.3,0,0,0,6485.51,20.2,467.32,37,16291.1
2024-03-28,S04,Bengaluru,South,Home & Kitchen,2142.5,0,0,0,5300.59,20.3,2244.39,38,81414.94
2024-03-29,S01,Mumbai,West,Clothing,1667.59,5,1,0,6970.99,21.4,1853.29,50,83379.26
2024-03-29,S01,Mumbai,West,Electronics,12695.67,15,1,0,6378.52,16.8,14906.22,30,380870.1
2024-03-29,S01,Mumbai,West,Grocery,458.76,0,0,0,5925.94,20.0,436.61,49,22479.35
2024-03-29,S01,Mumbai,West,Home & Kitchen,2114.5,5,1,0,6901.79,24.0,2415.72,42,88809.09
2024-03-29,S02,Pune,West,Clothing,1755.33,0,0,0,4266.66,17.8,1740.45,23,40372.51
2024-03-29,S02,Pune,West,Electronics,14462.52,0,0,0,6591.59,20.2,15192.76,25,361562.88
2024-03-29,S02,Pune,West,Grocery,463.15,0,0,0,5176.1,17.8,466.71,45,20841.79
2024-03-29,S02,Pune,West,Home & Kitchen,2136.04,0,0,0,5415.37,20.6,2145.22,22,46992.9
2024-03-29,S03,Delhi,North,Clothing,1841.04,0,0,0,3221.61,18.8,1879.27,26,47867.12
2024-03-29,S03,Delhi,North,Electronics,14065.87,0,0,0,5436.48,24.8,15615.13,29,407910.32
2024-03-29,S03,Delhi,North,Grocery,450.17,0,0,0,5824.36,19.7,500.19,40,18006.77
2024-03-29,S03,Delhi,North,Home & Kitchen,2191.05,0,0,0,5267.41,22.6,2362.06,30,65731.6
2024-03-29,S04,Bengaluru,South,Clothing,1699.75,0,0,0,5134.1,21.4,1755.59,30,50992.57
2024-03-29,S04,Bengaluru,South,Electronics,14938.21,5,1,0,6501.9,19.3,14415.92,19,283825.9
2024-03-29,S04,Bengaluru,South,Grocery,458.47,0,0,0,2878.59,19.5,482.61,47,21547.91
2024-03-29,S04,Bengaluru,South,Home & Kitchen,1834.53,15,1,0,6169.01,20.3,2184.46,38,69712.27
2024-03-30,S01,Mumbai,West,Clothing,1782.41,0,0,0,3594.28,19.6,1714.75,54,96249.89
2024-03-30,S01,Mumbai,West,Electronics,13387.31,10,1,0,4713.22,18.5,14542.43,33,441781.14
2024-03-30,S01,Mumbai,West,Grocery,468.87,0,0,0,3053.84,22.2,423.26,47,22037.01
2024-03-30,S01,Mumbai,West,Home & Kitchen,2253.59,0,0,0,6796.35,16.1,2144.94,45,101411.7
2024-03-30,S02,Pune,West,Clothing,1767.07,0,0,0,5758.6,20.7,1814.2,32,56546.38
2024-03-30,S02,Pune,West,Electronics,14940.69,0,0,0,5712.53,15.2,14713.13,26,388458.04
2024-03-30,S02,Pune,West,Grocery,479.69,0,0,0,2935.8,20.3,422.76,26,12472.06
2024-03-30,S02,Pune,West,Home & Kitchen,2228.57,0,0,0,4572.44,21.5,1913.07,30,66857.08
2024-03-30,S03,Delhi,North,Clothing,1827.34,0,0,0,5704.52,21.6,1669.78,35,63956.97
2024-03-30,S03,Delhi,North,Electronics,14943.24,0,0,0,7605.17,17.1,14323.36,38,567843.24
2024-03-30,S03,Delhi,North,Grocery,440.1,0,0,0,3727.01,17.7,450.41,47,20684.88
2024-03-30,S03,Delhi,North,Home & Kitchen,2160.9,0,0,0,,20.3,2292.99,27,58344.41
2024-03-30,S04,Bengaluru,South,Clothing,1711.33,0,0,0,5687.88,19.6,1754.6,32,54762.58
2024-03-30,S04,Bengaluru,South,Electronics,15563.57,0,0,0,5349.53,18.9,15154.96,31,482470.67
2024-03-30,S04,Bengaluru,South,Grocery,439.18,0,0,0,4330.72,17.6,451.41,43,18884.68
2024-03-30,S04,Bengaluru,South,Home & Kitchen,2159.57,0,0,0,7523.49,17.6,2009.6,43,92861.56
2024-03-31,S01,Mumbai,West,Clothing,1430.2,20,1,0,7652.82,15.6,1773.18,71,101543.98
2024-03-31,S01,Mumbai,West,Electronics,15211.7,0,0,0,6968.04,19.9,16724.75,38,578044.7
2024-03-31,S01,Mumbai,West,Grocery,346.59,20,1,0,4864.97,23.7,461.68,98,33966.05
2024-03-31,S01,Mumbai,West,Home & Kitchen,2234.25,0,0,0,6466.15,21.2,2236.3,37,82667.15
2024-03-31,S02,Pune,West,Clothing,1782.43,0,0,0,4092.25,19.5,1694.57,32,57037.79
2024-03-31,S02,Pune,West,Electronics,15504.53,0,0,0,1785.22,,13553.12,23,356604.22
2024-03-31,S02,Pune,West,Grocery,458.15,0,0,0,4452.07,19.2,465.76,51,23365.86
2024-03-31,S02,Pune,West,Home & Kitchen,2091.89,0,0,0,4067.88,21.5,2292.32,31,64848.6
2024-03-31,S03,Delhi,North,Clothing,1379.44,20,1,0,7769.03,19.5,1753.84,66,91043.07
2024-03-31,S03,Delhi,North,Electronics,14884.41,0,0,0,3841.63,18.2,15774.98,39,580491.91
2024-03-31,S03,Delhi,North,Grocery,427.31,0,0,0,5060.82,15.5,409.27,43,18374.41
2024-03-31,S03,Delhi,North,Home & Kitchen,2142.21,0,0,0,5039.96,22.0,2342.76,34,72835.05
2024-03-31,S04,Bengaluru,South,Clothing,1375.89,20,1,0,7575.11,17.8,1721.6,63,86681.19
2024-03-31,S04,Bengaluru,South,Electronics,15065.94,0,0,0,1814.54,21.5,14833.3,30,451978.2
2024-03-31,S04,Bengaluru,South,Grocery,424.77,0,0,0,4989.01,19.2,495.07,50,21238.48
2024-03-31,S04,Bengaluru,South,Home & Kitchen,2210.96,0,0,0,6624.56,18.3,2092.88,27,59695.95
2024-04-01,S01,Mumbai,West,Clothing,1840.44,0,0,0,4492.32,20.9,1785.51,46,84660.42
2024-04-01,S01,Mumbai,West,Electronics,15300.69,0,0,0,4527.24,26.3,14932.7,30,459020.67
2024-04-01,S01,Mumbai,West,Grocery,440.94,0,0,0,4956.24,24.2,463.39,43,18960.22
2024-04-01,S01,Mumbai,West,Home & Kitchen,2190.83,0,0,0,4872.57,24.7,2006.51,31,67915.63
2024-04-01,S02,Pune,West,Clothing,1819.15,0,0,0,5437.6,22.7,1713.28,30,54574.65
2024-04-01,S02,Pune,West,Electronics,12731.31,15,1,0,8595.97,23.1,14548.87,31,394670.52
2024-04-01,S02,Pune,West,Grocery,448.86,0,0,0,7070.39,23.7,457.16,33,14812.54
2024-04-01,S02,Pune,West,Home & Kitchen,2233.76,0,0,0,5808.84,24.4,2186.95,25,55844.04
2024-04-01,S03,Delhi,North,Clothing,1721.36,0,0,0,2412.46,24.3,1732.46,32,55083.5
2024-04-01,S03,Delhi,North,Electronics,15478.28,0,0,0,4872.13,28.2,15620.87,26,402435.2
2024-04-01,S03,Delhi,North,Grocery,462.53,0,0,0,3498.28,21.3,465.87,46,21276.19
2024-04-01,S03,Delhi,North,Home & Kitchen,2246.86,0,0,0,4747.17,23.8,2305.88,28,62911.98
2024-04-01,S04,Bengaluru,South,Clothing,1830.3,0,0,0,2777.16,25.9,1709.52,23,42096.97
2024-04-01,S04,Bengaluru,South,Electronics,15561.46,0,0,0,6093.88,23.9,15557.68,30,466843.94
2024-04-01,S04,Bengaluru,South,Grocery,458.72,0,0,0,4516.08,20.8,432.59,42,19266.27
2024-04-01,S04,Bengaluru,South,Home & Kitchen,2186.91,0,0,0,7059.01,21.3,2268.9,36,78728.69
2024-04-02,S01,Mumbai,West,Clothing,1736.91,0,0,0,,28.1,1759.67,39,67739.51
2024-04-02,S01,Mumbai,West,Electronics,14933.82,0,0,0,2098.2,21.9,16158.92,36,537617.41
2024-04-02,S01,Mumbai,West,Grocery,438.09,0,0,0,3205.81,26.0,426.02,54,23656.75
2024-04-02,S01,Mumbai,West,Home & Kitchen,2255.0,0,0,0,4751.94,25.3,2349.34,29,65394.93
2024-04-02,S02,Pune,West,Clothing,1842.57,0,0,0,2335.52,22.3,1939.69,29,53434.57
2024-04-02,S02,Pune,West,Electronics,14267.12,0,0,0,3743.5,26.4,17151.58,23,328143.7
2024-04-02,S02,Pune,West,Grocery,465.62,0,0,0,5914.5,23.0,444.13,43,20021.72
2024-04-02,S02,Pune,West,Home & Kitchen,2125.54,0,0,0,4525.45,23.6,2096.01,21,44636.36
2024-04-02,S03,Delhi,North,Clothing,1371.77,20,1,0,5482.59,23.9,1867.05,54,74075.78
2024-04-02,S03,Delhi,North,Electronics,14437.61,0,0,0,6363.62,23.7,13414.45,26,375377.89
2024-04-02,S03,Delhi,North,Grocery,391.23,15,1,0,8606.3,23.7,499.95,71,27777.65
2024-04-02,S03,Delhi,North,Home & Kitchen,2193.38,0,0,0,1617.67,26.6,1983.05,33,72381.43
2024-04-02,S04,Bengaluru,South,Clothing,1833.44,0,0,0,5105.15,23.1,1755.83,33,60503.45
2024-04-02,S04,Bengaluru,South,Electronics,15117.93,0,0,0,4936.81,22.3,14633.47,27,408184.19
2024-04-02,S04,Bengaluru,South,Grocery,439.59,0,0,0,3880.3,22.4,473.06,40,17583.64
2024-04-02,S04,Bengaluru,South,Home & Kitchen,2195.42,0,0,0,5731.7,20.2,2249.45,28,61471.69
2024-04-03,S01,Mumbai,West,Clothing,1908.98,0,0,0,3316.07,21.8,1873.03,33,62996.27
2024-04-03,S01,Mumbai,West,Electronics,15036.27,0,0,0,3097.98,23.8,14853.28,28,421015.66
2024-04-03,S01,Mumbai,West,Grocery,332.9,25,1,0,2392.54,24.8,429.14,76,25300.72
2024-04-03,S01,Mumbai,West,Home & Kitchen,2273.38,0,0,0,7674.55,22.6,2218.39,33,75021.62
2024-04-03,S02,Pune,West,Clothing,1684.02,0,0,0,7518.77,21.8,1922.96,31,52204.53
2024-04-03,S02,Pune,West,Electronics,15558.74,0,0,0,5470.44,22.3,13633.97,22,342292.37
2024-04-03,S02,Pune,West,Grocery,435.03,0,0,0,6174.57,21.5,445.09,45,19576.38
2024-04-03,S02,Pune,West,Home & Kitchen,2300.18,0,0,0,6380.19,22.9,2401.59,28,64405.13
2024-04-03,S03,Delhi,North,Clothing,1735.34,0,0,0,6949.31,25.4,1750.91,30,52060.06
2024-04-03,S03,Delhi,North,Electronics,15235.67,0,0,0,6890.79,24.2,15302.08,28,426598.7
2024-04-03,S03,Delhi,North,Grocery,442.03,0,0,0,3633.81,22.4,399.68,33,14586.83
2024-04-03,S03,Delhi,North,Home & Kitchen,2151.89,0,0,0,5956.98,22.5,2106.22,26,55949.27
2024-04-03,S04,Bengaluru,South,Clothing,1844.95,0,0,0,7488.21,24.6,1805.74,33,60883.51
2024-04-03,S04,Bengaluru,South,Electronics,15112.32,0,0,0,6128.43,22.5,14112.49,19,287134.09
2024-04-03,S04,Bengaluru,South,Grocery,461.88,0,0,0,4046.36,22.4,447.78,42,19398.84
2024-04-03,S04,Bengaluru,South,Home & Kitchen,1809.74,15,1,0,8067.5,18.9,2463.39,49,88677.25
2024-04-04,S01,Mumbai,West,Clothing,1759.0,0,0,0,3983.35,26.9,1857.72,34,59806.14
2024-04-04,S01,Mumbai,West,Electronics,14648.19,0,0,0,875.49,25.4,15194.47,19,278315.69
2024-04-04,S01,Mumbai,West,Grocery,455.57,0,0,0,4761.18,23.2,453.07,44,20044.98
2024-04-04,S01,Mumbai,West,Home & Kitchen,2163.42,0,0,0,4564.15,26.3,2151.17,31,67066.12
2024-04-04,S02,Pune,West,Clothing,1813.82,0,0,0,4412.88,22.2,2006.07,28,50787.03
2024-04-04,S02,Pune,West,Electronics,14416.81,0,0,0,5271.51,25.1,15180.79,24,346003.46
2024-04-04,S02,Pune,West,Grocery,470.53,0,0,0,9962.09,27.4,451.39,41,19291.91
2024-04-04,S02,Pune,West,Home & Kitchen,2173.85,0,0,0,6459.03,21.6,2113.2,19,41303.08
2024-04-04,S03,Delhi,North,Clothing,1654.47,5,1,0,3256.42,26.4,1894.15,44,72796.89
2024-04-04,S03,Delhi,North,Electronics,15181.19,0,0,0,4026.63,23.3,14357.57,21,318805.05
2024-04-04,S03,Delhi,North,Grocery,367.69,20,1,0,6657.49,22.8,466.07,64,23532.12
2024-04-04,S03,Delhi,North,Home & Kitchen,2259.21,0,0,0,3518.28,20.9,2035.15,25,56480.19
2024-04-04,S04,Bengaluru,South,Clothing,1794.95,0,0,0,4575.72,25.5,1765.64,38,68208.26
2024-04-04,S04,Bengaluru,South,Electronics,15314.18,0,0,0,5352.65,23.0,14844.48,23,352226.2
2024-04-04,S04,Bengaluru,South,Grocery,443.94,0,0,0,5379.04,24.0,472.38,50,22197.24
2024-04-04,S04,Bengaluru,South,Home & Kitchen,2307.15,0,0,0,5674.59,28.2,2203.52,26,59985.9
2024-04-05,S01,Mumbai,West,Clothing,1709.55,5,1,0,6685.68,22.1,1904.99,45,76929.8
2024-04-05,S01,Mumbai,West,Electronics,14612.69,0,0,0,4648.81,19.2,14008.98,26,379930.01
2024-04-05,S01,Mumbai,West,Grocery,444.02,0,0,0,5858.91,20.2,428.29,53,23532.98
2024-04-05,S01,Mumbai,West,Home & Kitchen,1759.91,20,1,0,7347.18,23.8,2152.13,51,89755.16
2024-04-05,S02,Pune,West,Clothing,1826.35,0,0,0,6305.37,26.0,1840.55,35,63922.22
2024-04-05,S02,Pune,West,Electronics,15035.43,0,0,0,5070.99,23.8,14817.83,30,451062.91
2024-04-05,S02,Pune,West,Grocery,439.83,0,0,0,5492.11,24.3,487.32,36,15834.01
2024-04-05,S02,Pune,West,Home & Kitchen,2295.91,0,0,0,5615.12,22.6,2143.29,14,32142.79
2024-04-05,S03,Delhi,North,Clothing,1900.43,0,0,0,4580.09,22.0,1795.76,39,74116.58
2024-04-05,S03,Delhi,North,Electronics,15145.26,0,0,0,4766.31,27.3,14744.7,25,378631.49
2024-04-05,S03,Delhi,North,Grocery,462.74,0,0,0,4258.7,24.5,427.74,43,19897.69
2024-04-05,S03,Delhi,North,Home & Kitchen,2260.42,0,0,0,4176.95,23.2,2372.38,29,65552.07
2024-04-05,S04,Bengaluru,South,Clothing,1776.58,0,0,0,2936.15,21.9,1759.74,30,53297.44
2024-04-05,S04,Bengaluru,South,Electronics,15244.54,0,0,0,6568.59,22.6,15187.54,33,503069.75
2024-04-05,S04,Bengaluru,South,Grocery,465.4,0,0,0,4591.6,24.1,462.53,52,24200.78
2024-04-05,S04,Bengaluru,South,Home & Kitchen,2219.78,0,0,0,4786.09,22.5,2012.41,20,44395.51
2024-04-06,S01,Mumbai,West,Clothing,1737.36,0,0,0,6755.75,23.6,1770.21,45,78181.23
2024-04-06,S01,Mumbai,West,Electronics,13044.2,15,1,0,5660.91,26.1,14664.7,53,691342.54
2024-04-06,S01,Mumbai,West,Grocery,458.81,0,0,0,5887.79,27.3,454.02,59,27069.74
2024-04-06,S01,Mumbai,West,Home & Kitchen,1979.1,5,1,0,5313.5,21.6,2295.64,41,81143.22
2024-04-06,S02,Pune,West,Clothing,1809.13,0,0,0,5283.03,27.6,1858.03,44,79601.88
2024-04-06,S02,Pune,West,Electronics,14499.08,5,1,0,4009.13,21.1,16377.31,27,391475.17
2024-04-06,S02,Pune,West,Grocery,479.27,0,0,0,1762.02,21.1,457.83,44,21087.85
2024-04-06,S02,Pune,West,Home & Kitchen,2186.09,0,0,0,4253.57,22.1,2094.2,33,72140.84
2024-04-06,S03,Delhi,North,Clothing,1761.83,0,0,0,4677.24,27.5,1844.08,49,86329.66
2024-04-06,S03,Delhi,North,Electronics,14696.34,5,1,0,8002.85,20.8,14505.23,37,543764.71
2024-04-06,S03,Delhi,North,Grocery,417.87,0,0,0,3612.65,22.4,448.78,51,21311.45
2024-04-06,S03,Delhi,North,Home & Kitchen,2137.4,0,0,0,5076.03,23.8,2292.4,30,64122.02
2024-04-06,S04,Bengaluru,South,Clothing,1823.79,0,0,0,6622.6,22.4,2030.8,47,85718.16
2024-04-06,S04,Bengaluru,South,Electronics,15460.81,0,0,0,6740.54,25.6,15457.8,33,510206.59
2024-04-06,S04,Bengaluru,South,Grocery,453.44,0,0,0,4433.77,23.5,479.06,40,18137.45
2024-04-06,S04,Bengaluru,South,Home & Kitchen,2165.51,0,0,0,6184.47,24.6,2360.61,50,108275.3
2024-04-07,S01,Mumbai,West,Clothing,1729.9,0,0,0,7499.91,25.3,1908.23,52,89954.77
2024-04-07,S01,Mumbai,West,Electronics,15200.22,0,0,0,4363.31,21.6,15157.9,30,456006.72
2024-04-07,S01,Mumbai,West,Grocery,464.38,0,0,0,6312.86,21.9,483.03,54,25076.66
2024-04-07,S01,Mumbai,West,Home & Kitchen,2238.52,0,0,0,2207.18,21.8,1875.16,35,78348.11
2024-04-07,S02,Pune,West,Clothing,1778.14,0,0,0,5603.75,27.7,1786.05,35,62234.82
2024-04-07,S02,Pune,West,Electronics,15053.93,0,0,0,2091.96,22.9,14166.72,28,421510.11
2024-04-07,S02,Pune,West,Grocery,440.32,0,0,0,3348.35,24.4,428.79,47,20694.99
2024-04-07,S02,Pune,West,Home & Kitchen,1746.61,20,1,0,5243.31,21.7,2321.41,48,83837.43
2024-04-07,S03,Delhi,North,Clothing,1805.39,0,0,0,4376.69,22.3,1899.51,47,84853.45
2024-04-07,S03,Delhi,North,Electronics,14989.45,0,0,0,5767.18,26.5,15680.96,40,599577.87
2024-04-07,S03,Delhi,North,Grocery,458.69,0,0,0,6615.97,23.8,420.54,59,27062.51
2024-04-07,S03,Delhi,North,Home & Kitchen,2223.86,0,0,0,5563.56,24.9,2243.81,40,88954.47
2024-04-07,S04,Bengaluru,South,Clothing,1609.78,10,1,0,6267.18,21.1,,49,78879.14
2024-04-07,S04,Bengaluru,South,Electronics,14031.73,0,0,0,5298.9,24.2,14860.27,28,392888.35
2024-04-07,S04,Bengaluru,South,Grocery,440.57,0,0,0,3232.73,21.7,461.54,59,25993.85
2024-04-07,S04,Bengaluru,South,Home & Kitchen,2147.49,0,0,0,4603.17,26.3,2315.46,38,81604.55
2024-04-08,S01,Mumbai,West,Clothing,1665.14,5,1,0,6074.46,22.4,1677.24,40,66605.67
2024-04-08,S01,Mumbai,West,Electronics,15204.88,0,0,0,6618.32,24.7,16189.5,25,380122.11
2024-04-08,S01,Mumbai,West,Grocery,464.87,0,0,0,2669.66,26.8,448.65,34,15805.71
2024-04-08,S01,Mumbai,West,Home & Kitchen,1824.58,20,1,0,3790.79,24.2,2109.34,42,76632.39
2024-04-08,S02,Pune,West,Clothing,1876.67,0,0,0,3302.02,25.4,1768.46,32,60053.43
2024-04-08,S02,Pune,West,Electronics,16141.85,0,0,0,3496.43,27.1,15075.98,24,387404.32
2024-04-08,S02,Pune,West,Grocery,344.2,25,1,0,6550.0,27.0,440.21,76,26159.18
2024-04-08,S02,Pune,West,Home & Kitchen,2257.15,0,0,0,2534.45,27.6,2357.72,22,49657.31
2024-04-08,S03,Delhi,North,Clothing,1786.83,0,0,0,7063.78,23.6,1691.81,31,55391.72
2024-04-08,S03,Delhi,North,Electronics,15023.48,0,0,0,6550.17,21.0,14487.37,30,450704.47
2024-04-08,S03,Delhi,North,Grocery,449.18,0,0,0,4218.24,28.3,469.2,40,17967.13
2024-04-08,S03,Delhi,North,Home & Kitchen,2238.85,0,0,0,5671.07,24.9,2137.44,31,69404.48
2024-04-08,S04,Bengaluru,South,Clothing,1807.64,0,0,0,4959.15,23.3,1651.23,32,57844.46
2024-04-08,S04,Bengaluru,South,Electronics,14960.06,0,0,0,6384.29,24.9,15632.28,36,538562.06
2024-04-08,S04,Bengaluru,South,Grocery,433.46,0,0,0,8430.54,20.5,449.08,48,20806.2
2024-04-08,S04,Bengaluru,South,Home & Kitchen,2174.61,0,0,0,6770.17,24.3,2116.41,27,58714.59
2024-04-09,S01,Mumbai,West,Clothing,1747.59,0,0,0,7756.62,27.2,1675.05,45,78641.63
2024-04-09,S01,Mumbai,West,Electronics,15126.38,0,0,0,6797.78,24.5,15166.49,24,363033.23
2024-04-09,S01,Mumbai,West,Grocery,434.9,0,0,0,5086.85,25.1,422.69,51,22180.13
2024-04-09,S01,Mumbai,West,Home & Kitchen,2183.02,0,0,0,5608.88,20.8,2186.9,33,72039.61
2024-04-09,S02,Pune,West,Clothing,1872.6,0,0,0,3859.16,23.0,1878.47,20,37451.95
2024-04-09,S02,Pune,West,Electronics,13797.19,10,1,0,7487.23,23.7,15514.65,32,441510.22
2024-04-09,S02,Pune,West,Grocery,428.95,0,0,0,5028.11,25.9,424.25,43,18444.67
2024-04-09,S02,Pune,West,Home & Kitchen,1664.5,25,1,0,5905.22,20.6,2346.73,58,96541.11
2024-04-09,S03,Delhi,North,Clothing,1810.45,0,0,0,6833.43,22.9,1777.75,36,65176.17
2024-04-09,S03,Delhi,North,Electronics,14442.49,5,1,0,8108.56,,14040.73,23,332177.37
2024-04-09,S03,Delhi,North,Grocery,416.07,0,0,0,2255.58,23.2,442.84,42,17475.01
2024-04-09,S03,Delhi,North,Home & Kitchen,2312.3,0,0,0,6186.3,22.6,2149.86,16,36996.86
2024-04-09,S04,Bengaluru,South,Clothing,1792.39,0,0,0,4389.42,26.1,,29,51979.24
2024-04-09,S04,Bengaluru,South,Electronics,14450.58,0,0,0,6323.56,23.2,13994.02,27,390165.62
2024-04-09,S04,Bengaluru,South,Grocery,446.86,0,0,0,5219.13,26.7,472.84,60,26811.56
2024-04-09,S04,Bengaluru,South,Home & Kitchen,2277.29,0,0,0,3186.83,23.8,2293.64,21,47823.03
2024-04-10,S01,Mumbai,West,Clothing,1777.63,0,0,0,4565.5,24.2,1690.76,32,56884.16
2024-04-10,S01,Mumbai,West,Electronics,15020.79,0,0,0,4744.42,26.2,16037.79,20,300415.83
2024-04-10,S01,Mumbai,West,Grocery,468.71,0,0,0,4597.32,22.0,458.82,51,23904.21
2024-04-10,S01,Mumbai,West,Home & Kitchen,2208.81,0,0,0,6051.7,27.6,2185.63,40,88352.27
2024-04-10,S02,Pune,West,Clothing,1780.22,0,0,0,3893.22,22.7,1922.58,28,49846.29
2024-04-10,S02,Pune,West,Electronics,14908.94,0,0,0,2830.07,25.8,14865.53,22,327996.73
2024-04-10,S02,Pune,West,Grocery,447.12,0,0,0,4742.02,23.0,407.48,42,18779.09
2024-04-10,S02,Pune,West,Home & Kitchen,2195.6,0,0,0,4874.46,26.3,2345.68,21,46107.55
2024-04-10,S03,Delhi,North,Clothing,1803.78,0,0,0,4546.31,27.0,1837.9,21,37879.45
2024-04-10,S03,Delhi,North,Electronics,14954.12,0,0,0,5830.58,21.8,14394.33,32,478531.76
2024-04-10,S03,Delhi,North,Grocery,463.75,0,0,0,5636.47,23.6,476.11,46,21332.29
2024-04-10,S03,Delhi,North,Home & Kitchen,2189.11,0,0,0,1298.55,22.0,2105.39,15,32836.62
2024-04-10,S04,Bengaluru,South,Clothing,1793.29,0,0,0,6380.51,24.0,1826.07,44,78904.72
2024-04-10,S04,Bengaluru,South,Electronics,15418.93,0,0,0,3227.35,25.3,15734.8,23,354635.34
2024-04-10,S04,Bengaluru,South,Grocery,450.75,0,0,0,7365.53,22.3,431.67,39,17579.37
2024-04-10,S04,Bengaluru,South,Home & Kitchen,2069.63,10,1,0,5558.0,24.7,2235.5,34,70367.38
2024-04-11,S01,Mumbai,West,Clothing,1747.14,0,0,0,6648.15,24.9,1800.83,30,52414.08
2024-04-11,S01,Mumbai,West,Electronics,15313.39,0,0,0,1797.96,25.1,15480.55,25,382834.63
2024-04-11,S01,Mumbai,West,Grocery,469.79,0,0,0,4869.17,24.6,446.0,41,19261.47
2024-04-11,S01,Mumbai,West,Home & Kitchen,2185.47,0,0,0,5613.82,26.1,2475.58,34,74305.88
2024-04-11,S02,Pune,West,Clothing,1795.51,0,0,0,5038.02,25.5,1870.8,25,44887.84
2024-04-11,S02,Pune,West,Electronics,15271.2,0,0,0,3679.58,25.7,14424.34,24,366508.76
2024-04-11,S02,Pune,West,Grocery,435.42,0,0,0,4768.35,23.0,423.85,26,11321.03
2024-04-11,S02,Pune,West,Home & Kitchen,2173.33,0,0,0,2933.71,21.5,2134.3,20,43466.58
2024-04-11,S03,Delhi,North,Clothing,1385.74,20,1,0,4169.19,21.9,1817.81,65,90073.22
2024-04-11,S03,Delhi,North,Electronics,14391.03,0,0,0,5215.32,23.7,14839.11,32,460512.86
2024-04-11,S03,Delhi,North,Grocery,451.07,0,0,0,3938.76,24.8,426.83,53,23906.83
2024-04-11,S03,Delhi,North,Home & Kitchen,2200.01,0,0,0,5724.16,27.3,2271.49,37,81400.47
2024-04-11,S04,Bengaluru,South,Clothing,1906.08,0,0,0,4174.92,26.8,2115.78,44,83867.71
2024-04-11,S04,Bengaluru,South,Electronics,10942.12,25,1,0,4410.99,22.6,15426.81,47,514279.46
2024-04-11,S04,Bengaluru,South,Grocery,397.21,10,1,0,5494.58,23.4,410.34,35,13902.23
2024-04-11,S04,Bengaluru,South,Home & Kitchen,2158.16,0,0,0,3985.63,28.1,2106.9,36,77693.89
2024-04-12,S01,Mumbai,West,Clothing,1837.56,0,0,0,3586.73,23.5,1908.21,39,71664.83
2024-04-12,S01,Mumbai,West,Electronics,15420.8,0,0,0,5925.92,19.2,16220.55,29,447203.17
2024-04-12,S01,Mumbai,West,Grocery,470.96,0,0,0,4682.33,28.3,446.62,35,16483.64
2024-04-12,S01,Mumbai,West,Home & Kitchen,2174.66,0,0,0,6718.92,27.7,2162.86,42,91335.84
2024-04-12,S02,Pune,West,Clothing,1657.51,10,1,0,8387.08,23.5,1724.42,41,67957.97
2024-04-12,S02,Pune,West,Electronics,11320.86,25,1,0,6752.48,23.1,14983.35,36,407550.83
2024-04-12,S02,Pune,West,Grocery,430.54,0,0,0,3823.35,22.1,452.7,33,14207.8
2024-04-12,S02,Pune,West,Home & Kitchen,2173.96,0,0,0,8546.23,22.0,2383.97,24,52175.04
2024-04-12,S03,Delhi,North,Clothing,1832.28,0,0,0,6909.44,25.4,1683.27,31,56800.62
2024-04-12,S03,Delhi,North,Electronics,14815.28,0,0,0,3993.54,22.6,15307.68,27,400012.64
2024-04-12,S03,Delhi,North,Grocery,428.45,0,0,0,5236.4,22.4,445.35,39,16709.61
2024-04-12,S03,Delhi,North,Home & Kitchen,1682.72,25,1,0,6019.75,23.7,2211.4,52,87501.52
2024-04-12,S04,Bengaluru,South,Clothing,1845.12,0,0,0,7168.99,24.7,1830.42,43,79340.09
2024-04-12,S04,Bengaluru,South,Electronics,14872.68,0,0,0,3484.72,22.2,14667.38,18,267708.21
2024-04-12,S04,Bengaluru,South,Grocery,432.55,0,0,0,5182.78,23.0,400.79,48,20762.22
2024-04-12,S04,Bengaluru,South,Home & Kitchen,2171.1,0,0,0,8510.31,24.1,2235.43,37,80330.8
2024-04-13,S01,Mumbai,West,Clothing,1757.72,0,0,0,5630.3,25.3,1745.81,44,77339.63
2024-04-13,S01,Mumbai,West,Electronics,14639.55,5,1,0,6999.65,22.4,14955.72,39,570942.45
2024-04-13,S01,Mumbai,West,Grocery,447.87,0,0,0,4009.33,27.1,460.69,60,26872.17
2024-04-13,S01,Mumbai,West,Home & Kitchen,1993.79,10,1,0,6704.27,27.4,2308.92,53,105670.92
2024-04-13,S02,Pune,West,Clothing,1588.87,15,1,0,6779.86,24.8,1835.25,62,98510.1
2024-04-13,S02,Pune,West,Electronics,15019.97,0,0,0,3458.86,21.4,14767.88,26,390519.12
2024-04-13,S02,Pune,West,Grocery,466.27,0,0,0,5560.72,22.5,478.66,52,24246.27
2024-04-13,S02,Pune,West,Home & Kitchen,2355.6,0,0,0,5834.37,21.9,2178.48,40,94223.9
2024-04-13,S03,Delhi,North,Clothing,1763.29,0,0,0,6162.38,19.6,1862.69,49,86401.18
2024-04-13,S03,Delhi,North,Electronics,14883.47,0,0,0,4633.68,22.5,15896.9,27,401853.65
2024-04-13,S03,Delhi,North,Grocery,455.37,0,0,0,6284.18,22.8,397.94,49,22312.95
2024-04-13,S03,Delhi,North,Home & Kitchen,2283.75,0,0,0,4169.92,23.0,2276.32,37,84498.74
2024-04-13,S04,Bengaluru,South,Clothing,1639.95,10,1,0,6152.56,22.9,1989.57,49,80357.63
2024-04-13,S04,Bengaluru,South,Electronics,15421.32,0,0,0,5995.75,23.0,15786.13,39,601431.3
2024-04-13,S04,Bengaluru,South,Grocery,424.56,5,1,0,6915.16,25.7,491.1,57,24200.19
2024-04-13,S04,Bengaluru,South,Home & Kitchen,2089.66,0,0,0,4028.34,21.1,2138.63,31,64779.39
2024-04-14,S01,Mumbai,West,Clothing,1751.73,0,0,0,1487.46,27.2,1757.1,40,70069.36
2024-04-14,S01,Mumbai,West,Electronics,14954.65,0,0,0,5464.09,24.3,16792.67,36,538367.4
2024-04-14,S01,Mumbai,West,Grocery,439.85,0,0,0,500.0,23.0,465.55,56,24631.61
2024-04-14,S01,Mumbai,West,Home & Kitchen,2148.24,0,0,0,3837.15,23.3,2399.28,45,96670.8
2024-04-14,S02,Pune,West,Clothing,1755.96,0,0,0,3649.49,27.9,1730.69,38,66726.55
2024-04-14,S02,Pune,West,Electronics,15109.7,0,0,0,4185.43,21.7,14765.77,27,407962.01
2024-04-14,S02,Pune,West,Grocery,433.43,0,0,0,,22.7,472.4,60,26005.68
2024-04-14,S02,Pune,West,Home & Kitchen,2089.43,0,0,0,3739.33,21.8,2030.31,25,52235.76
2024-04-14,S03,Delhi,North,Clothing,1585.33,10,1,0,5969.75,25.6,1804.3,66,104631.79
2024-04-14,S03,Delhi,North,Electronics,14746.92,0,0,0,4733.21,22.1,15385.2,37,545635.96
2024-04-14,S03,Delhi,North,Grocery,429.82,5,1,0,6641.93,23.8,508.45,64,27508.57
2024-04-14,S03,Delhi,North,Home & Kitchen,1669.83,25,1,0,6472.66,24.6,2246.05,58,96850.18
2024-04-14,S04,Bengaluru,South,Clothing,1420.5,20,1,0,7823.81,22.6,1763.77,76,107957.8
2024-04-14,S04,Bengaluru,South,Electronics,14029.86,10,1,0,4726.68,26.8,15233.42,37,519104.78
2024-04-14,S04,Bengaluru,South,Grocery,470.74,0,0,0,4818.21,24.6,456.0,56,26361.61
2024-04-14,S04,Bengaluru,South,Home & Kitchen,1779.63,15,1,0,5908.96,21.8,2043.12,57,101439.07
2024-04-15,S01,Mumbai,West,Clothing,1778.78,0,0,0,3317.61,23.7,1780.56,35,62257.29
2024-04-15,S01,Mumbai,West,Electronics,15624.15,0,0,0,6472.22,23.6,14635.95,20,312482.93
2024-04-15,S01,Mumbai,West,Grocery,414.88,5,1,0,8091.29,22.6,450.8,61,25307.5
2024-04-15,S01,Mumbai,West,Home & Kitchen,2184.47,0,0,0,5891.45,22.3,2273.77,37,80825.45
2024-04-15,S02,Pune,West,Clothing,1743.51,0,0,0,5131.0,24.4,1770.8,27,47074.64
2024-04-15,S02,Pune,West,Electronics,14804.66,0,0,0,5122.73,26.9,15698.03,25,370116.52
2024-04-15,S02,Pune,West,Grocery,440.08,0,0,0,7598.51,21.1,424.01,41,18043.14
2024-04-15,S02,Pune,West,Home & Kitchen,2120.63,0,0,0,8081.29,25.8,2153.09,31,65739.62
2024-04-15,S03,Delhi,North,Clothing,1783.45,0,0,0,5982.36,23.6,1811.54,24,42802.82
2024-04-15,S03,Delhi,North,Electronics,14857.58,0,0,0,6798.49,22.2,15437.84,34,505157.61
2024-04-15,S03,Delhi,North,Grocery,457.3,0,0,0,6333.21,24.4,493.19,54,24694.27
2024-04-15,S03,Delhi,North,Home & Kitchen,1882.65,15,1,0,7656.99,22.1,2290.81,45,84719.16
2024-04-15,S04,Bengaluru,South,Clothing,1799.62,0,0,0,6344.27,27.2,,40,71984.8
2024-04-15,S04,Bengaluru,South,Electronics,15397.31,0,0,0,1951.48,22.8,15957.97,28,431124.56
2024-04-15,S04,Bengaluru,South,Grocery,453.35,0,0,0,5181.65,22.6,460.99,50,22667.4
2024-04-15,S04,Bengaluru,South,Home & Kitchen,2208.82,0,0,0,1913.52,22.1,2183.76,27,59638.24
2024-04-16,S01,Mumbai,West,Clothing,1853.61,0,0,0,5700.02,27.5,1851.55,37,68583.69
2024-04-16,S01,Mumbai,West,Electronics,15102.81,0,0,0,3252.76,25.0,14425.15,18,271850.53
2024-04-16,S01,Mumbai,West,Grocery,435.13,0,0,0,5494.99,24.2,448.63,38,16534.79
2024-04-16,S01,Mumbai,West,Home & Kitchen,2140.3,0,0,0,5254.41,18.6,2125.88,23,49226.89
2024-04-16,S02,Pune,West,Clothing,1814.8,0,0,0,4879.05,28.6,1947.26,25,45370.12
2024-04-16,S02,Pune,West,Electronics,13586.23,10,1,0,6508.76,24.3,15302.21,25,339655.63
2024-04-16,S02,Pune,West,Grocery,438.5,0,0,0,,23.1,432.05,43,18855.64
2024-04-16,S02,Pune,West,Home & Kitchen,2277.67,0,0,0,4255.93,25.2,2235.85,27,61497.21
2024-04-16,S03,Delhi,North,Clothing,1843.68,0,0,0,5971.29,23.3,1780.08,37,68216.31
2024-04-16,S03,Delhi,North,Electronics,14326.78,5,1,0,6317.42,22.1,15553.87,28,401149.86
2024-04-16,S03,Delhi,North,Grocery,423.89,0,0,0,3052.77,22.1,499.03,51,21618.34
2024-04-16,S03,Delhi,North,Home & Kitchen,2162.95,0,0,0,3685.18,22.6,2256.82,29,62725.65
2024-04-16,S04,Bengaluru,South,Clothing,1849.32,0,0,0,3228.25,25.6,1695.91,32,59178.14
2024-04-16,S04,Bengaluru,South,Electronics,15338.86,0,0,0,3486.72,22.9,14417.32,27,414149.34
2024-04-16,S04,Bengaluru,South,Grocery,441.26,0,0,0,5355.45,25.0,442.27,40,17650.42
2024-04-16,S04,Bengaluru,South,Home & Kitchen,2070.29,5,1,0,9093.48,23.6,2275.32,39,80741.21
2024-04-17,S01,Mumbai,West,Clothing,1811.6,0,0,0,3031.34,22.8,1757.01,27,48913.29
2024-04-17,S01,Mumbai,West,Electronics,14520.34,5,1,0,9615.76,25.6,14092.46,33,479171.25
2024-04-17,S01,Mumbai,West,Grocery,360.13,20,1,0,3328.28,23.7,496.43,75,27009.47
2024-04-17,S01,Mumbai,West,Home & Kitchen,2238.88,0,0,0,4136.66,23.2,2058.71,27,60449.73
2024-04-17,S02,Pune,West,Clothing,1565.39,10,1,0,5368.44,21.7,1692.04,35,54788.79
2024-04-17,S02,Pune,West,Electronics,14772.53,0,0,0,3429.16,,15413.83,23,339768.17
2024-04-17,S02,Pune,West,Grocery,465.39,0,0,0,3566.05,24.7,428.88,34,15823.11
2024-04-17,S02,Pune,West,Home & Kitchen,2272.72,0,0,0,6245.51,23.5,2129.07,33,74999.86
2024-04-17,S03,Delhi,North,Clothing,1766.27,0,0,0,3688.18,22.6,1513.64,33,58287.03
2024-04-17,S03,Delhi,North,Electronics,14876.73,0,0,0,5278.72,24.5,15613.01,15,223150.92
2024-04-17,S03,Delhi,North,Grocery,445.94,0,0,0,6797.69,25.1,484.49,45,20067.46
2024-04-17,S03,Delhi,North,Home & Kitchen,2178.64,0,0,0,7102.98,25.6,2321.23,24,52287.38
2024-04-17,S04,Bengaluru,South,Clothing,1444.95,20,1,0,6859.92,23.6,1879.44,61,88142.0
2024-04-17,S04,Bengaluru,South,Electronics,14465.72,0,0,0,4426.13,24.4,14488.02,34,491834.56
2024-04-17,S04,Bengaluru,South,Grocery,338.98,25,1,0,5611.23,21.3,457.39,84,28474.55
2024-04-17,S04,Bengaluru,South,Home & Kitchen,2176.28,0,0,0,3792.01,21.6,2197.61,21,45701.87
2024-04-18,S01,Mumbai,West,Clothing,1525.42,15,1,0,6768.51,25.5,1751.99,49,74745.79
2024-04-18,S01,Mumbai,West,Electronics,14370.59,5,1,0,4273.03,25.2,16748.27,26,373635.41
2024-04-18,S01,Mumbai,West,Grocery,461.45,0,0,0,5709.7,26.4,477.01,48,22149.41
2024-04-18,S01,Mumbai,West,Home & Kitchen,1883.42,15,1,0,6850.53,27.5,2282.0,49,92287.64
2024-04-18,S02,Pune,West,Clothing,1694.97,0,0,0,4976.88,24.9,1995.18,28,47459.16
2024-04-18,S02,Pune,West,Electronics,14146.71,0,0,0,5211.41,25.7,15247.72,24,339521.08
2024-04-18,S02,Pune,West,Grocery,463.74,0,0,0,4969.74,23.2,391.91,32,14839.56
2024-04-18,S02,Pune,West,Home & Kitchen,2139.11,0,0,0,5131.45,29.4,2216.16,26,55616.99
2024-04-18,S03,Delhi,North,Clothing,1714.71,5,1,0,4930.83,23.9,1849.09,33,56585.38
2024-04-18,S03,Delhi,North,Electronics,15384.29,0,0,0,,22.7,15775.04,33,507681.53
2024-04-18,S03,Delhi,North,Grocery,436.76,0,0,0,4553.83,27.1,436.7,46,20090.95
2024-04-18,S03,Delhi,North,Home & Kitchen,1752.13,20,1,0,8063.39,22.0,2281.37,50,87606.68
2024-04-18,S04,Bengaluru,South,Clothing,1774.68,0,0,0,4597.52,24.3,1717.56,27,47916.28
2024-04-18,S04,Bengaluru,South,Electronics,14542.29,0,0,0,5689.48,23.7,15412.29,29,421726.37
2024-04-18,S04,Bengaluru,South,Grocery,458.5,0,0,0,4850.09,23.8,434.31,43,19715.4
2024-04-18,S04,Bengaluru,South,Home & Kitchen,2167.3,0,0,0,7261.98,22.8,2132.17,29,62851.61
2024-04-19,S01,Mumbai,West,Clothing,1722.62,0,0,0,6359.69,25.0,1678.91,39,67182.01
2024-04-19,S01,Mumbai,West,Electronics,15111.15,0,0,0,6123.83,23.6,15614.59,25,377778.83
2024-04-19,S01,Mumbai,West,Grocery,467.64,0,0,0,4329.04,25.5,468.75,40,18705.54
2024-04-19,S01,Mumbai,West,Home & Kitchen,2171.54,0,0,0,5119.06,22.3,2380.95,38,82518.46
2024-04-19,S02,Pune,West,Clothing,1580.13,10,1,0,7374.68,24.6,1849.46,45,71105.84
2024-04-19,S02,Pune,West,Electronics,15513.09,0,0,0,5598.28,20.4,15719.91,15,232696.35
2024-04-19,S02,Pune,West,Grocery,467.15,0,0,0,4529.24,24.4,446.23,37,17284.51
2024-04-19,S02,Pune,West,Home & Kitchen,2084.34,0,0,0,4307.36,24.0,2259.02,28,58361.52
2024-04-19,S03,Delhi,North,Clothing,1821.75,0,0,0,5008.46,23.3,1852.92,23,41900.34
2024-04-19,S03,Delhi,North,Electronics,15391.31,0,0,0,6806.72,18.7,16878.81,38,584869.73
2024-04-19,S03,Delhi,North,Grocery,447.8,0,0,0,2860.03,20.2,449.01,43,19255.4
2024-04-19,S03,Delhi,North,Home & Kitchen,2246.28,0,0,0,5555.21,21.3,2143.43,27,60649.63
2024-04-19,S04,Bengaluru,South,Clothing,1706.36,0,0,0,5984.85,23.1,1741.69,46,78492.47
2024-04-19,S04,Bengaluru,South,Electronics,14396.82,0,0,0,6939.16,21.8,15050.47,24,345523.78
2024-04-19,S04,Bengaluru,South,Grocery,437.49,0,0,0,6551.66,18.0,449.73,44,19249.7
2024-04-19,S04,Bengaluru,South,Home & Kitchen,2221.18,0,0,0,3443.15,23.7,2262.56,18,39981.3
2024-04-20,S01,Mumbai,West,Clothing,1738.29,0,0,0,4248.02,21.9,1748.55,52,90391.27
2024-04-20,S01,Mumbai,West,Electronics,14668.91,0,0,0,2468.98,20.3,14749.41,32,469405.17
2024-04-20,S01,Mumbai,West,Grocery,443.44,0,0,0,4371.54,20.6,452.95,69,30597.7
2024-04-20,S01,Mumbai,West,Home & Kitchen,2202.45,0,0,0,4092.5,23.6,2260.06,42,92502.78
2024-04-20,S02,Pune,West,Clothing,1366.9,25,1,0,4704.13,22.0,1758.05,80,109351.61
2024-04-20,S02,Pune,West,Electronics,14745.55,0,0,0,3090.2,22.3,15978.19,27,398129.81
2024-04-20,S02,Pune,West,Grocery,329.54,25,1,0,7065.55,27.2,468.07,77,25374.35
2024-04-20,S02,Pune,West,Home & Kitchen,2283.97,0,0,0,4494.59,24.1,2245.17,31,70803.18
2024-04-20,S03,Delhi,North,Clothing,1360.4,25,1,0,2519.97,21.0,1762.07,72,97948.92
2024-04-20,S03,Delhi,North,Electronics,11840.12,15,1,0,4618.8,23.9,15600.65,54,639366.28
2024-04-20,S03,Delhi,North,Grocery,427.07,0,0,0,1318.13,24.8,456.56,61,26051.52
2024-04-20,S03,Delhi,North,Home & Kitchen,2229.62,0,0,0,3165.35,23.3,2253.82,51,113710.51
2024-04-20,S04,Bengaluru,South,Clothing,1776.47,0,0,0,4909.38,18.9,1846.27,52,92376.42
2024-04-20,S04,Bengaluru,South,Electronics,14524.8,0,0,0,6428.57,21.6,13920.22,28,406694.49
2024-04-20,S04,Bengaluru,South,Grocery,446.52,0,0,0,3545.2,24.6,409.68,40,17860.99
2024-04-20,S04,Bengaluru,South,Home & Kitchen,2208.57,0,0,0,3547.89,26.0,2179.33,33,72882.77
2024-04-21,S01,Mumbai,West,Clothing,1730.97,0,0,0,3546.57,24.4,1905.97,53,91741.19
2024-04-21,S01,Mumbai,West,Electronics,15315.61,0,0,0,3604.6,23.1,15936.77,39,597308.71
2024-04-21,S01,Mumbai,West,Grocery,449.48,0,0,0,3847.38,24.9,427.37,46,20675.97
2024-04-21,S01,Mumbai,West,Home & Kitchen,2185.43,0,0,0,4733.2,22.9,2335.68,39,85231.85
2024-04-21,S02,Pune,West,Clothing,1789.7,5,1,0,5377.4,25.6,1806.14,42,75167.41
2024-04-21,S02,Pune,West,Electronics,15063.62,0,0,0,5322.26,24.2,14784.97,23,346463.36
2024-04-21,S02,Pune,West,Grocery,444.81,5,1,0,5851.15,27.7,444.32,39,17347.54
2024-04-21,S02,Pune,West,Home & Kitchen,2130.91,0,0,0,7154.98,22.6,2272.06,24,51141.87
2024-04-21,S03,Delhi,North,Clothing,1810.91,0,0,0,4485.99,22.4,1666.39,41,74247.39
2024-04-21,S03,Delhi,North,Electronics,14355.08,0,0,0,4572.91,25.5,15214.88,27,387587.23
2024-04-21,S03,Delhi,North,Grocery,434.92,0,0,0,4537.42,23.8,458.43,64,27834.79
2024-04-21,S03,Delhi,North,Home & Kitchen,2154.51,0,0,0,8232.47,24.5,2234.02,41,88335.02
2024-04-21,S04,Bengaluru,South,Clothing,1833.32,0,0,0,2176.0,24.2,1770.61,38,69666.0
2024-04-21,S04,Bengaluru,South,Electronics,12810.51,15,1,0,6320.63,25.5,16402.57,51,653335.84
2024-04-21,S04,Bengaluru,South,Grocery,448.01,0,0,0,7617.04,23.2,407.86,49,21952.66
2024-04-21,S04,Bengaluru,South,Home & Kitchen,2268.71,0,0,0,6254.91,22.2,2104.23,33,74867.31
2024-04-22,S01,Mumbai,West,Clothing,1870.57,0,0,0,4288.72,24.0,1808.18,40,74822.8
2024-04-22,S01,Mumbai,West,Electronics,16280.38,0,0,0,7274.55,24.8,15515.77,24,390729.18
2024-04-22,S01,Mumbai,West,Grocery,403.73,10,1,0,6966.47,23.6,475.37,64,25838.98
2024-04-22,S01,Mumbai,West,Home & Kitchen,2275.5,0,0,0,7120.35,24.7,2485.11,38,86468.89
2024-04-22,S02,Pune,West,Clothing,1761.73,0,0,0,6473.18,27.1,1738.35,25,44043.17
2024-04-22,S02,Pune,West,Electronics,11726.25,20,1,0,4710.15,29.0,15614.6,43,504228.66
2024-04-22,S02,Pune,West,Grocery,439.27,0,0,0,4661.56,23.9,421.47,39,17131.44
2024-04-22,S02,Pune,West,Home & Kitchen,2167.59,0,0,0,6314.35,22.4,2180.19,24,52022.08
2024-04-22,S03,Delhi,North,Clothing,1724.21,0,0,0,3811.48,25.6,1751.81,36,62071.45
2024-04-22,S03,Delhi,North,Electronics,12526.08,10,1,0,8356.93,23.4,14651.09,35,438412.67
2024-04-22,S03,Delhi,North,Grocery,470.78,0,0,0,3820.69,23.4,425.35,26,12240.37
2024-04-22,S03,Delhi,North,Home & Kitchen,2256.08,0,0,0,5426.63,26.7,2179.04,31,69938.62
2024-04-22,S04,Bengaluru,South,Clothing,1728.32,0,0,0,6185.75,21.5,1813.64,40,69132.64
2024-04-22,S04,Bengaluru,South,Electronics,15452.49,0,0,0,3759.61,21.6,16313.87,28,432669.66
2024-04-22,S04,Bengaluru,South,Grocery,444.58,0,0,0,5877.17,23.5,420.76,51,22673.46
2024-04-22,S04,Bengaluru,South,Home & Kitchen,2371.69,0,0,0,2688.46,25.2,2228.14,20,47433.82
2024-04-23,S01,Mumbai,West,Clothing,1828.65,0,0,0,3551.28,22.3,1733.41,37,67660.07
2024-04-23,S01,Mumbai,West,Electronics,14831.34,0,0,0,4608.65,21.8,16474.6,30,444940.27
2024-04-23,S01,Mumbai,West,Grocery,441.42,0,0,0,3800.26,24.1,453.25,51,22512.61
2024-04-23,S01,Mumbai,West,Home & Kitchen,2170.89,0,0,0,7071.33,26.6,2292.11,44,95519.3
2024-04-23,S02,Pune,West,Clothing,1613.96,10,1,0,6844.13,28.4,1750.78,32,51646.74
2024-04-23,S02,Pune,West,Electronics,14671.39,0,0,0,5185.87,25.6,14027.86,31,454813.21
2024-04-23,S02,Pune,West,Grocery,329.86,25,1,0,8618.24,25.8,430.98,78,25728.99
2024-04-23,S02,Pune,West,Home & Kitchen,2206.34,0,0,0,4816.39,22.9,2120.0,29,63983.97
2024-04-23,S03,Delhi,North,Clothing,1626.17,10,1,0,6308.52,23.2,1889.55,39,63420.47
2024-04-23,S03,Delhi,North,Electronics,14876.78,0,0,0,6329.91,21.5,15232.46,28,416549.94
2024-04-23,S03,Delhi,North,Grocery,465.68,0,0,0,3843.94,24.7,,38,17695.86
2024-04-23,S03,Delhi,North,Home & Kitchen,2188.84,0,0,0,5222.48,24.7,2198.1,27,59098.69
2024-04-23,S04,Bengaluru,South,Clothing,1875.46,0,0,0,1651.86,23.3,1686.86,29,54388.42
2024-04-23,S04,Bengaluru,South,Electronics,15450.87,0,0,0,1993.37,25.8,15143.58,25,386271.83
2024-04-23,S04,Bengaluru,South,Grocery,433.35,0,0,0,4570.55,26.4,431.04,43,18634.21
2024-04-23,S04,Bengaluru,South,Home & Kitchen,2129.35,0,0,0,5652.95,24.5,2178.29,30,63880.54
2024-04-24,S01,Mumbai,West,Clothing,1753.47,0,0,0,4848.18,24.7,1911.25,43,75399.32
2024-04-24,S01,Mumbai,West,Electronics,15031.95,0,0,0,6259.88,25.3,13839.13,21,315670.9
2024-04-24,S01,Mumbai,West,Grocery,459.93,0,0,0,3354.75,24.5,437.01,53,24376.43
2024-04-24,S01,Mumbai,West,Home & Kitchen,2241.91,0,0,0,5282.22,20.9,2078.93,30,67257.39
2024-04-24,S02,Pune,West,Clothing,1808.4,0,0,0,6918.67,24.8,1806.6,40,72335.98
2024-04-24,S02,Pune,West,Electronics,14532.45,0,0,0,6084.62,23.0,13310.21,21,305181.55
2024-04-24,S02,Pune,West,Grocery,440.57,0,0,0,5147.57,23.7,442.6,41,18063.25
2024-04-24,S02,Pune,West,Home & Kitchen,2129.21,0,0,0,1924.51,25.7,2038.28,14,29808.91
2024-04-24,S03,Delhi,North,Clothing,1750.61,0,0,0,3310.77,22.4,1763.29,42,73525.42
2024-04-24,S03,Delhi,North,Electronics,14848.8,0,0,0,3725.33,25.5,15865.41,19,282127.17
2024-04-24,S03,Delhi,North,Grocery,416.81,10,1,0,6601.85,26.8,419.92,59,24591.51
2024-04-24,S03,Delhi,North,Home & Kitchen,2189.78,0,0,0,5170.42,25.0,2310.75,18,39416.05
2024-04-24,S04,Bengaluru,South,Clothing,1809.68,0,0,0,5212.36,21.5,1585.47,35,63338.81
2024-04-24,S04,Bengaluru,South,Electronics,14166.8,0,0,0,4269.45,23.1,14484.82,30,425003.98
2024-04-24,S04,Bengaluru,South,Grocery,458.93,0,0,0,6366.72,22.5,480.98,39,17898.17
2024-04-24,S04,Bengaluru,South,Home & Kitchen,2118.46,0,0,0,3865.43,25.4,2405.23,24,50843.07
2024-04-25,S01,Mumbai,West,Clothing,1769.52,0,0,0,5153.14,24.3,1747.33,33,58394.29
2024-04-25,S01,Mumbai,West,Electronics,14799.21,0,0,0,5355.43,25.8,14800.98,26,384779.4
2024-04-25,S01,Mumbai,West,Grocery,454.9,0,0,0,6697.62,26.4,444.53,55,25019.41
2024-04-25,S01,Mumbai,West,Home & Kitchen,2153.46,0,0,0,5085.9,21.3,2205.62,37,79677.88
2024-04-25,S02,Pune,West,Clothing,1764.98,0,0,0,7153.77,20.2,1770.4,32,56479.22
2024-04-25,S02,Pune,West,Electronics,15426.73,0,0,0,4735.61,24.1,16369.8,24,370241.61
2024-04-25,S02,Pune,West,Grocery,441.06,0,0,0,5186.28,23.0,467.33,45,19847.65
2024-04-25,S02,Pune,West,Home & Kitchen,2261.01,0,0,0,,25.1,2190.32,21,47481.26
2024-04-25,S03,Delhi,North,Clothing,1363.97,20,1,0,6772.92,24.1,1802.03,56,76382.27
2024-04-25,S03,Delhi,North,Electronics,15067.94,0,0,0,3381.76,21.3,14086.3,30,452038.18
2024-04-25,S03,Delhi,North,Grocery,469.85,0,0,0,7580.41,24.5,440.4,51,23962.59
2024-04-25,S03,Delhi,North,Home & Kitchen,2250.69,0,0,0,5828.84,22.0,,28,63019.34
2024-04-25,S04,Bengaluru,South,Clothing,1872.07,0,0,0,7842.45,23.6,1915.65,50,93603.72
2024-04-25,S04,Bengaluru,South,Electronics,11986.92,20,1,0,5484.43,19.4,14501.81,41,491463.6
2024-04-25,S04,Bengaluru,South,Grocery,421.57,0,0,0,6268.5,22.6,507.18,53,22343.2
2024-04-25,S04,Bengaluru,South,Home & Kitchen,2306.64,0,0,0,8245.63,19.2,2301.0,25,57666.01
2024-04-26,S01,Mumbai,West,Clothing,1755.43,0,0,0,4540.98,23.9,,38,66706.5
2024-04-26,S01,Mumbai,West,Electronics,14780.39,0,0,0,4842.56,24.3,14653.11,28,413850.95
2024-04-26,S01,Mumbai,West,Grocery,451.91,0,0,0,4731.68,26.0,428.26,43,19432.33
2024-04-26,S01,Mumbai,West,Home & Kitchen,2253.74,0,0,0,2850.43,27.0,2350.72,29,65358.45
2024-04-26,S02,Pune,West,Clothing,1760.73,0,0,0,2959.19,25.0,1716.03,25,44018.33
2024-04-26,S02,Pune,West,Electronics,15535.37,0,0,0,6370.12,25.8,14749.98,22,341778.24
2024-04-26,S02,Pune,West,Grocery,448.77,0,0,0,5619.86,21.8,445.89,36,16155.88
2024-04-26,S02,Pune,West,Home & Kitchen,2201.38,0,0,0,3130.29,26.6,2140.9,23,50631.77
2024-04-26,S03,Delhi,North,Clothing,1508.76,15,1,0,6400.55,25.0,1769.98,48,72420.69
2024-04-26,S03,Delhi,North,Electronics,13072.26,15,1,0,5633.29,23.4,15943.94,49,640540.93
2024-04-26,S03,Delhi,North,Grocery,424.76,0,0,0,3647.52,25.9,442.8,44,18689.48
2024-04-26,S03,Delhi,North,Home & Kitchen,2258.92,0,0,0,6390.41,24.4,2302.37,45,101651.48
2024-04-26,S04,Bengaluru,South,Clothing,1792.05,0,0,0,7101.66,22.0,1904.28,47,84226.19
2024-04-26,S04,Bengaluru,South,Electronics,14876.69,0,0,0,5150.06,25.3,15290.09,27,401670.62
2024-04-26,S04,Bengaluru,South,Grocery,441.1,0,0,0,5502.02,21.0,475.95,41,18085.07
2024-04-26,S04,Bengaluru,South,Home & Kitchen,1976.58,10,1,0,9259.38,20.4,2291.83,32,63250.68
2024-04-27,S01,Mumbai,West,Clothing,1752.16,0,0,0,7511.54,23.9,1926.32,63,110386.3
2024-04-27,S01,Mumbai,West,Electronics,15695.0,0,0,0,7045.78,17.9,13519.74,34,533630.08
2024-04-27,S01,Mumbai,West,Grocery,363.87,20,1,0,5734.52,22.5,473.79,95,34567.62
2024-04-27,S01,Mumbai,West,Home & Kitchen,2268.46,0,0,0,7579.05,25.5,2172.63,45,102080.8
2024-04-27,S02,Pune,West,Clothing,1818.09,0,0,0,5432.45,25.5,1780.07,36,65451.21
2024-04-27,S02,Pune,West,Electronics,15011.67,0,0,0,6186.22,26.8,15189.35,26,390303.43
2024-04-27,S02,Pune,West,Grocery,438.68,0,0,0,6014.29,24.2,464.29,54,23688.59
2024-04-27,S02,Pune,West,Home & Kitchen,2141.79,0,0,0,5807.89,22.6,2186.97,22,47119.29
2024-04-27,S03,Delhi,North,Clothing,1771.98,0,0,0,4847.24,25.3,1828.38,43,76195.24
2024-04-27,S03,Delhi,North,Electronics,11984.61,20,1,0,4962.46,24.0,14679.94,56,671138.31
2024-04-27,S03,Delhi,North,Grocery,449.24,0,0,0,5138.05,23.9,439.81,57,25606.43
2024-04-27,S03,Delhi,North,Home & Kitchen,2222.83,0,0,0,4962.3,21.8,2204.42,44,97804.48
2024-04-27,S04,Bengaluru,South,Clothing,1677.46,0,0,0,5603.49,24.1,1777.78,37,62065.91
2024-04-27,S04,Bengaluru,South,Electronics,13957.24,0,0,0,6342.23,25.6,16077.38,35,488503.48
2024-04-27,S04,Bengaluru,South,Grocery,440.19,0,0,0,4854.04,24.1,378.57,52,22889.94
2024-04-27,S04,Bengaluru,South,Home & Kitchen,2253.28,0,0,0,6910.86,20.9,2008.49,32,72104.86
2024-04-28,S01,Mumbai,West,Clothing,1824.86,0,0,0,3920.89,23.8,1805.04,50,91242.81
2024-04-28,S01,Mumbai,West,Electronics,14697.16,0,0,0,4645.01,21.4,15795.25,37,543795.03
2024-04-28,S01,Mumbai,West,Grocery,458.31,0,0,0,6038.7,23.9,465.37,53,24290.36
2024-04-28,S01,Mumbai,West,Home & Kitchen,2271.58,0,0,0,6554.51,23.5,2365.63,55,124936.76
2024-04-28,S02,Pune,West,Clothing,1735.34,0,0,0,4238.07,23.5,1681.68,35,60736.85
2024-04-28,S02,Pune,West,Electronics,14758.5,0,0,0,6361.75,23.5,14081.09,24,354204.1
2024-04-28,S02,Pune,West,Grocery,453.12,0,0,0,6022.93,26.2,448.17,41,18578.09
2024-04-28,S02,Pune,West,Home & Kitchen,2147.6,0,0,0,3928.92,25.2,1972.24,25,53690.03
2024-04-28,S03,Delhi,North,Clothing,1959.85,0,0,0,5703.79,24.7,1681.48,50,97992.52
2024-04-28,S03,Delhi,North,Electronics,14728.7,0,0,0,2798.89,26.2,14826.05,43,633334.13
2024-04-28,S03,Delhi,North,Grocery,453.29,0,0,0,4148.33,24.7,455.65,51,23117.95
2024-04-28,S03,Delhi,North,Home & Kitchen,2323.52,0,0,0,3135.84,25.8,2326.48,40,92940.92
2024-04-28,S04,Bengaluru,South,Clothing,1774.77,0,0,0,4233.06,25.4,1809.46,34,60342.33
2024-04-28,S04,Bengaluru,South,Electronics,15373.44,0,0,0,6007.0,25.2,16983.92,37,568817.45
2024-04-28,S04,Bengaluru,South,Grocery,442.45,0,0,0,2572.55,23.9,489.96,76,33626.33
2024-04-28,S04,Bengaluru,South,Home & Kitchen,2125.96,0,0,0,8506.55,26.7,2284.03,45,95668.13
2024-04-29,S01,Mumbai,West,Clothing,1784.47,0,0,0,7087.15,23.3,1665.13,37,66025.5
2024-04-29,S01,Mumbai,West,Electronics,14047.33,5,1,0,2794.67,27.8,14797.2,26,365230.6
2024-04-29,S01,Mumbai,West,Grocery,458.17,0,0,0,3998.62,23.1,454.09,61,27948.58
2024-04-29,S01,Mumbai,West,Home & Kitchen,2297.09,0,0,0,6127.93,27.4,2192.64,29,66615.53
2024-04-29,S02,Pune,West,Clothing,1758.56,0,0,0,3201.92,24.4,1685.54,24,42205.43
2024-04-29,S02,Pune,West,Electronics,12814.31,10,1,0,6725.6,23.6,14046.49,26,333171.97
2024-04-29,S02,Pune,West,Grocery,414.77,0,0,0,7328.21,21.5,455.33,42,17420.47
2024-04-29,S02,Pune,West,Home & Kitchen,2285.6,0,0,0,4085.86,24.6,2032.97,23,52568.81
2024-04-29,S03,Delhi,North,Clothing,1852.71,0,0,0,5888.52,26.4,1781.8,37,68550.45
2024-04-29,S03,Delhi,North,Electronics,14998.06,0,0,0,3870.06,25.2,15391.34,31,464939.8
2024-04-29,S03,Delhi,North,Grocery,444.77,0,0,0,3519.57,22.9,418.89,24,10674.48
2024-04-29,S03,Delhi,North,Home & Kitchen,2076.26,0,0,0,6552.4,24.2,2285.09,45,93431.92
2024-04-29,S04,Bengaluru,South,Clothing,1760.11,0,0,0,4905.9,24.6,1715.41,35,61603.89
2024-04-29,S04,Bengaluru,South,Electronics,15360.9,0,0,0,5140.18,23.1,14773.95,28,430105.06
2024-04-29,S04,Bengaluru,South,Grocery,469.71,0,0,0,3973.0,25.5,441.51,42,19727.73
2024-04-29,S04,Bengaluru,South,Home & Kitchen,2130.06,0,0,0,4080.61,22.4,2301.28,25,53251.42
2024-04-30,S01,Mumbai,West,Clothing,1912.38,0,0,0,3438.14,24.3,2006.06,28,53546.73
2024-04-30,S01,Mumbai,West,Electronics,14285.63,0,0,0,3795.14,22.9,15554.72,31,442854.48
2024-04-30,S01,Mumbai,West,Grocery,416.75,5,1,0,5157.32,20.6,449.04,47,19587.08
2024-04-30,S01,Mumbai,West,Home & Kitchen,2219.3,0,0,0,1587.9,21.3,2236.78,37,82114.15
2024-04-30,S02,Pune,West,Clothing,1789.06,0,0,0,3816.21,23.0,1684.62,31,55460.87
2024-04-30,S02,Pune,West,Electronics,15357.94,0,0,0,6651.15,22.3,14465.29,31,476096.27
2024-04-30,S02,Pune,West,Grocery,453.08,0,0,0,3071.58,23.4,428.85,25,11327.0
2024-04-30,S02,Pune,West,Home & Kitchen,2181.6,0,0,0,4042.87,24.9,2256.1,22,47995.25
2024-04-30,S03,Delhi,North,Clothing,1842.35,0,0,0,4643.14,24.1,1898.67,44,81063.5
2024-04-30,S03,Delhi,North,Electronics,14777.75,0,0,0,877.93,24.5,14604.97,22,325110.46
2024-04-30,S03,Delhi,North,Grocery,424.88,0,0,0,3476.1,24.1,430.78,41,17420.02
2024-04-30,S03,Delhi,North,Home & Kitchen,2263.73,0,0,0,3777.03,23.9,2111.32,24,54329.59
2024-04-30,S04,Bengaluru,South,Clothing,1749.55,0,0,0,6577.06,21.1,1776.48,28,48987.5
2024-04-30,S04,Bengaluru,South,Electronics,14726.54,0,0,0,4402.25,23.3,14733.0,27,397616.55
2024-04-30,S04,Bengaluru,South,Grocery,445.83,0,0,0,5126.36,23.9,414.94,28,12483.19
2024-04-30,S04,Bengaluru,South,Home & Kitchen,2257.25,0,0,0,6182.56,21.6,2022.68,33,74489.32
2024-05-01,S01,Mumbai,West,Clothing,1867.52,0,0,0,5109.17,26.7,1834.85,42,78435.82
2024-05-01,S01,Mumbai,West,Electronics,14659.07,0,0,0,5826.79,24.0,16769.83,33,483749.47
2024-05-01,S01,Mumbai,West,Grocery,462.1,0,0,0,5458.57,27.8,434.68,35,16173.52
2024-05-01,S01,Mumbai,West,Home & Kitchen,2281.7,0,0,0,5061.38,29.9,2161.42,32,73014.54
2024-05-01,S02,Pune,West,Clothing,1817.41,0,0,0,4548.85,27.7,1950.42,41,74513.93
2024-05-01,S02,Pune,West,Electronics,14695.55,0,0,0,5577.64,29.3,15482.17,19,279215.44
2024-05-01,S02,Pune,West,Grocery,370.0,15,1,0,6584.03,27.3,434.57,55,20349.78
2024-05-01,S02,Pune,West,Home & Kitchen,2240.56,0,0,0,6530.77,26.3,2020.1,29,64976.1
2024-05-01,S03,Delhi,North,Clothing,1777.98,0,0,0,5053.11,27.5,1717.46,39,69341.32
2024-05-01,S03,Delhi,North,Electronics,14335.19,0,0,0,6355.96,29.9,15344.11,30,430055.84
2024-05-01,S03,Delhi,North,Grocery,461.93,0,0,0,7463.43,27.5,432.89,44,20324.88
2024-05-01,S03,Delhi,North,Home & Kitchen,1920.64,10,1,0,4191.42,29.0,2160.62,43,82587.39
2024-05-01,S04,Bengaluru,South,Clothing,1821.62,0,0,0,3816.18,24.7,2018.08,33,60113.61
2024-05-01,S04,Bengaluru,South,Electronics,14860.71,0,0,0,2715.59,27.1,14875.95,23,341796.39
2024-05-01,S04,Bengaluru,South,Grocery,464.39,0,0,0,5752.61,28.7,492.98,44,20432.97
2024-05-01,S04,Bengaluru,South,Home & Kitchen,1905.71,10,1,0,4313.34,27.7,2108.46,35,66699.81
2024-05-02,S01,Mumbai,West,Clothing,1870.71,0,0,0,6774.66,33.3,1770.85,34,63604.21
2024-05-02,S01,Mumbai,West,Electronics,14231.22,0,0,0,5593.26,30.5,14735.07,34,483861.48
2024-05-02,S01,Mumbai,West,Grocery,408.1,10,1,0,3225.52,31.7,402.07,53,21629.44
2024-05-02,S01,Mumbai,West,Home & Kitchen,2307.2,0,0,0,4809.31,27.9,2217.55,35,80751.86
2024-05-02,S02,Pune,West,Clothing,1718.18,0,0,0,4558.22,30.0,1836.51,25,42954.42
2024-05-02,S02,Pune,West,Electronics,14497.23,0,0,0,2499.11,30.1,14612.59,26,376928.05
2024-05-02,S02,Pune,West,Grocery,440.96,0,0,0,4846.43,28.5,421.74,30,13228.89
2024-05-02,S02,Pune,West,Home & Kitchen,2199.34,0,0,0,2350.6,25.9,2179.1,18,39588.14
2024-05-02,S03,Delhi,North,Clothing,1790.0,0,0,0,3982.0,29.7,1775.27,38,68019.84
2024-05-02,S03,Delhi,North,Electronics,13116.36,15,1,0,7513.87,25.7,14135.88,50,655818.05
2024-05-02,S03,Delhi,North,Grocery,458.34,0,0,0,5019.91,28.2,468.43,60,27500.44
2024-05-02,S03,Delhi,North,Home & Kitchen,2198.89,0,0,0,4904.46,27.0,2106.53,40,87955.41
2024-05-02,S04,Bengaluru,South,Clothing,1659.28,5,1,0,6752.45,25.4,1961.33,37,61393.48
2024-05-02,S04,Bengaluru,South,Electronics,14312.2,5,1,0,4559.07,26.6,15306.44,31,443678.12
2024-05-02,S04,Bengaluru,South,Grocery,451.8,0,0,0,5132.97,29.0,441.03,52,23493.73
2024-05-02,S04,Bengaluru,South,Home & Kitchen,2294.79,0,0,0,6324.38,32.1,2118.02,21,48190.51
2024-05-03,S01,Mumbai,West,Clothing,1560.82,15,1,0,8036.44,25.2,1886.05,59,92088.1
2024-05-03,S01,Mumbai,West,Electronics,15284.31,0,0,0,2649.41,28.0,14684.14,25,382107.8
2024-05-03,S01,Mumbai,West,Grocery,444.13,0,0,0,5331.65,24.6,418.21,48,21318.37
2024-05-03,S01,Mumbai,West,Home & Kitchen,2125.94,0,0,0,6024.22,29.2,2223.37,36,76534.0
2024-05-03,S02,Pune,West,Clothing,1792.94,0,0,0,4089.67,30.8,1853.63,20,35858.72
2024-05-03,S02,Pune,West,Electronics,15013.17,0,0,0,3811.89,24.1,14748.16,17,255223.87
2024-05-03,S02,Pune,West,Grocery,441.29,0,0,0,4548.68,28.5,463.54,40,17651.56
2024-05-03,S02,Pune,West,Home & Kitchen,2084.2,0,0,0,6106.64,29.1,2108.61,29,60441.8
2024-05-03,S03,Delhi,North,Clothing,1938.86,0,0,0,3964.51,26.6,1894.76,29,56227.08
2024-05-03,S03,Delhi,North,Electronics,15191.06,0,0,0,,31.2,15656.97,25,379776.39
2024-05-03,S03,Delhi,North,Grocery,441.62,0,0,0,4714.87,24.7,454.44,47,20756.19
2024-05-03,S03,Delhi,North,Home & Kitchen,2201.62,0,0,0,4316.3,27.0,2081.26,18,39629.12
2024-05-03,S04,Bengaluru,South,Clothing,1717.73,0,0,0,3723.74,30.1,1825.33,38,65273.87
2024-05-03,S04,Bengaluru,South,Electronics,15186.21,0,0,0,3552.79,28.6,14359.01,28,425213.78
2024-05-03,S04,Bengaluru,South,Grocery,410.44,10,1,0,6778.56,28.7,428.48,59,24215.89
2024-05-03,S04,Bengaluru,South,Home & Kitchen,2255.72,0,0,0,5523.91,26.6,2319.14,37,83461.66
2024-05-04,S01,Mumbai,West,Clothing,1777.18,0,0,0,4369.61,26.8,1863.21,49,87081.64
2024-05-04,S01,Mumbai,West,Electronics,16259.86,0,0,0,3913.49,30.2,15089.0,31,504055.78
2024-05-04,S01,Mumbai,West,Grocery,430.5,5,1,0,4639.72,28.0,433.29,72,30996.29
2024-05-04,S01,Mumbai,West,Home & Kitchen,2160.19,0,0,0,4323.45,23.2,2023.06,39,84247.27
2024-05-04,S02,Pune,West,Clothing,1730.29,0,0,0,4979.54,25.5,1801.01,33,57099.7
2024-05-04,S02,Pune,West,Electronics,14849.64,0,0,0,4683.11,27.2,14441.62,30,445489.3
2024-05-04,S02,Pune,West,Grocery,462.73,0,0,0,6136.67,29.1,443.45,50,23136.64
2024-05-04,S02,Pune,West,Home & Kitchen,2249.29,0,0,0,5513.45,29.7,2101.62,37,83223.79
2024-05-04,S03,Delhi,North,Clothing,1765.66,0,0,0,7370.81,27.2,1867.2,52,91814.31
2024-05-04,S03,Delhi,North,Electronics,15652.02,0,0,0,5529.86,21.9,15146.98,32,500864.53
2024-05-04,S03,Delhi,North,Grocery,461.42,0,0,0,3972.06,25.8,457.61,74,34144.74
2024-05-04,S03,Delhi,North,Home & Kitchen,2196.73,0,0,0,5570.03,26.1,2494.76,47,103246.26
2024-05-04,S04,Bengaluru,South,Clothing,1761.24,0,0,0,4577.67,32.4,1628.78,46,81016.92
2024-05-04,S04,Bengaluru,South,Electronics,14708.08,0,0,0,8888.94,27.6,13977.95,36,529490.98
2024-05-04,S04,Bengaluru,South,Grocery,423.71,5,1,0,5590.57,27.7,438.01,73,30930.53
2024-05-04,S04,Bengaluru,South,Home & Kitchen,2154.71,0,0,0,3161.75,26.6,2334.61,55,118508.93
2024-05-05,S01,Mumbai,West,Clothing,1832.28,0,0,0,5832.6,27.0,1917.98,54,98943.16
2024-05-05,S01,Mumbai,West,Electronics,14834.99,0,0,0,4127.42,28.6,15740.44,49,726914.73
2024-05-05,S01,Mumbai,West,Grocery,454.65,0,0,0,6283.21,27.9,429.91,58,26369.73
2024-05-05,S01,Mumbai,West,Home & Kitchen,2101.28,0,0,0,4652.43,27.5,2151.42,42,88253.92
2024-05-05,S02,Pune,West,Clothing,1763.05,0,0,0,8669.97,27.0,1845.57,55,96967.92
2024-05-05,S02,Pune,West,Electronics,14316.88,0,0,0,4869.17,25.6,15874.34,32,458140.02
2024-05-05,S02,Pune,West,Grocery,456.81,0,0,0,6944.81,31.8,369.05,42,19186.11
2024-05-05,S02,Pune,West,Home & Kitchen,2270.87,0,0,0,4891.05,26.8,2209.38,29,65855.35
2024-05-05,S03,Delhi,North,Clothing,1632.39,10,1,0,5635.91,24.8,1840.71,61,99575.75
2024-05-05,S03,Delhi,North,Electronics,14443.33,0,0,0,4327.55,30.9,14997.24,24,346640.03
2024-05-05,S03,Delhi,North,Grocery,451.68,0,0,0,5100.86,30.4,428.99,62,28004.07
2024-05-05,S03,Delhi,North,Home & Kitchen,2140.43,0,0,0,5855.17,31.6,2383.49,45,96319.3
2024-05-05,S04,Bengaluru,South,Clothing,1840.2,0,0,0,4292.17,26.7,1847.08,25,46005.12
2024-05-05,S04,Bengaluru,South,Electronics,11690.74,20,1,0,9590.74,27.1,14825.32,58,678062.88
2024-05-05,S04,Bengaluru,South,Grocery,459.76,0,0,0,5989.96,29.1,442.79,64,29424.79
2024-05-05,S04,Bengaluru,South,Home & Kitchen,2302.83,0,0,0,4925.06,29.9,2118.99,44,101324.61
2024-05-06,S01,Mumbai,West,Clothing,1781.16,0,0,0,5631.77,32.1,1740.39,39,69465.36
2024-05-06,S01,Mumbai,West,Electronics,14249.96,0,0,0,4451.8,28.9,14574.97,28,398998.85
2024-05-06,S01,Mumbai,West,Grocery,394.91,15,1,0,6983.99,28.6,456.51,76,30013.42
2024-05-06,S01,Mumbai,West,Home & Kitchen,2270.04,0,0,0,5929.12,29.5,2064.35,35,79451.24
2024-05-06,S02,Pune,West,Clothing,1842.59,0,0,0,2412.17,24.8,1905.83,29,53434.99
2024-05-06,S02,Pune,West,Electronics,14378.68,0,0,0,5536.61,28.3,15651.4,34,488874.97
2024-05-06,S02,Pune,West,Grocery,447.77,0,0,0,4112.36,26.3,460.83,40,17910.61
2024-05-06,S02,Pune,West,Home & Kitchen,2321.6,0,0,0,4327.93,29.2,2203.14,27,62683.21
2024-05-06,S03,Delhi,North,Clothing,1899.43,0,0,0,4982.41,31.6,1835.0,39,74077.79
2024-05-06,S03,Delhi,North,Electronics,14273.35,0,0,0,6535.1,26.3,15206.02,30,428200.64
2024-05-06,S03,Delhi,North,Grocery,458.56,0,0,0,4042.96,30.8,450.91,41,18800.82
2024-05-06,S03,Delhi,North,Home & Kitchen,1899.85,10,1,0,5153.88,27.5,,54,102591.65
2024-05-06,S04,Bengaluru,South,Clothing,1780.81,0,0,0,5621.41,26.0,1776.25,32,56985.79
2024-05-06,S04,Bengaluru,South,Electronics,14511.36,0,0,0,3111.77,26.6,15232.43,26,377295.41
2024-05-06,S04,Bengaluru,South,Grocery,441.69,0,0,0,,29.3,463.83,52,22967.64
2024-05-06,S04,Bengaluru,South,Home & Kitchen,2235.93,0,0,0,5156.88,,2073.18,35,78257.63
2024-05-07,S01,Mumbai,West,Clothing,1888.03,0,0,0,4190.09,25.4,1828.66,38,71745.33
2024-05-07,S01,Mumbai,West,Electronics,15405.0,0,0,0,2936.13,,14526.78,28,431340.0
2024-05-07,S01,Mumbai,West,Grocery,392.29,10,1,0,6746.19,26.1,468.26,75,29421.69
2024-05-07,S01,Mumbai,West,Home & Kitchen,1785.37,15,1,0,4607.56,27.9,2155.22,64,114263.77
2024-05-07,S02,Pune,West,Clothing,1796.01,0,0,0,6705.77,31.7,1836.7,26,46696.32
2024-05-07,S02,Pune,West,Electronics,15151.44,0,0,0,3789.57,25.5,14636.89,17,257574.56
2024-05-07,S02,Pune,West,Grocery,440.34,0,0,0,7530.41,26.1,471.92,48,21136.53
2024-05-07,S02,Pune,West,Home & Kitchen,1659.65,20,1,0,6875.67,30.4,2260.09,46,76343.88
2024-05-07,S03,Delhi,North,Clothing,1760.92,0,0,0,4884.19,32.2,1833.57,35,61632.23
2024-05-07,S03,Delhi,North,Electronics,14578.82,0,0,0,3947.81,28.8,14984.89,17,247839.91
2024-05-07,S03,Delhi,North,Grocery,437.66,0,0,0,7895.06,24.5,432.58,40,17506.22
2024-05-07,S03,Delhi,North,Home & Kitchen,2073.67,0,0,0,5181.91,27.4,2249.39,36,74652.04
2024-05-07,S04,Bengaluru,South,Clothing,1746.1,0,0,0,5822.83,30.8,1762.82,31,54129.24
2024-05-07,S04,Bengaluru,South,Electronics,15670.02,0,0,0,5589.16,28.3,16285.69,21,329070.35
2024-05-07,S04,Bengaluru,South,Grocery,443.99,0,0,0,5279.82,30.0,454.81,57,25307.6
2024-05-07,S04,Bengaluru,South,Home & Kitchen,2186.8,0,0,0,5109.85,28.0,1965.18,22,48109.7
2024-05-08,S01,Mumbai,West,Clothing,1821.83,0,0,0,5923.92,28.9,1693.27,37,67407.75
2024-05-08,S01,Mumbai,West,Electronics,14672.88,0,0,0,4057.44,29.4,15792.89,25,366822.09
2024-05-08,S01,Mumbai,West,Grocery,467.89,0,0,0,2589.56,25.1,447.11,47,21990.7
2024-05-08,S01,Mumbai,West,Home & Kitchen,2082.53,0,0,0,4138.94,30.5,2112.53,37,77053.63
2024-05-08,S02,Pune,West,Clothing,1890.13,0,0,0,4972.44,29.7,1947.63,31,58594.02
2024-05-08,S02,Pune,West,Electronics,14704.94,0,0,0,8013.06,25.4,15513.09,32,470558.04
2024-05-08,S02,Pune,West,Grocery,368.46,20,1,0,3423.03,28.5,431.74,48,17685.84
2024-05-08,S02,Pune,West,Home & Kitchen,1991.54,0,0,0,4339.97,27.3,2078.78,29,57754.72
2024-05-08,S03,Delhi,North,Clothing,1808.09,0,0,0,5557.28,,1779.26,34,61475.01
2024-05-08,S03,Delhi,North,Electronics,15179.49,0,0,0,3010.21,30.9,15331.17,34,516102.54
2024-05-08,S03,Delhi,North,Grocery,453.22,0,0,0,5377.72,26.9,433.35,42,19035.32
2024-05-08,S03,Delhi,North,Home & Kitchen,2186.85,0,0,0,4272.01,29.4,2140.38,25,54671.23
2024-05-08,S04,Bengaluru,South,Clothing,1772.89,0,0,0,8230.25,27.2,1799.48,36,63824.02
2024-05-08,S04,Bengaluru,South,Electronics,15548.81,0,0,0,2973.53,30.5,14190.46,13,202134.49
2024-05-08,S04,Bengaluru,South,Grocery,442.98,0,0,0,4842.58,32.6,435.57,35,15504.25
2024-05-08,S04,Bengaluru,South,Home & Kitchen,2206.28,0,0,0,7699.08,27.0,2020.4,40,88251.27
2024-05-09,S01,Mumbai,West,Clothing,1814.17,0,0,0,7793.74,28.5,1859.97,48,87080.04
2024-05-09,S01,Mumbai,West,Electronics,15584.71,0,0,0,3907.08,32.6,15283.98,42,654557.66
2024-05-09,S01,Mumbai,West,Grocery,450.31,0,0,0,4844.91,25.2,481.7,43,19363.45
2024-05-09,S01,Mumbai,West,Home & Kitchen,2127.57,0,0,0,5289.99,30.4,2311.3,26,55316.87
2024-05-09,S02,Pune,West,Clothing,1796.1,0,0,0,4343.18,24.0,1796.65,36,64659.65
2024-05-09,S02,Pune,West,Electronics,15229.62,0,0,0,4846.31,30.2,14816.07,30,456888.49
2024-05-09,S02,Pune,West,Grocery,474.23,0,0,0,5885.39,30.9,460.81,37,17546.46
2024-05-09,S02,Pune,West,Home & Kitchen,2242.18,0,0,0,4326.39,25.1,2102.71,23,51570.13
2024-05-09,S03,Delhi,North,Clothing,1799.02,0,0,0,4184.05,29.5,1899.19,55,98946.1
2024-05-09,S03,Delhi,North,Electronics,12309.22,20,1,0,5734.99,29.1,14844.55,42,516987.36
2024-05-09,S03,Delhi,North,Grocery,453.36,0,0,0,5209.19,26.5,458.32,48,21761.51
2024-05-09,S03,Delhi,North,Home & Kitchen,2209.48,0,0,0,6150.23,28.0,2078.1,33,72912.91
2024-05-09,S04,Bengaluru,South,Clothing,1575.62,15,1,0,5725.19,27.8,1973.58,63,99263.96
2024-05-09,S04,Bengaluru,South,Electronics,14508.43,0,0,0,5335.46,28.2,15847.06,32,464269.61
2024-05-09,S04,Bengaluru,South,Grocery,435.88,0,0,0,5021.21,26.0,406.31,47,20486.51
2024-05-09,S04,Bengaluru,South,Home & Kitchen,2072.47,0,0,0,3408.03,28.6,2121.7,36,74608.92
2024-05-10,S01,Mumbai,West,Clothing,1806.86,0,0,0,,28.7,1797.93,42,75888.2
2024-05-10,S01,Mumbai,West,Electronics,14873.09,0,0,0,6157.3,29.9,13466.45,24,356954.09
2024-05-10,S01,Mumbai,West,Grocery,443.17,0,0,0,3234.1,30.7,432.38,64,28362.68
2024-05-10,S01,Mumbai,West,Home & Kitchen,2085.27,0,0,0,7007.73,26.1,2312.57,43,89666.67
2024-05-10,S02,Pune,West,Clothing,1852.27,0,0,0,1972.68,27.9,1853.9,34,62977.27
2024-05-10,S02,Pune,West,Electronics,15065.94,0,0,0,4988.47,27.7,14746.84,33,497175.99
2024-05-10,S02,Pune,West,Grocery,427.14,5,1,0,4396.77,25.1,445.28,39,16658.5
2024-05-10,S02,Pune,West,Home & Kitchen,2160.44,0,0,0,5095.63,25.4,2323.56,34,73455.12
2024-05-10,S03,Delhi,North,Clothing,1752.01,0,0,0,4328.32,29.4,1757.83,31,54312.18
2024-05-10,S03,Delhi,North,Electronics,13615.94,10,1,0,6739.89,28.7,14781.86,40,544637.72
2024-05-10,S03,Delhi,North,Grocery,446.87,0,0,0,5175.21,28.5,435.44,55,24578.1
2024-05-10,S03,Delhi,North,Home & Kitchen,2239.8,0,0,0,5735.38,23.4,2176.92,34,76153.08
2024-05-10,S04,Bengaluru,South,Clothing,1820.82,0,0,0,5484.08,28.3,1813.35,37,67370.52
2024-05-10,S04,Bengaluru,South,Electronics,14596.89,0,0,0,4264.1,25.3,14923.35,19,277340.92
2024-05-10,S04,Bengaluru,South,Grocery,449.71,0,0,0,6251.64,29.0,432.46,38,17089.05
2024-05-10,S04,Bengaluru,South,Home & Kitchen,2111.97,0,0,0,3991.84,22.6,2130.06,36,76030.85
2024-05-11,S01,Mumbai,West,Clothing,1893.97,0,0,0,5849.53,30.5,1825.29,47,89016.8
2024-05-11,S01,Mumbai,West,Electronics,14715.68,0,0,0,6213.68,24.8,14080.96,44,647490.05
2024-05-11,S01,Mumbai,West,Grocery,442.75,0,0,0,4944.7,26.0,446.95,56,24794.21
2024-05-11,S01,Mumbai,West,Home & Kitchen,2217.96,0,0,0,6212.7,29.6,2261.63,44,97590.35
2024-05-11,S02,Pune,West,Clothing,1842.92,0,0,0,6144.14,27.4,1863.36,51,93988.81
2024-05-11,S02,Pune,West,Electronics,15471.39,0,0,0,3993.88,27.9,14962.72,37,572441.57
2024-05-11,S02,Pune,West,Grocery,428.42,0,0,0,4037.34,28.7,402.35,56,23991.67
2024-05-11,S02,Pune,West,Home & Kitchen,2105.62,0,0,0,7579.63,26.6,2175.29,38,80013.54
2024-05-11,S03,Delhi,North,Clothing,1841.85,0,0,0,6405.5,28.4,1710.51,45,82883.13
2024-05-11,S03,Delhi,North,Electronics,11298.47,25,1,0,4538.47,29.7,13674.03,50,564923.56
2024-05-11,S03,Delhi,North,Grocery,413.9,0,0,0,6961.71,27.8,447.63,72,29800.95
2024-05-11,S03,Delhi,North,Home & Kitchen,2277.22,0,0,0,6076.23,32.0,2120.77,27,61484.97
2024-05-11,S04,Bengaluru,South,Clothing,1823.36,0,0,0,6762.73,26.6,1889.82,54,98461.22
2024-05-11,S04,Bengaluru,South,Electronics,14522.73,0,0,0,4787.14,28.0,14817.01,41,595431.88
2024-05-11,S04,Bengaluru,South,Grocery,461.72,0,0,0,4975.22,28.0,455.66,58,26779.56
2024-05-11,S04,Bengaluru,South,Home & Kitchen,2251.19,0,0,0,553.16,28.5,2199.39,43,96801.22
2024-05-12,S01,Mumbai,West,Clothing,1722.58,0,0,0,6008.23,30.4,1786.83,47,80961.14
2024-05-12,S01,Mumbai,West,Electronics,14919.92,0,0,0,4781.28,28.9,16125.93,36,537117.09
2024-05-12,S01,Mumbai,West,Grocery,436.48,0,0,0,1527.08,27.0,448.85,57,24879.45
2024-05-12,S01,Mumbai,West,Home & Kitchen,2128.42,0,0,0,6613.11,26.0,2060.56,39,83008.39
2024-05-12,S02,Pune,West,Clothing,1799.29,0,0,0,2838.55,26.5,1716.12,38,68372.87
2024-05-12,S02,Pune,West,Electronics,14625.53,0,0,0,3494.93,28.9,15482.43,32,468017.11
2024-05-12,S02,Pune,West,Grocery,440.51,0,0,0,5090.12,27.6,493.94,51,22466.06
2024-05-12,S02,Pune,West,Home & Kitchen,2207.1,0,0,0,2730.69,27.1,2240.25,34,75041.3
2024-05-12,S03,Delhi,North,Clothing,1739.77,0,0,0,2769.03,30.4,1675.45,37,64371.59
2024-05-12,S03,Delhi,North,Electronics,15384.54,0,0,0,3428.74,25.0,16023.65,27,415382.61
2024-05-12,S03,Delhi,North,Grocery,452.32,0,0,0,4966.89,29.4,443.93,63,28496.08
2024-05-12,S03,Delhi,North,Home & Kitchen,2256.03,0,0,0,4573.72,27.0,2278.52,40,90241.19
2024-05-12,S04,Bengaluru,South,Clothing,1820.02,0,0,0,4962.41,26.4,1838.55,37,67340.59
2024-05-12,S04,Bengaluru,South,Electronics,14331.75,0,0,0,6577.22,29.0,13836.11,34,487279.53
2024-05-12,S04,Bengaluru,South,Grocery,378.62,15,1,0,7473.44,28.4,433.64,63,23852.94
2024-05-12,S04,Bengaluru,South,Home & Kitchen,2214.61,0,0,0,6014.51,25.5,2265.72,45,99657.24
2024-05-13,S01,Mumbai,West,Clothing,1899.27,0,0,0,2808.54,27.1,1777.41,42,79769.24
2024-05-13,S01,Mumbai,West,Electronics,15341.0,0,0,0,4411.94,30.3,15301.45,27,414206.99
2024-05-13,S01,Mumbai,West,Grocery,426.5,0,0,0,2688.75,32.2,474.57,47,20045.39
2024-05-13,S01,Mumbai,West,Home & Kitchen,2088.44,0,0,0,5094.98,28.1,2189.21,28,58476.36
2024-05-13,S02,Pune,West,Clothing,1383.16,20,1,0,7490.21,30.1,1803.85,56,77457.17
2024-05-13,S02,Pune,West,Electronics,13594.25,10,1,0,5772.65,,14330.85,33,448610.27
2024-05-13,S02,Pune,West,Grocery,457.55,0,0,0,4401.77,29.7,445.42,35,16014.23
2024-05-13,S02,Pune,West,Home & Kitchen,2170.35,0,0,0,5751.06,27.9,2145.32,31,67280.73
2024-05-13,S03,Delhi,North,Clothing,1841.9,0,0,0,5280.37,25.5,1744.5,37,68150.17
2024-05-13,S03,Delhi,North,Electronics,14793.26,0,0,0,4374.73,25.3,14127.73,32,473384.21
2024-05-13,S03,Delhi,North,Grocery,453.24,0,0,0,4285.3,25.3,423.58,50,22661.88
2024-05-13,S03,Delhi,North,Home & Kitchen,2265.78,0,0,0,5387.49,26.3,2216.73,38,86099.61
2024-05-13,S04,Bengaluru,South,Clothing,1705.27,0,0,0,5146.04,27.8,1835.73,33,56273.91
2024-05-13,S04,Bengaluru,South,Electronics,15877.97,0,0,0,5558.65,29.4,15293.94,35,555729.11
2024-05-13,S04,Bengaluru,South,Grocery,439.22,0,0,0,6412.05,29.5,453.31,50,21960.82
2024-05-13,S04,Bengaluru,South,Home & Kitchen,2296.73,0,0,0,6230.85,30.9,2225.6,31,71198.75
2024-05-14,S01,Mumbai,West,Clothing,1789.95,0,0,0,5690.34,28.4,1721.86,36,64438.12
2024-05-14,S01,Mumbai,West,Electronics,14897.66,0,0,0,5209.89,30.4,14428.35,37,551213.45
2024-05-14,S01,Mumbai,West,Grocery,459.14,0,0,0,6783.55,26.5,452.38,56,25712.11
2024-05-14,S01,Mumbai,West,Home & Kitchen,2197.24,0,0,0,7242.62,29.3,2051.81,35,76903.27
2024-05-14,S02,Pune,West,Clothing,1794.32,0,0,0,7612.0,30.0,1634.27,44,78950.22
2024-05-14,S02,Pune,West,Electronics,14522.86,5,1,0,6049.59,27.2,15376.8,27,392117.28
2024-05-14,S02,Pune,West,Grocery,444.02,0,0,0,705.09,29.3,454.53,34,15096.79
2024-05-14,S02,Pune,West,Home & Kitchen,2115.77,0,0,0,4785.44,28.0,2250.08,28,59241.6
2024-05-14,S03,Delhi,North,Clothing,1732.04,5,1,0,4522.34,27.6,1743.36,42,72745.5
2024-05-14,S03,Delhi,North,Electronics,15475.4,0,0,0,5617.86,28.5,16211.59,27,417835.83
2024-05-14,S03,Delhi,North,Grocery,437.23,0,0,0,5241.59,28.7,437.01,54,23610.64
2024-05-14,S03,Delhi,North,Home & Kitchen,1921.07,10,1,0,6918.1,27.7,2294.19,42,80685.13
2024-05-14,S04,Bengaluru,South,Clothing,1698.4,5,1,0,7096.68,27.2,1860.24,41,69634.55
2024-05-14,S04,Bengaluru,South,Electronics,14669.54,0,0,0,6304.89,29.0,15206.19,31,454755.85
2024-05-14,S04,Bengaluru,South,Grocery,476.32,0,0,0,7715.65,28.4,450.18,52,24768.85
2024-05-14,S04,Bengaluru,South,Home & Kitchen,2226.27,0,0,0,6323.84,30.1,2127.02,36,80145.75
2024-05-15,S01,Mumbai,West,Clothing,1724.07,0,0,0,3474.86,24.3,1871.14,53,91375.6
2024-05-15,S01,Mumbai,West,Electronics,14776.47,0,0,0,3775.14,27.1,14872.19,34,502400.11
2024-05-15,S01,Mumbai,West,Grocery,476.74,0,0,0,5553.58,28.7,453.01,49,23360.36
2024-05-15,S01,Mumbai,West,Home & Kitchen,2201.13,0,0,0,2388.23,26.3,2183.8,39,85844.05
2024-05-15,S02,Pune,West,Clothing,1771.23,0,0,0,3075.79,28.5,1788.31,28,49594.45
2024-05-15,S02,Pune,West,Electronics,14718.2,0,0,0,4869.64,27.2,16873.37,23,338518.65
2024-05-15,S02,Pune,West,Grocery,438.41,0,0,0,5917.2,28.1,435.95,43,18851.53
2024-05-15,S02,Pune,West,Home & Kitchen,2194.54,0,0,0,4669.11,27.5,1926.24,29,63641.53
2024-05-15,S03,Delhi,North,Clothing,1848.49,0,0,0,1986.46,23.8,1735.98,38,70242.57
2024-05-15,S03,Delhi,North,Electronics,15893.26,0,0,0,4781.86,27.6,14818.25,30,476797.72
2024-05-15,S03,Delhi,North,Grocery,457.73,0,0,0,6187.01,27.3,437.37,48,21970.83
2024-05-15,S03,Delhi,North,Home & Kitchen,2273.45,0,0,0,6123.29,27.0,2226.66,29,65930.02
2024-05-15,S04,Bengaluru,South,Clothing,1848.71,0,0,0,3985.35,24.4,,33,61007.51
2024-05-15,S04,Bengaluru,South,Electronics,15341.8,0,0,0,5753.87,28.3,16700.82,35,536963.05
2024-05-15,S04,Bengaluru,South,Grocery,444.74,0,0,0,5727.74,25.9,475.84,49,21792.11
2024-05-15,S04,Bengaluru,South,Home & Kitchen,2121.09,0,0,0,4944.6,29.5,2188.7,34,72116.97
2024-05-16,S01,Mumbai,West,Clothing,1759.38,0,0,0,4115.17,28.2,1934.07,53,93247.18
2024-05-16,S01,Mumbai,West,Electronics,14910.53,0,0,0,3279.75,30.3,15009.93,25,372763.14
2024-05-16,S01,Mumbai,West,Grocery,428.16,0,0,0,4469.28,30.1,412.77,46,19695.46
2024-05-16,S01,Mumbai,West,Home & Kitchen,2076.59,0,0,0,8033.36,29.6,2271.22,43,89293.56
2024-05-16,S02,Pune,West,Clothing,1769.14,0,0,0,6752.54,26.7,1774.88,41,72534.88
2024-05-16,S02,Pune,West,Electronics,15507.24,0,0,0,7482.73,27.2,15137.34,19,294637.59
2024-05-16,S02,Pune,West,Grocery,437.82,0,0,0,6169.64,29.0,443.35,44,19264.1
2024-05-16,S02,Pune,West,Home & Kitchen,1678.04,25,1,0,3251.45,29.4,2326.65,35,58731.47
2024-05-16,S03,Delhi,North,Clothing,1789.51,0,0,0,4878.22,26.0,1694.2,25,44737.83
2024-05-16,S03,Delhi,North,Electronics,14521.76,0,0,0,8954.75,27.4,15913.14,40,580870.49
2024-05-16,S03,Delhi,North,Grocery,453.3,0,0,0,6774.44,26.5,441.41,55,24931.66
2024-05-16,S03,Delhi,North,Home & Kitchen,2114.01,5,1,0,7193.13,27.0,2014.03,30,63420.25
2024-05-16,S04,Bengaluru,South,Clothing,1676.15,0,0,0,5301.36,26.2,1678.23,32,53636.73
2024-05-16,S04,Bengaluru,South,Electronics,14847.63,0,0,0,3901.45,33.4,14806.46,37,549362.17
2024-05-16,S04,Bengaluru,South,Grocery,459.87,0,0,0,5198.64,27.0,456.47,40,18394.86
2024-05-16,S04,Bengaluru,South,Home & Kitchen,2131.91,0,0,0,3893.83,31.9,2109.19,25,53297.87
2024-05-17,S01,Mumbai,West,Clothing,1710.86,0,0,0,8242.91,26.4,1749.9,38,65012.54
2024-05-17,S01,Mumbai,West,Electronics,14427.67,0,0,0,3589.67,29.9,15551.8,32,461685.29
2024-05-17,S01,Mumbai,West,Grocery,437.17,0,0,0,3636.89,30.0,429.75,29,12677.91
2024-05-17,S01,Mumbai,West,Home & Kitchen,1829.96,15,1,0,9873.17,27.0,2309.13,59,107967.72
2024-05-17,S02,Pune,West,Clothing,1808.41,0,0,0,5038.16,26.7,1769.49,43,77761.82
2024-05-17,S02,Pune,West,Electronics,14250.18,0,0,0,4810.54,30.2,15026.79,25,356254.38
2024-05-17,S02,Pune,West,Grocery,451.24,0,0,0,4758.4,26.7,453.64,33,14890.84
2024-05-17,S02,Pune,West,Home & Kitchen,2211.55,0,0,0,2366.32,26.5,2149.92,23,50865.54
2024-05-17,S03,Delhi,North,Clothing,1821.03,0,0,0,3268.33,24.7,1833.66,37,67378.13
2024-05-17,S03,Delhi,North,Electronics,14885.67,0,0,0,4795.9,30.5,15781.67,27,401913.19
2024-05-17,S03,Delhi,North,Grocery,455.53,0,0,0,5322.52,28.9,409.43,32,14576.91
2024-05-17,S03,Delhi,North,Home & Kitchen,2114.82,0,0,0,4815.77,28.2,2181.04,36,76133.6
2024-05-17,S04,Bengaluru,South,Clothing,1689.25,0,0,0,3783.21,27.7,1943.97,37,62502.19
2024-05-17,S04,Bengaluru,South,Electronics,14901.22,0,0,0,3033.32,25.6,16165.16,30,447036.61
2024-05-17,S04,Bengaluru,South,Grocery,450.06,0,0,0,5564.71,29.1,469.75,45,20252.86
2024-05-17,S04,Bengaluru,South,Home & Kitchen,2146.1,0,0,0,3209.15,33.3,2151.16,39,83697.73
2024-05-18,S01,Mumbai,West,Clothing,1835.3,0,0,0,4620.11,27.6,1849.82,46,84423.68
2024-05-18,S01,Mumbai,West,Electronics,15178.66,0,0,0,4047.78,33.1,13981.3,39,591967.9
2024-05-18,S01,Mumbai,West,Grocery,460.15,0,0,0,3373.62,25.3,474.66,70,32210.25
2024-05-18,S01,Mumbai,West,Home & Kitchen,2195.07,0,0,0,5684.92,26.8,2252.01,48,105363.54
2024-05-18,S02,Pune,West,Clothing,1721.72,0,0,0,1858.69,28.1,1763.32,39,67147.2
2024-05-18,S02,Pune,West,Electronics,14625.18,0,0,0,4871.11,27.9,14936.87,31,453380.47
2024-05-18,S02,Pune,West,Grocery,429.29,0,0,0,4640.54,29.6,426.54,52,22323.25
2024-05-18,S02,Pune,West,Home & Kitchen,2212.05,0,0,0,5509.9,30.5,2062.62,31,68573.41
2024-05-18,S03,Delhi,North,Clothing,1855.41,0,0,0,2999.99,24.3,1714.82,49,90915.27
2024-05-18,S03,Delhi,North,Electronics,14374.57,0,0,0,6125.97,30.3,15721.67,36,517484.66
2024-05-18,S03,Delhi,North,Grocery,444.9,0,0,0,5344.07,27.5,433.59,70,31143.3
2024-05-18,S03,Delhi,North,Home & Kitchen,2271.25,0,0,0,3275.44,24.3,2242.63,35,79493.63
2024-05-18,S04,Bengaluru,South,Clothing,1735.95,0,0,0,4521.97,26.9,1663.21,51,88533.56
2024-05-18,S04,Bengaluru,South,Electronics,14869.97,0,0,0,4550.75,31.0,14771.4,26,386619.27
2024-05-18,S04,Bengaluru,South,Grocery,464.52,0,0,0,5039.6,26.4,445.04,61,28336.0
2024-05-18,S04,Bengaluru,South,Home & Kitchen,2161.54,0,0,0,5846.93,28.0,2172.06,49,105915.67
2024-05-19,S01,Mumbai,West,Clothing,1743.93,0,0,0,3889.74,24.6,1838.9,55,95916.27
2024-05-19,S01,Mumbai,West,Electronics,14195.97,0,0,0,3254.79,26.5,14369.29,30,425879.19
2024-05-19,S01,Mumbai,West,Grocery,449.38,0,0,0,5300.23,26.6,403.3,53,23817.35
2024-05-19,S01,Mumbai,West,Home & Kitchen,2176.45,0,0,0,6248.39,29.4,2338.43,48,104469.58
2024-05-19,S02,Pune,West,Clothing,1402.25,20,1,0,3831.33,27.1,1846.08,60,84135.0
2024-05-19,S02,Pune,West,Electronics,14233.34,0,0,0,6222.94,27.4,15358.66,50,711667.03
2024-05-19,S02,Pune,West,Grocery,449.53,0,0,0,4440.66,30.8,488.11,48,21577.54
2024-05-19,S02,Pune,West,Home & Kitchen,2229.27,0,0,0,3095.99,29.9,2083.13,38,84712.11
2024-05-19,S03,Delhi,North,Clothing,1723.92,0,0,0,8893.69,27.0,1849.36,54,93091.63
2024-05-19,S03,Delhi,North,Electronics,14565.67,0,0,0,2826.87,26.2,15034.83,36,524364.06
2024-05-19,S03,Delhi,North,Grocery,426.93,0,0,0,6489.11,27.8,470.52,67,28604.43
2024-05-19,S03,Delhi,North,Home & Kitchen,1928.12,10,1,0,6902.95,29.5,2230.24,38,73268.53
2024-05-19,S04,Bengaluru,South,Clothing,1315.31,25,1,0,9864.06,29.0,1826.37,95,124954.25
2024-05-19,S04,Bengaluru,South,Electronics,15165.37,0,0,0,4547.96,29.1,14743.7,28,424630.48
2024-05-19,S04,Bengaluru,South,Grocery,449.3,0,0,0,5321.27,25.8,487.0,64,28755.4
2024-05-19,S04,Bengaluru,South,Home & Kitchen,2210.29,0,0,0,3763.71,28.0,2283.45,34,75149.77
2024-05-20,S01,Mumbai,West,Clothing,1809.11,0,0,0,6728.87,28.8,1800.73,28,50655.03
2024-05-20,S01,Mumbai,West,Electronics,14800.15,0,0,0,5243.09,27.0,15204.72,30,444004.36
2024-05-20,S01,Mumbai,West,Grocery,461.26,0,0,0,4484.55,28.6,480.22,60,27675.88
2024-05-20,S01,Mumbai,West,Home & Kitchen,2178.25,0,0,0,4943.0,26.3,2228.57,34,74060.64
2024-05-20,S02,Pune,West,Clothing,1745.35,0,0,0,5267.34,28.0,1720.28,41,71559.29
2024-05-20,S02,Pune,West,Electronics,14668.86,0,0,0,4743.4,28.8,13792.2,24,352052.55
2024-05-20,S02,Pune,West,Grocery,451.19,0,0,0,2432.8,28.2,468.86,39,17596.58
2024-05-20,S02,Pune,West,Home & Kitchen,1566.28,25,1,0,7829.47,29.7,2171.01,49,76747.55
2024-05-20,S03,Delhi,North,Clothing,1734.74,0,0,0,5813.12,28.7,1864.89,45,78063.46
2024-05-20,S03,Delhi,North,Electronics,14417.81,5,1,0,7056.41,28.9,14104.01,29,418116.55
2024-05-20,S03,Delhi,North,Grocery,427.23,0,0,0,898.77,30.7,459.84,35,14953.08
2024-05-20,S03,Delhi,North,Home & Kitchen,2132.2,0,0,0,5678.04,29.9,2138.99,36,76759.15
2024-05-20,S04,Bengaluru,South,Clothing,1706.4,5,1,0,5740.02,26.4,1963.68,52,88732.57
2024-05-20,S04,Bengaluru,South,Electronics,12679.3,15,1,0,5059.08,32.6,13739.68,29,367699.57
2024-05-20,S04,Bengaluru,South,Grocery,449.34,0,0,0,7108.19,27.4,439.83,46,20669.84
2024-05-20,S04,Bengaluru,South,Home & Kitchen,2278.52,0,0,0,2489.87,29.4,2300.27,34,77469.61
2024-05-21,S01,Mumbai,West,Clothing,1861.25,0,0,0,3578.48,24.6,1662.61,39,72588.66
2024-05-21,S01,Mumbai,West,Electronics,15341.72,0,0,0,6094.57,27.4,14925.12,28,429568.25
2024-05-21,S01,Mumbai,West,Grocery,448.63,0,0,0,7319.97,31.9,461.24,57,25571.73
2024-05-21,S01,Mumbai,West,Home & Kitchen,2277.83,0,0,0,4685.65,26.2,2174.31,29,66057.16
2024-05-21,S02,Pune,West,Clothing,1786.27,0,0,0,5601.77,29.1,1967.4,40,71450.87
2024-05-21,S02,Pune,West,Electronics,11197.83,25,1,0,6970.81,31.7,16275.81,53,593484.88
2024-05-21,S02,Pune,West,Grocery,443.93,0,0,0,2274.07,27.2,,46,20420.85
2024-05-21,S02,Pune,West,Home & Kitchen,2196.61,0,0,0,3476.21,26.7,2187.86,25,54915.36
2024-05-21,S03,Delhi,North,Clothing,1831.41,0,0,0,5849.93,26.7,2031.57,36,65930.93
2024-05-21,S03,Delhi,North,Electronics,12817.32,10,1,0,5167.77,24.9,,31,397337.07
2024-05-21,S03,Delhi,North,Grocery,459.28,0,0,0,5132.31,28.1,441.01,40,18371.25
2024-05-21,S03,Delhi,North,Home & Kitchen,2302.38,0,0,0,3350.21,24.6,2146.1,26,59861.88
2024-05-21,S04,Bengaluru,South,Clothing,1724.02,0,0,0,5332.6,31.6,1831.46,39,67236.64
2024-05-21,S04,Bengaluru,South,Electronics,15335.44,0,0,0,3943.23,25.1,15862.33,29,444727.7
2024-05-21,S04,Bengaluru,South,Grocery,449.22,0,0,0,4340.9,25.1,431.1,33,14824.32
2024-05-21,S04,Bengaluru,South,Home & Kitchen,2241.46,0,0,0,6556.89,29.2,2108.74,33,73968.24
2024-05-22,S01,Mumbai,West,Clothing,1763.71,0,0,0,4328.87,28.3,1682.86,31,54675.04
2024-05-22,S01,Mumbai,West,Electronics,15136.37,0,0,0,2619.35,27.0,15428.89,26,393545.66
2024-05-22,S01,Mumbai,West,Grocery,442.16,0,0,0,4722.85,26.5,433.18,41,18128.62
2024-05-22,S01,Mumbai,West,Home & Kitchen,2341.67,0,0,0,4083.69,30.1,2296.1,30,70250.16
2024-05-22,S02,Pune,West,Clothing,1758.52,0,0,0,2628.96,24.9,1851.07,28,49238.54
2024-05-22,S02,Pune,West,Electronics,15374.18,0,0,0,3081.43,28.1,15735.89,15,230612.63
2024-05-22,S02,Pune,West,Grocery,435.92,0,0,0,6205.45,,446.81,53,23103.83
2024-05-22,S02,Pune,West,Home & Kitchen,2215.84,0,0,0,5826.47,27.8,2215.53,24,53180.09
2024-05-22,S03,Delhi,North,Clothing,1844.44,0,0,0,4920.12,26.9,1759.09,38,70088.76
2024-05-22,S03,Delhi,North,Electronics,14649.19,0,0,0,4986.17,24.8,14764.14,35,512721.52
2024-05-22,S03,Delhi,North,Grocery,435.23,0,0,0,4123.36,31.9,423.46,52,22632.1
2024-05-22,S03,Delhi,North,Home & Kitchen,2216.36,0,0,0,6270.04,28.9,2126.84,35,77572.66
2024-05-22,S04,Bengaluru,South,Clothing,1639.04,10,1,0,1236.69,28.1,1854.53,40,65561.79
2024-05-22,S04,Bengaluru,South,Electronics,14743.97,5,1,0,6119.83,31.1,15103.32,40,589758.83
2024-05-22,S04,Bengaluru,South,Grocery,446.56,0,0,0,3082.31,26.5,480.18,40,17862.26
2024-05-22,S04,Bengaluru,South,Home & Kitchen,2283.34,0,0,0,4452.02,23.2,2202.0,42,95900.24
2024-05-23,S01,Mumbai,West,Clothing,1785.52,0,0,0,6873.58,25.5,1729.71,47,83919.55
2024-05-23,S01,Mumbai,West,Electronics,15265.64,0,0,0,5037.69,26.2,14077.87,27,412172.39
2024-05-23,S01,Mumbai,West,Grocery,446.95,0,0,0,5088.08,27.0,431.28,55,24582.31
2024-05-23,S01,Mumbai,West,Home & Kitchen,2179.32,0,0,0,4926.48,28.2,2299.71,42,91531.54
2024-05-23,S02,Pune,West,Clothing,1321.55,25,1,0,6057.07,26.5,,65,85900.86
2024-05-23,S02,Pune,West,Electronics,14930.12,0,0,0,3093.28,27.5,14516.61,25,373252.98
2024-05-23,S02,Pune,West,Grocery,417.37,10,1,0,7916.46,29.6,432.87,44,18364.44
2024-05-23,S02,Pune,West,Home & Kitchen,2175.06,0,0,0,4135.92,29.4,2068.81,28,60901.57
2024-05-23,S03,Delhi,North,Clothing,1807.32,0,0,0,3208.78,26.5,1785.63,45,81329.28
2024-05-23,S03,Delhi,North,Electronics,15474.13,0,0,0,7530.21,26.2,14923.37,39,603491.19
2024-05-23,S03,Delhi,North,Grocery,439.23,0,0,0,5087.07,23.3,452.26,48,21082.89
2024-05-23,S03,Delhi,North,Home & Kitchen,2131.74,0,0,0,5234.3,26.3,2016.3,23,49030.03
2024-05-23,S04,Bengaluru,South,Clothing,1914.55,0,0,0,5660.93,28.1,1854.56,35,67009.13
2024-05-23,S04,Bengaluru,South,Electronics,14720.85,0,0,0,6981.89,31.3,14996.37,43,632996.72
2024-05-23,S04,Bengaluru,South,Grocery,383.21,15,1,0,6296.93,31.9,435.91,56,21459.84
2024-05-23,S04,Bengaluru,South,Home & Kitchen,2226.76,0,0,0,5254.62,27.4,2278.29,29,64576.01
2024-05-24,S01,Mumbai,West,Clothing,1729.62,0,0,0,5064.15,26.3,1607.49,47,81292.06
2024-05-24,S01,Mumbai,West,Electronics,11228.05,25,1,0,5604.12,22.5,15267.85,40,449121.88
2024-05-24,S01,Mumbai,West,Grocery,417.84,0,0,0,,28.8,492.66,62,25906.19
2024-05-24,S01,Mumbai,West,Home & Kitchen,1690.2,20,1,0,7000.68,25.1,2142.34,53,89580.85
2024-05-24,S02,Pune,West,Clothing,1807.32,0,0,0,6235.33,27.9,1858.25,30,54219.45
2024-05-24,S02,Pune,West,Electronics,14732.08,0,0,0,5183.09,31.9,15023.66,23,338837.88
2024-05-24,S02,Pune,West,Grocery,432.01,0,0,0,5895.24,27.9,473.18,43,18576.32
2024-05-24,S02,Pune,West,Home & Kitchen,2145.26,0,0,0,4064.0,27.6,2295.83,32,68648.24
2024-05-24,S03,Delhi,North,Clothing,1849.68,0,0,0,4751.75,28.3,1732.83,39,72137.43
2024-05-24,S03,Delhi,North,Electronics,15100.55,0,0,0,4441.6,27.9,14079.23,30,453016.55
2024-05-24,S03,Delhi,North,Grocery,461.33,0,0,0,5533.55,28.0,471.77,48,22144.08
2024-05-24,S03,Delhi,North,Home & Kitchen,2165.06,0,0,0,4806.66,27.1,2196.8,28,60621.66
2024-05-24,S04,Bengaluru,South,Clothing,1763.2,0,0,0,7963.97,27.0,1905.34,43,75817.79
2024-05-24,S04,Bengaluru,South,Electronics,15091.89,0,0,0,1850.04,27.7,14782.35,27,407481.02
2024-05-24,S04,Bengaluru,South,Grocery,439.6,0,0,0,5332.04,26.9,425.54,53,23298.93
2024-05-24,S04,Bengaluru,South,Home & Kitchen,2172.33,0,0,0,500.0,26.2,2184.93,28,60825.12
2024-05-25,S01,Mumbai,West,Clothing,1779.03,0,0,0,2657.6,30.3,1926.72,45,80056.29
2024-05-25,S01,Mumbai,West,Electronics,12421.11,20,1,0,,27.1,15818.69,70,869477.6
2024-05-25,S01,Mumbai,West,Grocery,434.56,0,0,0,4458.95,29.2,481.76,79,34330.47
2024-05-25,S01,Mumbai,West,Home & Kitchen,2184.52,0,0,0,5629.83,29.7,2241.69,47,102672.32
2024-05-25,S02,Pune,West,Clothing,1775.93,0,0,0,6497.86,31.1,1889.54,46,81692.92
2024-05-25,S02,Pune,West,Electronics,14302.85,0,0,0,4652.57,30.7,14581.99,34,486296.89
2024-05-25,S02,Pune,West,Grocery,452.33,0,0,0,5568.88,25.6,463.74,55,24878.25
2024-05-25,S02,Pune,West,Home & Kitchen,1828.14,15,1,0,4355.06,26.6,2142.33,42,76781.85
2024-05-25,S03,Delhi,North,Clothing,1335.33,25,1,0,5360.61,26.8,1694.56,80,106826.47
2024-05-25,S03,Delhi,North,Electronics,15345.6,0,0,0,3037.98,26.7,14785.29,41,629169.59
2024-05-25,S03,Delhi,North,Grocery,421.16,0,0,0,6867.51,25.8,484.13,62,26111.81
2024-05-25,S03,Delhi,North,Home & Kitchen,2270.38,0,0,0,5320.2,28.7,2285.71,43,97626.35
2024-05-25,S04,Bengaluru,South,Clothing,1717.91,0,0,0,3727.27,27.5,1922.63,44,75588.0
2024-05-25,S04,Bengaluru,South,Electronics,14264.85,0,0,0,3135.76,26.3,15176.61,29,413680.77
2024-05-25,S04,Bengaluru,South,Grocery,456.69,0,0,0,6531.38,28.8,424.86,55,25118.02
2024-05-25,S04,Bengaluru,South,Home & Kitchen,1581.38,25,1,0,5923.71,28.8,2160.67,75,118603.85
2024-05-26,S01,Mumbai,West,Clothing,1939.0,0,0,0,5815.98,29.2,1833.09,55,106644.85
2024-05-26,S01,Mumbai,West,Electronics,15416.11,0,0,0,4980.59,28.7,15365.11,30,462483.44
2024-05-26,S01,Mumbai,West,Grocery,462.8,0,0,0,5265.49,29.4,447.31,57,26379.7
2024-05-26,S01,Mumbai,West,Home & Kitchen,2212.82,0,0,0,7979.9,27.2,2167.63,47,104002.7
2024-05-26,S02,Pune,West,Clothing,1800.26,0,0,0,4380.75,29.7,1833.22,42,75610.9
2024-05-26,S02,Pune,West,Electronics,14453.62,0,0,0,3786.46,30.4,15224.43,23,332433.25
2024-05-26,S02,Pune,West,Grocery,459.82,0,0,0,6174.08,29.9,441.01,46,21151.93
2024-05-26,S02,Pune,West,Home & Kitchen,2180.64,0,0,0,5655.22,26.5,2136.83,34,74141.64
2024-05-26,S03,Delhi,North,Clothing,1868.43,0,0,0,2113.59,26.0,1762.18,42,78473.87
2024-05-26,S03,Delhi,North,Electronics,10813.43,25,1,0,3926.22,28.9,12808.01,48,519044.48
2024-05-26,S03,Delhi,North,Grocery,342.65,20,1,0,3507.88,26.1,438.21,87,29810.5
2024-05-26,S03,Delhi,North,Home & Kitchen,2121.3,0,0,0,6396.61,29.7,2147.67,42,89094.49
2024-05-26,S04,Bengaluru,South,Clothing,1770.86,0,0,0,6625.97,24.2,1671.43,45,79688.85
2024-05-26,S04,Bengaluru,South,Electronics,12550.31,15,1,0,6470.45,32.2,14466.64,41,514562.8
2024-05-26,S04,Bengaluru,South,Grocery,486.63,0,0,0,4814.99,26.3,438.81,37,18005.16
2024-05-26,S04,Bengaluru,South,Home & Kitchen,2241.66,0,0,0,4646.51,28.9,2310.55,32,71733.15
2024-05-27,S01,Mumbai,West,Clothing,1842.01,0,0,0,4405.3,30.3,,51,93942.43
2024-05-27,S01,Mumbai,West,Electronics,12920.65,15,1,0,3383.52,27.0,15104.33,41,529746.61
2024-05-27,S01,Mumbai,West,Grocery,466.09,0,0,0,4440.82,26.3,453.03,44,20507.99
2024-05-27,S01,Mumbai,West,Home & Kitchen,2196.48,0,0,0,5150.41,25.2,1979.05,37,81269.89
2024-05-27,S02,Pune,West,Clothing,1739.75,0,0,0,5657.7,28.0,1709.48,30,52192.57
2024-05-27,S02,Pune,West,Electronics,15139.59,0,0,0,5182.78,27.0,15046.01,23,348210.63
2024-05-27,S02,Pune,West,Grocery,452.15,0,0,0,6074.17,26.0,425.6,41,18538.26
2024-05-27,S02,Pune,West,Home & Kitchen,2260.35,0,0,0,6073.36,26.6,2175.11,31,70070.83
2024-05-27,S03,Delhi,North,Clothing,1796.08,0,0,0,7686.94,29.9,1730.16,48,86211.76
2024-05-27,S03,Delhi,North,Electronics,15030.47,0,0,0,5259.34,28.0,14774.77,23,345700.92
2024-05-27,S03,Delhi,North,Grocery,460.65,0,0,0,3921.1,26.7,426.15,40,18426.13
2024-05-27,S03,Delhi,North,Home & Kitchen,1862.52,15,1,0,8805.33,28.7,2063.38,42,78225.73
2024-05-27,S04,Bengaluru,South,Clothing,1823.37,0,0,0,4070.13,28.0,1918.57,34,61994.46
2024-05-27,S04,Bengaluru,South,Electronics,15008.21,0,0,0,2213.88,26.4,,32,480262.56
2024-05-27,S04,Bengaluru,South,Grocery,437.38,0,0,0,4366.31,29.3,444.03,41,17932.63
2024-05-27,S04,Bengaluru,South,Home & Kitchen,2193.78,0,0,0,,28.0,2270.86,25,54844.43
2024-05-28,S01,Mumbai,West,Clothing,1607.13,10,1,0,8771.73,31.1,1602.88,53,85178.11
2024-05-28,S01,Mumbai,West,Electronics,15417.4,0,0,0,3106.42,31.9,14928.09,27,416269.68
2024-05-28,S01,Mumbai,West,Grocery,351.74,25,1,0,5125.87,26.9,435.46,70,24621.62
2024-05-28,S01,Mumbai,West,Home & Kitchen,2016.28,10,1,0,3320.11,23.0,2248.41,46,92748.65
2024-05-28,S02,Pune,West,Clothing,1755.27,0,0,0,6608.65,28.8,2001.36,34,59679.02
2024-05-28,S02,Pune,West,Electronics,15396.65,0,0,0,5313.65,26.8,15171.48,17,261743.13
2024-05-28,S02,Pune,West,Grocery,466.62,0,0,0,3822.27,28.8,414.54,32,14931.87
2024-05-28,S02,Pune,West,Home & Kitchen,2300.8,0,0,0,4526.7,25.7,2272.91,24,55219.12
2024-05-28,S03,Delhi,North,Clothing,1757.95,0,0,0,4865.87,26.3,1693.44,31,54496.4
2024-05-28,S03,Delhi,North,Electronics,13471.67,15,1,0,6213.59,30.2,15094.35,39,525395.15
2024-05-28,S03,Delhi,North,Grocery,451.14,0,0,0,3665.82,29.8,460.84,45,20301.21
2024-05-28,S03,Delhi,North,Home & Kitchen,2191.16,0,0,0,4919.56,25.2,2309.38,29,63543.6
2024-05-28,S04,Bengaluru,South,Clothing,1802.25,0,0,0,2516.75,31.9,1794.64,39,70287.56
2024-05-28,S04,Bengaluru,South,Electronics,14910.44,0,0,0,2834.97,30.1,14284.06,23,342940.14
2024-05-28,S04,Bengaluru,South,Grocery,454.27,0,0,0,4122.61,27.5,459.37,41,18624.94
2024-05-28,S04,Bengaluru,South,Home & Kitchen,2252.32,0,0,0,4628.89,26.6,2195.7,26,58560.36
2024-05-29,S01,Mumbai,West,Clothing,1766.97,0,0,0,4090.72,26.5,1635.85,46,81280.57
2024-05-29,S01,Mumbai,West,Electronics,15337.69,0,0,0,5044.14,28.0,14373.86,34,521481.48
2024-05-29,S01,Mumbai,West,Grocery,387.56,15,1,0,6588.44,28.4,453.03,87,33717.63
2024-05-29,S01,Mumbai,West,Home & Kitchen,2345.99,0,0,0,7466.47,29.8,2057.6,32,75071.55
2024-05-29,S02,Pune,West,Clothing,1910.2,0,0,0,6278.68,27.8,1857.55,29,55395.94
2024-05-29,S02,Pune,West,Electronics,14811.35,0,0,0,3935.15,24.3,14228.76,18,266604.3
2024-05-29,S02,Pune,West,Grocery,434.67,0,0,0,5333.69,24.3,450.64,44,19125.57
2024-05-29,S02,Pune,West,Home & Kitchen,2172.98,5,1,0,7064.17,33.7,2196.27,26,56497.49
2024-05-29,S03,Delhi,North,Clothing,1876.94,0,0,0,3750.81,25.5,1821.3,38,71323.83
2024-05-29,S03,Delhi,North,Electronics,14702.15,0,0,0,5115.65,29.1,14413.57,21,308745.06
2024-05-29,S03,Delhi,North,Grocery,423.09,0,0,0,4089.72,27.2,458.08,47,19885.13
2024-05-29,S03,Delhi,North,Home & Kitchen,2380.22,0,0,0,4654.43,28.1,2349.9,26,61885.75
2024-05-29,S04,Bengaluru,South,Clothing,1833.88,0,0,0,4343.73,29.8,1732.05,30,55016.4
2024-05-29,S04,Bengaluru,South,Electronics,14951.0,0,0,0,8173.39,31.0,14899.55,26,388726.06
2024-05-29,S04,Bengaluru,South,Grocery,450.22,0,0,0,4100.19,29.6,467.38,50,22510.82
2024-05-29,S04,Bengaluru,South,Home & Kitchen,2160.15,0,0,0,500.0,26.9,2098.45,28,60484.12
2024-05-30,S01,Mumbai,West,Clothing,1797.7,0,0,0,6576.84,31.0,1799.79,49,88087.19
2024-05-30,S01,Mumbai,West,Electronics,13322.02,10,1,0,7851.81,30.6,14946.0,36,479592.62
2024-05-30,S01,Mumbai,West,Grocery,377.59,10,1,0,8726.68,30.5,434.84,70,26431.21
2024-05-30,S01,Mumbai,West,Home & Kitchen,2086.93,0,0,0,3168.57,26.3,2236.1,47,98085.9
2024-05-30,S02,Pune,West,Clothing,1762.34,0,0,0,6337.16,30.2,1687.72,30,52870.2
2024-05-30,S02,Pune,West,Electronics,15544.96,0,0,0,4221.81,29.9,14638.84,21,326444.09
2024-05-30,S02,Pune,West,Grocery,439.32,0,0,0,4555.89,28.2,444.4,39,17133.58
2024-05-30,S02,Pune,West,Home & Kitchen,2096.99,0,0,0,5018.91,24.1,2140.34,26,54521.77
2024-05-30,S03,Delhi,North,Clothing,1844.65,0,0,0,5184.73,29.5,1703.52,31,57184.18
2024-05-30,S03,Delhi,North,Electronics,14780.39,0,0,0,3071.71,25.9,14797.39,33,487752.93
2024-05-30,S03,Delhi,North,Grocery,444.07,0,0,0,2944.68,25.7,450.23,37,16430.42
2024-05-30,S03,Delhi,North,Home & Kitchen,2104.33,0,0,0,5911.68,29.0,,25,52608.24
2024-05-30,S04,Bengaluru,South,Clothing,1779.04,0,0,0,3975.07,24.7,1703.38,35,62266.29
2024-05-30,S04,Bengaluru,South,Electronics,15232.49,0,0,0,5843.52,27.7,15373.04,30,456974.56
2024-05-30,S04,Bengaluru,South,Grocery,347.77,20,1,0,4537.87,27.4,450.69,61,21214.23
2024-05-30,S04,Bengaluru,South,Home & Kitchen,2307.83,0,0,0,4639.69,31.6,2025.86,23,53080.16
2024-05-31,S01,Mumbai,West,Clothing,1807.02,0,0,0,7663.55,25.1,1977.34,52,93965.18
2024-05-31,S01,Mumbai,West,Electronics,14395.25,0,0,0,1678.72,28.5,15944.78,28,403066.87
2024-05-31,S01,Mumbai,West,Grocery,353.14,20,1,0,6260.94,27.5,448.23,68,24013.65
2024-05-31,S01,Mumbai,West,Home & Kitchen,2166.53,0,0,0,4160.91,25.5,2031.12,27,58496.38
2024-05-31,S02,Pune,West,Clothing,1433.31,15,1,0,6204.31,28.9,1818.82,53,75965.69
2024-05-31,S02,Pune,West,Electronics,13115.28,10,1,0,6389.91,28.2,15859.54,28,367227.94
2024-05-31,S02,Pune,West,Grocery,443.77,0,0,0,4575.71,27.9,476.68,35,15532.07
2024-05-31,S02,Pune,West,Home & Kitchen,2138.01,0,0,0,2998.66,26.0,2164.39,28,59864.15
2024-05-31,S03,Delhi,North,Clothing,1775.68,0,0,0,2932.06,24.6,,29,51494.84
2024-05-31,S03,Delhi,North,Electronics,15261.76,0,0,0,8039.53,29.8,15121.93,27,412067.65
2024-05-31,S03,Delhi,North,Grocery,452.38,0,0,0,8206.16,29.3,435.71,50,22618.79
2024-05-31,S03,Delhi,North,Home & Kitchen,2107.06,0,0,0,2989.93,26.5,2096.83,22,46355.27
2024-05-31,S04,Bengaluru,South,Clothing,1721.19,5,1,0,6207.55,28.6,,41,70568.69
2024-05-31,S04,Bengaluru,South,Electronics,15326.42,0,0,0,9004.1,27.7,16055.71,29,444466.19
2024-05-31,S04,Bengaluru,South,Grocery,460.54,0,0,0,3236.26,27.1,471.36,47,21645.55
2024-05-31,S04,Bengaluru,South,Home & Kitchen,2308.12,0,0,0,5010.91,23.1,2220.61,30,69243.71
2024-06-01,S01,Mumbai,West,Clothing,1777.37,0,0,0,3723.59,32.4,1737.12,66,117306.44
2024-06-01,S01,Mumbai,West,Electronics,15189.16,0,0,0,5518.59,32.6,14910.73,43,653134.01
2024-06-01,S01,Mumbai,West,Grocery,467.88,0,0,0,6716.28,30.9,490.73,73,34155.45
2024-06-01,S01,Mumbai,West,Home & Kitchen,2301.72,0,0,0,5407.61,32.2,2120.84,41,94370.33
2024-06-01,S02,Pune,West,Clothing,1818.47,0,0,0,4858.22,33.5,1780.17,38,69102.05
2024-06-01,S02,Pune,West,Electronics,13341.83,10,1,0,4162.06,27.3,14599.66,43,573698.74
2024-06-01,S02,Pune,West,Grocery,444.98,10,1,0,8052.37,27.0,472.32,64,28478.85
2024-06-01,S02,Pune,West,Home & Kitchen,2131.22,5,1,0,6681.36,32.1,2334.11,41,87380.14
2024-06-01,S03,Delhi,North,Clothing,1776.77,0,0,0,3593.21,33.4,1877.02,50,88838.26
2024-06-01,S03,Delhi,North,Electronics,14595.08,0,0,0,7196.77,29.2,15759.61,26,379471.97
2024-06-01,S03,Delhi,North,Grocery,435.12,0,0,0,6306.1,28.6,420.55,63,27412.81
2024-06-01,S03,Delhi,North,Home & Kitchen,2163.1,0,0,0,6293.48,29.2,2184.07,39,84360.95
2024-06-01,S04,Bengaluru,South,Clothing,1932.65,0,0,0,4545.96,31.8,1749.85,39,75373.44
2024-06-01,S04,Bengaluru,South,Electronics,11936.81,15,1,0,2925.63,34.5,15157.39,42,501346.14
2024-06-01,S04,Bengaluru,South,Grocery,444.01,0,0,0,1749.52,30.6,468.37,53,23532.65
2024-06-01,S04,Bengaluru,South,Home & Kitchen,2035.32,5,1,0,8367.66,37.0,2267.25,52,105836.63
2024-06-02,S01,Mumbai,West,Clothing,1828.62,0,0,0,4710.18,29.9,1877.74,53,96917.03
2024-06-02,S01,Mumbai,West,Electronics,12196.59,20,1,0,8141.32,31.5,14332.65,69,841564.86
2024-06-02,S01,Mumbai,West,Grocery,448.32,5,1,0,7118.88,28.9,447.85,68,30485.47
2024-06-02,S01,Mumbai,West,Home & Kitchen,2165.54,0,0,0,5625.76,32.5,2152.3,40,86621.8
2024-06-02,S02,Pune,West,Clothing,1761.77,0,0,0,5408.17,28.2,1800.58,43,75756.1
2024-06-02,S02,Pune,West,Electronics,14862.23,0,0,0,4093.95,33.3,13017.38,22,326969.16
2024-06-02,S02,Pune,West,Grocery,365.48,20,1,0,8834.39,31.6,450.88,85,31066.16
2024-06-02,S02,Pune,West,Home & Kitchen,2285.85,0,0,0,4549.19,29.6,2316.09,29,66289.59
2024-06-02,S03,Delhi,North,Clothing,1832.45,0,0,0,7304.7,28.9,1722.17,49,89789.92
2024-06-02,S03,Delhi,North,Electronics,15322.77,0,0,0,5195.49,31.8,15790.97,39,597587.85
2024-06-02,S03,Delhi,North,Grocery,430.48,0,0,0,3836.92,34.3,465.18,53,22815.4
2024-06-02,S03,Delhi,North,Home & Kitchen,2158.28,0,0,0,2967.85,30.8,2230.89,56,120863.68
2024-06-02,S04,Bengaluru,South,Clothing,1772.51,0,0,0,3502.11,34.0,1806.96,49,86853.1
2024-06-02,S04,Bengaluru,South,Electronics,15082.35,0,0,0,8127.34,30.3,15972.48,42,633458.61
2024-06-02,S04,Bengaluru,South,Grocery,352.57,20,1,0,7515.49,30.9,429.22,96,33846.81
2024-06-02,S04,Bengaluru,South,Home & Kitchen,2221.72,0,0,0,4926.91,34.6,2084.23,38,84425.33
2024-06-03,S01,Mumbai,West,Clothing,1748.51,0,0,0,5582.94,29.1,1756.81,44,76934.61
2024-06-03,S01,Mumbai,West,Electronics,15490.71,0,0,0,4770.46,33.7,14630.81,27,418249.23
2024-06-03,S01,Mumbai,West,Grocery,374.72,20,1,0,7951.84,34.7,426.42,73,27354.31
2024-06-03,S01,Mumbai,West,Home & Kitchen,2252.11,0,0,0,2831.84,29.4,2332.19,25,56302.66
2024-06-03,S02,Pune,West,Clothing,1450.53,20,1,0,4625.22,29.3,1692.57,48,69625.64
2024-06-03,S02,Pune,West,Electronics,15688.24,0,0,0,5800.9,30.3,14887.03,21,329452.96
2024-06-03,S02,Pune,West,Grocery,459.38,0,0,0,1480.49,28.7,448.17,25,11484.57
2024-06-03,S02,Pune,West,Home & Kitchen,2136.19,0,0,0,1078.56,30.2,2240.24,22,46996.19
2024-06-03,S03,Delhi,North,Clothing,1745.97,0,0,0,4220.41,31.1,1925.87,38,66346.87
2024-06-03,S03,Delhi,North,Electronics,14191.51,0,0,0,2718.31,29.9,15229.04,28,397362.21
2024-06-03,S03,Delhi,North,Grocery,384.48,10,1,0,6027.9,28.3,470.17,81,31143.15
2024-06-03,S03,Delhi,North,Home & Kitchen,2202.83,0,0,0,2938.46,32.1,2150.56,29,63882.03
2024-06-03,S04,Bengaluru,South,Clothing,1793.54,0,0,0,5799.07,29.4,1799.87,36,64567.45
2024-06-03,S04,Bengaluru,South,Electronics,14858.35,0,0,0,3032.76,29.8,14990.59,20,297166.92
2024-06-03,S04,Bengaluru,South,Grocery,468.46,0,0,0,5324.53,31.4,428.06,51,23891.53
2024-06-03,S04,Bengaluru,South,Home & Kitchen,1677.11,20,1,0,5201.35,30.6,2308.77,51,85532.41
2024-06-04,S01,Mumbai,West,Clothing,1748.25,0,0,0,3713.98,32.2,1804.97,49,85664.11
2024-06-04,S01,Mumbai,West,Electronics,14578.66,0,0,0,5825.3,31.0,15150.64,40,583146.22
2024-06-04,S01,Mumbai,West,Grocery,446.81,0,0,0,4085.42,31.2,419.26,43,19212.86
2024-06-04,S01,Mumbai,West,Home & Kitchen,2241.64,0,0,0,3880.29,32.8,2141.31,35,78457.38
2024-06-04,S02,Pune,West,Clothing,1795.17,0,0,0,6668.14,31.5,1804.89,31,55650.12
2024-06-04,S02,Pune,West,Electronics,15060.15,0,0,0,4964.25,,16808.62,29,436744.25
2024-06-04,S02,Pune,West,Grocery,458.82,0,0,0,4617.39,31.1,424.08,42,19270.45
2024-06-04,S02,Pune,West,Home & Kitchen,2212.1,0,0,0,4413.84,31.7,2216.35,34,75211.26
2024-06-04,S03,Delhi,North,Clothing,1817.31,0,0,0,4972.77,28.9,1836.11,40,72692.34
2024-06-04,S03,Delhi,North,Electronics,13908.46,0,0,0,7376.68,33.6,14977.96,36,500704.54
2024-06-04,S03,Delhi,North,Grocery,461.43,0,0,0,4347.88,30.4,441.9,50,23071.29
2024-06-04,S03,Delhi,North,Home & Kitchen,2169.4,0,0,0,7329.94,29.8,2027.3,27,58573.69
2024-06-04,S04,Bengaluru,South,Clothing,1818.46,0,0,0,6760.32,35.5,1826.4,31,56372.2
2024-06-04,S04,Bengaluru,South,Electronics,14783.2,0,0,0,6342.94,25.5,14298.67,29,428712.81
2024-06-04,S04,Bengaluru,South,Grocery,445.39,0,0,0,8177.69,29.5,440.0,68,30286.73
2024-06-04,S04,Bengaluru,South,Home & Kitchen,2145.86,0,0,0,4773.14,32.2,2162.89,30,64375.92
2024-06-05,S01,Mumbai,West,Clothing,1546.99,15,1,0,6486.53,32.8,1909.32,58,89725.53
2024-06-05,S01,Mumbai,West,Electronics,14592.11,0,0,0,3945.4,31.9,14719.86,27,393986.86
2024-06-05,S01,Mumbai,West,Grocery,432.36,0,0,0,4689.61,33.1,452.86,49,21185.7
2024-06-05,S01,Mumbai,West,Home & Kitchen,2281.63,0,0,0,2778.83,35.0,2081.75,27,61604.12
2024-06-05,S02,Pune,West,Clothing,1829.69,0,0,0,2704.39,31.9,1725.19,34,62209.57
2024-06-05,S02,Pune,West,Electronics,14190.71,0,0,0,4284.2,27.9,15636.66,31,439911.86
2024-06-05,S02,Pune,West,Grocery,451.06,0,0,0,4538.84,30.1,473.87,36,16238.31
2024-06-05,S02,Pune,West,Home & Kitchen,2125.3,0,0,0,2459.75,33.0,2454.5,26,55257.73
2024-06-05,S03,Delhi,North,Clothing,1522.26,15,1,0,6186.3,31.0,1793.44,52,79157.29
2024-06-05,S03,Delhi,North,Electronics,15141.5,0,0,0,6705.23,32.4,15266.38,19,287688.44
2024-06-05,S03,Delhi,North,Grocery,348.06,25,1,0,6281.02,34.8,488.49,99,34458.27
2024-06-05,S03,Delhi,North,Home & Kitchen,2256.41,0,0,0,1875.94,31.4,2305.67,19,42871.78
2024-06-05,S04,Bengaluru,South,Clothing,1929.03,0,0,0,5974.16,31.2,1871.83,32,61728.96
2024-06-05,S04,Bengaluru,South,Electronics,15628.18,0,0,0,1734.97,33.2,16561.2,32,500101.84
2024-06-05,S04,Bengaluru,South,Grocery,465.76,0,0,0,2813.8,29.1,,38,17698.86
2024-06-05,S04,Bengaluru,South,Home & Kitchen,2142.34,0,0,0,9420.07,30.7,2008.45,32,68555.02
2024-06-06,S01,Mumbai,West,Clothing,1736.89,0,0,0,4662.62,32.8,1768.86,42,72949.52
2024-06-06,S01,Mumbai,West,Electronics,12165.56,20,1,0,5785.14,31.7,15363.98,53,644774.9
2024-06-06,S01,Mumbai,West,Grocery,359.56,20,1,0,5635.01,31.0,432.88,78,28045.77
2024-06-06,S01,Mumbai,West,Home & Kitchen,1977.34,15,1,0,7119.08,33.6,2240.08,38,75138.86
2024-06-06,S02,Pune,West,Clothing,1794.62,0,0,0,4243.53,35.7,1768.54,24,43070.89
2024-06-06,S02,Pune,West,Electronics,15428.24,0,0,0,3645.4,31.9,14561.89,19,293136.64
2024-06-06,S02,Pune,West,Grocery,464.17,0,0,0,6742.21,28.0,448.72,40,18566.7
2024-06-06,S02,Pune,West,Home & Kitchen,2218.25,0,0,0,3152.69,30.4,2250.99,32,70983.94
2024-06-06,S03,Delhi,North,Clothing,1630.44,10,1,0,5686.65,29.9,1639.92,48,78261.0
2024-06-06,S03,Delhi,North,Electronics,14559.08,0,0,0,5154.22,29.5,16349.96,32,465890.52
2024-06-06,S03,Delhi,North,Grocery,460.19,0,0,0,3848.4,30.3,455.31,56,25770.55
2024-06-06,S03,Delhi,North,Home & Kitchen,2206.32,0,0,0,6960.85,28.4,2226.64,28,61776.92
2024-06-06,S04,Bengaluru,South,Clothing,1840.38,0,0,0,5267.13,29.3,1906.08,32,58892.29
2024-06-06,S04,Bengaluru,South,Electronics,14209.46,0,0,0,5435.77,30.2,14913.33,32,454702.73
2024-06-06,S04,Bengaluru,South,Grocery,457.29,0,0,0,,28.1,451.84,43,19663.62
2024-06-06,S04,Bengaluru,South,Home & Kitchen,1944.14,10,1,0,6943.6,30.6,2253.91,42,81653.95
2024-06-07,S01,Mumbai,West,Clothing,1839.37,0,0,0,4632.4,31.4,1737.89,37,68056.58
2024-06-07,S01,Mumbai,West,Electronics,14967.97,0,0,0,2568.63,30.4,15392.13,32,478975.2
2024-06-07,S01,Mumbai,West,Grocery,382.67,15,1,0,6983.3,31.1,455.55,83,31761.6
2024-06-07,S01,Mumbai,West,Home & Kitchen,2221.98,0,0,0,6775.07,33.3,2176.13,36,79991.38
2024-06-07,S02,Pune,West,Clothing,1787.77,0,0,0,4945.64,27.3,1834.87,27,48269.69
2024-06-07,S02,Pune,West,Electronics,15830.67,0,0,0,3480.18,31.9,14962.05,26,411597.35
2024-06-07,S02,Pune,West,Grocery,424.75,0,0,0,2824.44,28.8,463.62,39,16565.28
2024-06-07,S02,Pune,West,Home & Kitchen,2157.53,0,0,0,4626.57,32.8,2219.87,25,53938.31
2024-06-07,S03,Delhi,North,Clothing,1690.85,0,0,0,4191.99,29.0,1645.81,37,62561.4
2024-06-07,S03,Delhi,North,Electronics,14745.41,0,0,0,6798.15,30.2,15376.11,38,560325.7
2024-06-07,S03,Delhi,North,Grocery,466.64,0,0,0,2715.45,31.8,,40,18665.44
2024-06-07,S03,Delhi,North,Home & Kitchen,2136.8,0,0,0,7339.59,31.5,2370.37,30,64103.95
2024-06-07,S04,Bengaluru,South,Clothing,1799.82,0,0,0,4883.81,27.7,1904.17,36,64793.43
2024-06-07,S04,Bengaluru,South,Electronics,14976.07,0,0,0,5541.41,32.5,15710.09,32,479234.23
2024-06-07,S04,Bengaluru,South,Grocery,451.28,0,0,0,4787.97,29.8,444.95,62,27979.53
2024-06-07,S04,Bengaluru,South,Home & Kitchen,2182.02,0,0,0,4546.46,30.0,2189.52,34,74188.84
2024-06-08,S01,Mumbai,West,Clothing,1799.23,0,0,0,5073.41,31.2,1927.63,45,80965.3
2024-06-08,S01,Mumbai,West,Electronics,10613.56,25,1,0,1780.18,31.7,15666.74,76,806630.21
2024-06-08,S01,Mumbai,West,Grocery,471.14,0,0,0,6188.62,27.9,413.56,54,25441.3
2024-06-08,S01,Mumbai,West,Home & Kitchen,1876.3,10,1,0,3800.69,31.6,2286.96,48,90062.29
2024-06-08,S02,Pune,West,Clothing,1861.99,0,0,0,5704.52,30.9,1757.1,33,61445.59
2024-06-08,S02,Pune,West,Electronics,14887.62,0,0,0,4802.37,30.8,15509.89,31,461516.12
2024-06-08,S02,Pune,West,Grocery,408.37,10,1,0,618.76,29.0,476.48,57,23276.82
2024-06-08,S02,Pune,West,Home & Kitchen,2212.07,0,0,0,4887.17,27.5,2177.77,34,75210.48
2024-06-08,S03,Delhi,North,Clothing,1751.02,0,0,0,8403.65,27.7,1941.54,47,82297.97
2024-06-08,S03,Delhi,North,Electronics,15394.48,0,0,0,4258.52,37.5,15195.47,40,615779.32
2024-06-08,S03,Delhi,North,Grocery,467.29,0,0,0,4141.63,30.7,423.39,68,31775.43
2024-06-08,S03,Delhi,North,Home & Kitchen,2184.84,0,0,0,5509.35,27.3,2204.66,36,78654.29
2024-06-08,S04,Bengaluru,South,Clothing,1769.27,0,0,0,5878.27,30.7,1936.7,44,77847.68
2024-06-08,S04,Bengaluru,South,Electronics,15647.55,0,0,0,4327.39,30.6,14534.43,26,406836.41
2024-06-08,S04,Bengaluru,South,Grocery,458.59,0,0,0,2633.39,27.5,486.71,46,21095.19
2024-06-08,S04,Bengaluru,South,Home & Kitchen,2148.68,0,0,0,6580.02,29.6,2183.84,30,64460.51
2024-06-09,S01,Mumbai,West,Clothing,1701.29,0,0,0,5106.9,32.0,1804.1,57,96973.7
2024-06-09,S01,Mumbai,West,Electronics,15168.8,0,0,0,6414.15,35.4,16067.67,46,697764.74
2024-06-09,S01,Mumbai,West,Grocery,453.08,0,0,0,5187.58,26.6,465.53,64,28996.81
2024-06-09,S01,Mumbai,West,Home & Kitchen,2153.77,0,0,0,6493.49,30.0,2088.69,51,109842.43
2024-06-09,S02,Pune,West,Clothing,1680.22,0,0,0,5986.29,30.8,1773.86,42,70569.25
2024-06-09,S02,Pune,West,Electronics,14596.31,0,0,0,8038.72,30.1,13682.81,32,467082.01
2024-06-09,S02,Pune,West,Grocery,455.78,0,0,0,6231.4,32.9,437.27,57,25979.51
2024-06-09,S02,Pune,West,Home & Kitchen,2120.02,0,0,0,3747.42,29.7,2239.25,30,63600.63
2024-06-09,S03,Delhi,North,Clothing,1813.7,0,0,0,3888.47,29.8,1918.77,63,114262.98
2024-06-09,S03,Delhi,North,Electronics,15280.9,0,0,0,3559.61,28.4,15804.67,34,519550.6
2024-06-09,S03,Delhi,North,Grocery,429.53,0,0,0,7071.98,30.9,411.74,68,29208.28
2024-06-09,S03,Delhi,North,Home & Kitchen,1746.17,20,1,0,7090.33,31.5,2361.95,55,96039.4
2024-06-09,S04,Bengaluru,South,Clothing,1866.88,0,0,0,4174.34,31.3,1776.57,49,91477.05
2024-06-09,S04,Bengaluru,South,Electronics,15032.39,0,0,0,2911.35,33.6,15390.56,26,390842.18
2024-06-09,S04,Bengaluru,South,Grocery,460.61,0,0,0,1999.68,28.4,474.77,49,22569.99
2024-06-09,S04,Bengaluru,South,Home & Kitchen,2099.62,5,1,0,3850.71,32.3,2292.46,37,77686.06
2024-06-10,S01,Mumbai,West,Clothing,1805.91,0,0,0,5245.82,31.5,1898.21,46,83072.0
2024-06-10,S01,Mumbai,West,Electronics,14166.41,0,0,0,3522.51,30.4,15746.89,41,580822.8
2024-06-10,S01,Mumbai,West,Grocery,450.23,0,0,0,6315.06,33.4,426.15,49,22061.03
2024-06-10,S01,Mumbai,West,Home & Kitchen,2344.28,0,0,0,6396.17,30.8,2223.19,36,84394.06
2024-06-10,S02,Pune,West,Clothing,1728.42,0,0,0,7233.48,31.4,1873.82,28,48395.86
2024-06-10,S02,Pune,West,Electronics,15388.92,0,0,0,5848.68,36.2,14357.96,17,261611.57
2024-06-10,S02,Pune,West,Grocery,463.75,0,0,0,6444.4,32.6,431.37,40,18550.07
2024-06-10,S02,Pune,West,Home & Kitchen,2092.16,0,0,0,5790.95,31.9,1865.02,39,81594.4
2024-06-10,S03,Delhi,North,Clothing,1856.84,0,0,0,3659.16,31.9,1943.97,47,87271.54
2024-06-10,S03,Delhi,North,Electronics,14447.71,0,0,0,5236.05,29.5,15036.03,35,505669.85
2024-06-10,S03,Delhi,North,Grocery,463.52,0,0,0,2772.53,29.3,438.48,41,19004.22
2024-06-10,S03,Delhi,North,Home & Kitchen,2276.05,0,0,0,2638.85,32.7,2175.09,31,70557.57
2024-06-10,S04,Bengaluru,South,Clothing,1789.5,0,0,0,6262.11,28.6,1734.22,44,78738.04
2024-06-10,S04,Bengaluru,South,Electronics,14572.55,0,0,0,4579.06,33.7,15258.39,31,451749.14
2024-06-10,S04,Bengaluru,South,Grocery,447.63,0,0,0,4211.07,30.4,443.29,43,19248.29
2024-06-10,S04,Bengaluru,South,Home & Kitchen,2098.99,0,0,0,3814.85,29.2,2366.0,30,62969.8
2024-06-11,S01,Mumbai,West,Clothing,1709.0,0,0,0,4101.76,32.0,1738.33,34,58106.07
2024-06-11,S01,Mumbai,West,Electronics,14574.63,0,0,0,4316.71,31.8,14299.32,32,466388.31
2024-06-11,S01,Mumbai,West,Grocery,450.99,0,0,0,4155.0,31.1,451.04,46,20745.64
2024-06-11,S01,Mumbai,West,Home & Kitchen,2106.66,0,0,0,4011.39,31.8,2471.65,36,75839.87
2024-06-11,S02,Pune,West,Clothing,1755.44,0,0,0,5116.63,34.4,1720.03,38,66706.91
2024-06-11,S02,Pune,West,Electronics,15883.92,0,0,0,3000.7,28.5,15298.76,27,428865.82
2024-06-11,S02,Pune,West,Grocery,369.24,15,1,0,,35.3,505.55,46,16984.97
2024-06-11,S02,Pune,West,Home & Kitchen,2404.49,0,0,0,4828.22,34.9,2313.05,24,57707.68
2024-06-11,S03,Delhi,North,Clothing,1792.92,0,0,0,5735.96,32.3,1967.16,51,91438.8
2024-06-11,S03,Delhi,North,Electronics,15233.88,0,0,0,2670.89,29.6,14359.97,23,350379.18
2024-06-11,S03,Delhi,North,Grocery,451.51,0,0,0,6645.69,31.8,458.3,60,27090.89
2024-06-11,S03,Delhi,North,Home & Kitchen,2257.7,0,0,0,4261.37,30.6,2133.53,25,56442.38
2024-06-11,S04,Bengaluru,South,Clothing,1876.49,0,0,0,3077.94,32.2,1792.4,40,75059.64
2024-06-11,S04,Bengaluru,South,Electronics,14902.63,0,0,0,5359.89,28.9,14999.86,27,402370.93
2024-06-11,S04,Bengaluru,South,Grocery,445.03,0,0,0,6368.35,32.1,472.03,53,23586.61
2024-06-11,S04,Bengaluru,South,Home & Kitchen,2265.53,0,0,0,4135.58,31.0,2264.26,28,63434.77
2024-06-12,S01,Mumbai,West,Clothing,1837.44,0,0,0,4167.24,31.3,1926.6,32,58798.13
2024-06-12,S01,Mumbai,West,Electronics,15608.26,0,0,0,2920.34,33.4,14322.35,25,390206.42
2024-06-12,S01,Mumbai,West,Grocery,455.4,0,0,0,6328.07,31.3,442.39,57,25957.69
2024-06-12,S01,Mumbai,West,Home & Kitchen,2232.79,0,0,0,2026.13,28.4,2173.68,29,64750.89
2024-06-12,S02,Pune,West,Clothing,1708.59,0,0,0,3923.02,32.7,1741.64,37,63217.7
2024-06-12,S02,Pune,West,Electronics,15381.93,0,0,0,6060.82,29.5,16195.86,18,276874.73
2024-06-12,S02,Pune,West,Grocery,435.39,0,0,0,4813.4,29.9,463.38,48,20898.81
2024-06-12,S02,Pune,West,Home & Kitchen,2204.58,0,0,0,4364.03,29.0,2060.11,30,66137.3
2024-06-12,S03,Delhi,North,Clothing,1839.02,0,0,0,3072.65,29.5,1923.72,29,53331.52
2024-06-12,S03,Delhi,North,Electronics,14121.66,5,1,0,4001.76,28.6,15344.37,40,564866.36
2024-06-12,S03,Delhi,North,Grocery,475.64,0,0,0,5839.92,33.6,502.51,44,20928.33
2024-06-12,S03,Delhi,North,Home & Kitchen,2247.71,0,0,0,5537.68,32.0,2144.97,35,78669.76
2024-06-12,S04,Bengaluru,South,Clothing,1779.98,0,0,0,2383.0,32.0,1755.96,28,49839.4
2024-06-12,S04,Bengaluru,South,Electronics,12637.6,20,1,0,3927.77,30.0,16521.78,46,581329.79
2024-06-12,S04,Bengaluru,South,Grocery,461.58,0,0,0,5411.71,30.3,446.38,56,25848.36
2024-06-12,S04,Bengaluru,South,Home & Kitchen,2129.85,0,0,0,2203.14,30.1,2154.92,25,53246.32
2024-06-13,S01,Mumbai,West,Clothing,1786.57,0,0,0,4822.12,32.6,1824.63,33,58956.79
2024-06-13,S01,Mumbai,West,Electronics,15821.2,0,0,0,2885.05,33.2,14943.17,30,474635.87
2024-06-13,S01,Mumbai,West,Grocery,458.46,0,0,0,6523.71,28.4,488.66,70,32091.99
2024-06-13,S01,Mumbai,West,Home & Kitchen,2034.04,0,0,0,3393.12,29.4,2220.54,33,67123.4
2024-06-13,S02,Pune,West,Clothing,1685.41,5,1,0,5738.93,27.7,1687.09,26,43820.59
2024-06-13,S02,Pune,West,Electronics,14269.65,0,0,0,3861.67,32.3,14670.51,16,228314.35
2024-06-13,S02,Pune,West,Grocery,436.25,0,0,0,7295.27,29.8,443.73,41,17886.05
2024-06-13,S02,Pune,West,Home & Kitchen,2340.89,0,0,0,5065.11,28.6,2121.01,23,53840.49
2024-06-13,S03,Delhi,North,Clothing,1720.0,0,0,0,6531.84,29.5,1821.45,40,68799.81
2024-06-13,S03,Delhi,North,Electronics,15187.69,0,0,0,5815.81,28.8,15127.76,34,516381.5
2024-06-13,S03,Delhi,North,Grocery,495.71,0,0,0,4400.55,27.0,451.52,43,21315.53
2024-06-13,S03,Delhi,North,Home & Kitchen,2152.64,0,0,0,5493.98,31.4,2400.67,37,79647.63
2024-06-13,S04,Bengaluru,South,Clothing,1761.93,0,0,0,5920.42,30.9,1681.89,34,59905.71
2024-06-13,S04,Bengaluru,South,Electronics,15527.37,0,0,0,4689.95,32.1,15321.56,41,636622.1
2024-06-13,S04,Bengaluru,South,Grocery,487.51,0,0,0,4457.5,34.9,460.63,35,17062.77
2024-06-13,S04,Bengaluru,South,Home & Kitchen,2189.65,0,0,0,6556.16,34.8,2009.67,27,59120.56
2024-06-14,S01,Mumbai,West,Clothing,1899.96,0,0,0,4932.86,27.7,1839.13,34,64598.59
2024-06-14,S01,Mumbai,West,Electronics,14452.95,0,0,0,4739.24,31.0,14661.62,30,433588.64
2024-06-14,S01,Mumbai,West,Grocery,440.22,0,0,0,6016.24,29.1,453.86,44,19369.62
2024-06-14,S01,Mumbai,West,Home & Kitchen,2110.82,0,0,0,4107.11,28.1,2017.29,42,88654.4
2024-06-14,S02,Pune,West,Clothing,1768.78,0,0,0,4520.9,34.0,1725.94,29,51294.73
2024-06-14,S02,Pune,West,Electronics,15339.61,0,0,0,4992.71,28.9,16175.26,30,460188.2
2024-06-14,S02,Pune,West,Grocery,457.05,0,0,0,3382.93,31.2,477.9,44,20110.26
2024-06-14,S02,Pune,West,Home & Kitchen,2299.6,0,0,0,6807.59,31.6,,33,75886.71
2024-06-14,S03,Delhi,North,Clothing,1775.78,0,0,0,4698.38,30.6,1850.38,27,47945.95
2024-06-14,S03,Delhi,North,Electronics,14990.93,0,0,0,5359.97,30.7,14836.05,26,389764.11
2024-06-14,S03,Delhi,North,Grocery,447.36,0,0,0,6125.09,29.1,463.33,44,19683.8
2024-06-14,S03,Delhi,North,Home & Kitchen,2221.3,0,0,0,5666.53,28.2,2179.36,34,75524.1
2024-06-14,S04,Bengaluru,South,Clothing,1458.17,15,1,0,4068.16,29.2,1776.89,61,88948.19
2024-06-14,S04,Bengaluru,South,Electronics,12551.86,15,1,0,5885.69,33.7,14721.72,48,602489.3
2024-06-14,S04,Bengaluru,South,Grocery,406.71,5,1,0,8050.81,31.5,406.59,57,23182.33
2024-06-14,S04,Bengaluru,South,Home & Kitchen,2171.96,0,0,0,3745.96,33.1,2268.55,31,67330.82
2024-06-15,S01,Mumbai,West,Clothing,1857.85,0,0,0,4341.73,30.7,1811.85,42,78029.74
2024-06-15,S01,Mumbai,West,Electronics,14851.77,0,0,0,3905.63,26.2,14146.25,43,638626.27
2024-06-15,S01,Mumbai,West,Grocery,435.72,0,0,0,5201.25,33.1,493.77,79,34422.05
2024-06-15,S01,Mumbai,West,Home & Kitchen,2258.54,0,0,0,7312.51,31.4,2106.17,37,83565.9
2024-06-15,S02,Pune,West,Clothing,1852.63,0,0,0,5779.9,33.9,1811.62,43,79663.25
2024-06-15,S02,Pune,West,Electronics,15181.89,0,0,0,4116.71,28.8,14434.26,29,440274.91
2024-06-15,S02,Pune,West,Grocery,457.24,0,0,0,5151.58,30.2,443.06,57,26062.9
2024-06-15,S02,Pune,West,Home & Kitchen,1673.64,20,1,0,2129.43,31.0,2118.99,39,65271.96
2024-06-15,S03,Delhi,North,Clothing,1815.11,0,0,0,5193.54,30.9,1738.41,37,67159.15
2024-06-15,S03,Delhi,North,Electronics,13607.27,5,1,0,3513.01,31.9,15407.8,48,653148.93
2024-06-15,S03,Delhi,North,Grocery,445.88,0,0,0,5312.92,29.8,431.39,58,25861.2
2024-06-15,S03,Delhi,North,Home & Kitchen,1805.95,15,1,0,6591.81,28.6,2373.97,68,122804.54
2024-06-15,S04,Bengaluru,South,Clothing,1821.86,0,0,0,3866.65,31.0,1861.87,50,91093.01
2024-06-15,S04,Bengaluru,South,Electronics,15690.7,0,0,0,5677.77,31.2,16180.53,37,580555.74
2024-06-15,S04,Bengaluru,South,Grocery,434.95,0,0,0,5187.41,31.3,437.48,56,24357.08
2024-06-15,S04,Bengaluru,South,Home & Kitchen,2267.9,0,0,0,5196.47,29.4,2205.92,47,106591.39
2024-06-16,S01,Mumbai,West,Clothing,1742.72,0,0,0,5485.91,28.2,1754.51,56,97592.47
2024-06-16,S01,Mumbai,West,Electronics,15019.18,0,0,0,5566.96,32.0,14668.73,42,630805.57
2024-06-16,S01,Mumbai,West,Grocery,468.5,0,0,0,6069.98,34.4,462.62,67,31389.67
2024-06-16,S01,Mumbai,West,Home & Kitchen,2202.37,0,0,0,4822.55,31.1,2250.57,38,83690.19
2024-06-16,S02,Pune,West,Clothing,1795.23,0,0,0,3399.5,31.5,1857.55,37,66423.63
2024-06-16,S02,Pune,West,Electronics,14570.42,0,0,0,8034.13,33.2,12460.87,37,539105.41
2024-06-16,S02,Pune,West,Grocery,415.32,5,1,0,,29.8,457.32,57,23673.17
2024-06-16,S02,Pune,West,Home & Kitchen,2223.88,0,0,0,6949.29,29.5,2162.56,33,73387.97
2024-06-16,S03,Delhi,North,Clothing,1796.63,0,0,0,5443.29,30.9,1821.47,41,73661.92
2024-06-16,S03,Delhi,North,Electronics,14679.09,0,0,0,4386.51,27.7,13640.59,38,557805.5
2024-06-16,S03,Delhi,North,Grocery,333.61,25,1,0,2152.6,29.2,454.69,77,25688.35
2024-06-16,S03,Delhi,North,Home & Kitchen,2243.72,0,0,0,5031.52,30.2,2149.25,44,98723.73
2024-06-16,S04,Bengaluru,South,Clothing,1696.3,0,0,0,,34.6,1908.95,41,69548.32
2024-06-16,S04,Bengaluru,South,Electronics,15286.76,0,0,0,2611.33,31.4,13641.52,24,366882.35
2024-06-16,S04,Bengaluru,South,Grocery,437.0,0,0,0,2637.19,28.7,453.74,58,25345.81
2024-06-16,S04,Bengaluru,South,Home & Kitchen,2178.33,0,0,0,4092.3,33.5,2114.2,41,89311.7
2024-06-17,S01,Mumbai,West,Clothing,1690.88,0,0,0,2277.86,31.5,1799.85,32,54108.16
2024-06-17,S01,Mumbai,West,Electronics,15801.55,0,0,0,5678.81,26.5,14644.12,26,410840.36
2024-06-17,S01,Mumbai,West,Grocery,427.85,0,0,0,3658.99,29.7,482.07,77,32944.14
2024-06-17,S01,Mumbai,West,Home & Kitchen,2175.15,0,0,0,,29.6,2163.71,36,78305.57
2024-06-17,S02,Pune,West,Clothing,1341.37,25,1,0,5684.23,27.7,1727.44,52,69751.4
2024-06-17,S02,Pune,West,Electronics,15579.97,0,0,0,3298.84,32.1,15557.86,24,373919.23
2024-06-17,S02,Pune,West,Grocery,475.84,0,0,0,2858.55,31.0,437.21,36,17130.34
2024-06-17,S02,Pune,West,Home & Kitchen,2008.84,5,1,0,4890.04,28.5,2297.83,27,54238.58
2024-06-17,S03,Delhi,North,Clothing,1841.18,0,0,0,4490.67,30.1,1867.1,47,86535.52
2024-06-17,S03,Delhi,North,Electronics,13914.55,0,0,0,2992.9,29.9,14594.51,24,333949.24
2024-06-17,S03,Delhi,North,Grocery,338.23,25,1,0,5271.83,32.2,451.75,71,24014.2
2024-06-17,S03,Delhi,North,Home & Kitchen,2280.93,0,0,0,3167.31,30.6,2047.69,27,61585.14
2024-06-17,S04,Bengaluru,South,Clothing,1861.8,0,0,0,5894.74,29.1,1791.54,36,67024.7
2024-06-17,S04,Bengaluru,South,Electronics,12470.36,10,1,0,4929.11,31.6,13906.45,27,336699.59
2024-06-17,S04,Bengaluru,South,Grocery,445.62,0,0,0,6940.36,32.1,444.05,47,20944.12
2024-06-17,S04,Bengaluru,South,Home & Kitchen,2296.25,0,0,0,5516.85,31.7,2142.96,27,61998.74
2024-06-18,S01,Mumbai,West,Clothing,1495.34,15,1,0,4685.16,34.2,1760.17,62,92711.13
2024-06-18,S01,Mumbai,West,Electronics,12561.48,15,1,0,6577.53,33.9,14496.11,37,464774.67
2024-06-18,S01,Mumbai,West,Grocery,472.11,0,0,0,5297.54,32.3,445.3,54,25493.92
2024-06-18,S01,Mumbai,West,Home & Kitchen,2146.25,0,0,0,5221.77,32.6,2267.59,34,72972.59
2024-06-18,S02,Pune,West,Clothing,1779.49,0,0,0,7433.99,30.6,1854.88,44,78297.5
2024-06-18,S02,Pune,West,Electronics,15197.26,0,0,0,5470.42,31.9,15405.3,18,273550.64
2024-06-18,S02,Pune,West,Grocery,453.87,0,0,0,4154.24,32.3,449.62,38,17246.91
2024-06-18,S02,Pune,West,Home & Kitchen,2180.45,0,0,0,3831.62,29.9,2341.8,26,56691.72
2024-06-18,S03,Delhi,North,Clothing,1428.9,20,1,0,7648.25,30.2,1868.83,65,92878.7
2024-06-18,S03,Delhi,North,Electronics,15083.33,0,0,0,4267.15,29.3,14340.98,33,497749.83
2024-06-18,S03,Delhi,North,Grocery,453.13,0,0,0,4437.14,29.7,428.73,32,14500.21
2024-06-18,S03,Delhi,North,Home & Kitchen,2062.93,0,0,0,5528.04,29.4,2276.88,36,74265.39
2024-06-18,S04,Bengaluru,South,Clothing,1716.51,0,0,0,3803.82,27.4,1897.31,52,89258.31
2024-06-18,S04,Bengaluru,South,Electronics,14952.23,0,0,0,5264.14,29.2,15660.03,23,343901.35
2024-06-18,S04,Bengaluru,South,Grocery,436.84,0,0,0,3443.69,32.1,,52,22715.71
2024-06-18,S04,Bengaluru,South,Home & Kitchen,2112.45,5,1,0,9638.39,33.1,2364.7,41,86610.39
2024-06-19,S01,Mumbai,West,Clothing,1734.05,0,0,0,4580.11,30.0,1886.36,33,57223.72
2024-06-19,S01,Mumbai,West,Electronics,14785.4,0,0,0,5357.9,31.3,14763.16,27,399205.86
2024-06-19,S01,Mumbai,West,Grocery,424.21,0,0,0,5450.77,31.3,457.77,56,23755.53
2024-06-19,S01,Mumbai,West,Home & Kitchen,2068.23,0,0,0,3056.98,28.8,2246.74,39,80660.9
2024-06-19,S02,Pune,West,Clothing,1743.19,0,0,0,5269.78,31.9,1809.47,31,54038.96
2024-06-19,S02,Pune,West,Electronics,15591.73,0,0,0,3972.01,31.3,15552.14,28,436568.48
2024-06-19,S02,Pune,West,Grocery,451.68,0,0,0,2463.75,26.7,443.83,32,14453.66
2024-06-19,S02,Pune,West,Home & Kitchen,2075.6,0,0,0,4396.74,32.0,2413.52,25,51889.92
2024-06-19,S03,Delhi,North,Clothing,1518.66,15,1,0,7169.55,30.4,1788.71,51,77451.52
2024-06-19,S03,Delhi,North,Electronics,14419.67,5,1,0,4923.82,28.6,14418.86,38,547947.61
2024-06-19,S03,Delhi,North,Grocery,485.61,0,0,0,7167.5,31.1,480.11,61,29622.46
2024-06-19,S03,Delhi,North,Home & Kitchen,2195.11,0,0,0,3294.72,28.5,2129.45,31,68048.45
2024-06-19,S04,Bengaluru,South,Clothing,1695.74,0,0,0,7085.15,30.2,1800.59,41,69525.27
2024-06-19,S04,Bengaluru,South,Electronics,15821.34,0,0,0,4403.7,30.0,15170.06,26,411354.86
2024-06-19,S04,Bengaluru,South,Grocery,458.26,0,0,0,3407.22,29.0,458.12,49,22454.9
2024-06-19,S04,Bengaluru,South,Home & Kitchen,2138.27,0,0,0,4429.5,32.8,2304.79,33,70562.93
2024-06-20,S01,Mumbai,West,Clothing,1898.59,0,0,0,3715.83,31.2,1781.72,36,68349.23
2024-06-20,S01,Mumbai,West,Electronics,15696.93,0,0,0,7366.65,32.9,15883.84,39,612180.13
2024-06-20,S01,Mumbai,West,Grocery,397.9,10,1,0,3606.87,30.7,477.42,67,26659.15
2024-06-20,S01,Mumbai,West,Home & Kitchen,2245.76,0,0,0,5771.51,29.5,2055.02,34,76356.0
2024-06-20,S02,Pune,West,Clothing,1848.1,0,0,0,3420.6,32.9,1675.57,33,60987.39
2024-06-20,S02,Pune,West,Electronics,14522.34,0,0,0,6108.24,29.5,15522.83,38,551848.76
2024-06-20,S02,Pune,West,Grocery,447.2,0,0,0,4753.2,29.8,433.08,35,15651.9
2024-06-20,S02,Pune,West,Home & Kitchen,2096.1,0,0,0,3669.94,30.3,2211.25,29,60786.93
2024-06-20,S03,Delhi,North,Clothing,1835.3,0,0,0,5774.67,26.1,1617.33,36,66070.65
2024-06-20,S03,Delhi,North,Electronics,14683.01,0,0,0,6488.34,32.9,14884.51,27,396441.24
2024-06-20,S03,Delhi,North,Grocery,451.93,0,0,0,,33.9,446.98,40,18077.31
2024-06-20,S03,Delhi,North,Home & Kitchen,1865.79,15,1,0,5343.37,25.2,2233.4,53,98886.67
2024-06-20,S04,Bengaluru,South,Clothing,1791.65,0,0,0,6152.16,29.3,1585.6,32,57332.75
2024-06-20,S04,Bengaluru,South,Electronics,14929.48,0,0,0,3352.41,30.6,14590.19,21,313519.12
2024-06-20,S04,Bengaluru,South,Grocery,430.45,0,0,0,4676.48,31.0,463.83,46,19800.87
2024-06-20,S04,Bengaluru,South,Home & Kitchen,2185.93,0,0,0,4229.33,28.0,2324.57,41,89623.28
2024-06-21,S01,Mumbai,West,Clothing,1619.5,10,1,0,,32.4,1665.31,60,97169.92
2024-06-21,S01,Mumbai,West,Electronics,13348.21,10,1,0,4078.33,29.1,15149.43,33,440490.94
2024-06-21,S01,Mumbai,West,Grocery,463.12,0,0,0,5711.88,34.6,470.36,59,27324.08
2024-06-21,S01,Mumbai,West,Home & Kitchen,2181.31,0,0,0,3533.5,32.5,2311.68,40,87252.49
2024-06-21,S02,Pune,West,Clothing,1865.34,0,0,0,4490.32,27.4,1815.71,41,76479.11
2024-06-21,S02,Pune,West,Electronics,12902.53,15,1,0,6528.22,30.4,15143.81,42,541906.36
2024-06-21,S02,Pune,West,Grocery,462.56,0,0,0,3813.51,28.1,455.46,44,20352.71
2024-06-21,S02,Pune,West,Home & Kitchen,2143.58,0,0,0,3439.44,33.3,2175.9,33,70738.27
2024-06-21,S03,Delhi,North,Clothing,1770.98,0,0,0,2728.54,30.1,1663.81,30,53129.42
2024-06-21,S03,Delhi,North,Electronics,14947.93,0,0,0,4764.8,29.4,14317.49,29,433489.99
2024-06-21,S03,Delhi,North,Grocery,421.99,5,1,0,5620.45,27.3,474.87,60,25319.4
2024-06-21,S03,Delhi,North,Home & Kitchen,2260.85,0,0,0,7088.22,34.3,2222.11,31,70086.38
2024-06-21,S04,Bengaluru,South,Clothing,1845.7,0,0,0,5396.55,27.2,,35,64599.59
2024-06-21,S04,Bengaluru,South,Electronics,15684.29,0,0,0,6403.72,32.9,15294.17,36,564634.53
2024-06-21,S04,Bengaluru,South,Grocery,422.02,5,1,0,6607.1,34.0,454.89,53,22366.97
2024-06-21,S04,Bengaluru,South,Home & Kitchen,2197.09,0,0,0,2982.81,32.0,2316.25,33,72503.86
2024-06-22,S01,Mumbai,West,Clothing,1850.4,0,0,0,5028.29,26.8,1648.85,51,94370.64
2024-06-22,S01,Mumbai,West,Electronics,11493.74,25,1,0,5901.12,27.8,16853.86,57,655143.36
2024-06-22,S01,Mumbai,West,Grocery,405.0,10,1,0,3752.13,30.0,461.95,86,34830.36
2024-06-22,S01,Mumbai,West,Home & Kitchen,1784.62,15,1,0,4501.46,32.8,2063.3,58,103508.16
2024-06-22,S02,Pune,West,Clothing,1734.54,0,0,0,1650.53,29.4,1907.49,36,62443.55
2024-06-22,S02,Pune,West,Electronics,14597.21,0,0,0,6881.83,30.8,14805.89,31,452513.43
2024-06-22,S02,Pune,West,Grocery,409.73,10,1,0,6373.83,30.6,435.63,54,22125.55
2024-06-22,S02,Pune,West,Home & Kitchen,2163.98,0,0,0,6270.24,30.7,2285.75,37,80067.29
2024-06-22,S03,Delhi,North,Clothing,1750.99,0,0,0,4477.02,32.5,1842.84,55,96304.25
2024-06-22,S03,Delhi,North,Electronics,14561.67,0,0,0,4635.12,28.2,16257.72,29,422288.44
2024-06-22,S03,Delhi,North,Grocery,450.18,0,0,0,3258.15,31.6,450.22,57,25660.08
2024-06-22,S03,Delhi,North,Home & Kitchen,2162.08,0,0,0,2653.46,34.3,2220.48,42,90807.24
2024-06-22,S04,Bengaluru,South,Clothing,1519.57,15,1,0,8878.89,31.7,1836.67,60,91174.37
2024-06-22,S04,Bengaluru,South,Electronics,12919.03,10,1,0,7743.78,34.5,15799.78,47,607194.29
2024-06-22,S04,Bengaluru,South,Grocery,443.31,0,0,0,4037.53,31.5,450.45,61,27042.01
2024-06-22,S04,Bengaluru,South,Home & Kitchen,2248.47,0,0,0,4534.18,30.8,2228.8,35,78696.52
2024-06-23,S01,Mumbai,West,Clothing,1784.61,0,0,0,5265.15,29.9,1644.6,49,87445.81
2024-06-23,S01,Mumbai,West,Electronics,14335.29,0,0,0,6699.03,31.4,15127.88,42,602082.0
2024-06-23,S01,Mumbai,West,Grocery,432.23,0,0,0,4358.12,33.4,442.62,74,31984.84
2024-06-23,S01,Mumbai,West,Home & Kitchen,2201.99,0,0,0,5563.24,29.3,2115.86,40,88079.7
2024-06-23,S02,Pune,West,Clothing,1415.61,25,1,0,5894.05,33.1,1629.71,55,77858.67
2024-06-23,S02,Pune,West,Electronics,15111.45,0,0,0,6077.18,32.6,14834.48,30,453343.5
2024-06-23,S02,Pune,West,Grocery,380.41,20,1,0,7142.69,31.8,462.96,86,32715.29
2024-06-23,S02,Pune,West,Home & Kitchen,2202.56,0,0,0,5239.53,32.1,2106.04,35,77089.69
2024-06-23,S03,Delhi,North,Clothing,1460.08,20,1,0,5799.67,33.7,1754.52,69,100745.63
2024-06-23,S03,Delhi,North,Electronics,15565.38,0,0,0,4411.35,32.7,15338.75,36,560353.67
2024-06-23,S03,Delhi,North,Grocery,438.86,0,0,0,,30.7,442.54,72,31598.14
2024-06-23,S03,Delhi,North,Home & Kitchen,2161.15,0,0,0,4813.56,29.2,2381.34,44,95090.81
2024-06-23,S04,Bengaluru,South,Clothing,1835.39,0,0,0,3598.54,28.3,1637.03,40,73415.57
2024-06-23,S04,Bengaluru,South,Electronics,14411.0,0,0,0,6129.99,29.1,14207.48,41,590851.09
2024-06-23,S04,Bengaluru,South,Grocery,463.43,0,0,0,2361.31,32.6,470.77,50,23171.3
2024-06-23,S04,Bengaluru,South,Home & Kitchen,2211.12,0,0,0,1953.61,34.8,2086.26,41,90656.12
2024-06-24,S01,Mumbai,West,Clothing,1342.72,25,1,0,5130.18,31.7,1855.62,64,85934.3
2024-06-24,S01,Mumbai,West,Electronics,14922.95,0,0,0,6896.81,30.9,14782.45,34,507380.14
2024-06-24,S01,Mumbai,West,Grocery,455.76,0,0,0,5059.64,31.7,446.43,58,26433.89
2024-06-24,S01,Mumbai,West,Home & Kitchen,2238.36,0,0,0,7625.35,31.4,2225.24,26,58197.42
2024-06-24,S02,Pune,West,Clothing,1763.77,0,0,0,7471.52,33.9,1980.47,39,68786.91
2024-06-24,S02,Pune,West,Electronics,15664.75,0,0,0,3959.7,31.8,14654.7,28,438613.04
2024-06-24,S02,Pune,West,Grocery,433.61,0,0,0,7082.94,33.2,443.15,49,21247.01
2024-06-24,S02,Pune,West,Home & Kitchen,2131.61,0,0,0,2123.46,31.5,2093.76,23,49027.07
2024-06-24,S03,Delhi,North,Clothing,1398.37,20,1,0,9127.83,33.3,1859.87,52,72715.13
2024-06-24,S03,Delhi,North,Electronics,14421.32,0,0,0,2419.07,33.4,14404.22,18,259583.77
2024-06-24,S03,Delhi,North,Grocery,427.35,0,0,0,3216.67,30.7,432.42,33,14102.41
2024-06-24,S03,Delhi,North,Home & Kitchen,2211.8,0,0,0,6302.35,28.0,2227.75,39,86260.06
2024-06-24,S04,Bengaluru,South,Clothing,1720.82,5,1,0,6234.17,28.1,1679.84,50,86040.99
2024-06-24,S04,Bengaluru,South,Electronics,15509.66,0,0,0,4450.87,32.4,14934.33,22,341212.45
2024-06-24,S04,Bengaluru,South,Grocery,426.87,5,1,0,4911.32,30.3,490.25,60,25612.46
2024-06-24,S04,Bengaluru,South,Home & Kitchen,2076.09,5,1,0,8784.67,29.0,2211.8,32,66435.02
2024-06-25,S01,Mumbai,West,Clothing,1798.24,0,0,0,4976.33,25.1,1696.36,44,79122.48
2024-06-25,S01,Mumbai,West,Electronics,14253.18,0,0,0,2867.35,29.9,15003.1,30,427595.44
2024-06-25,S01,Mumbai,West,Grocery,450.9,0,0,0,3903.9,30.9,475.6,48,21643.42
2024-06-25,S01,Mumbai,West,Home & Kitchen,2186.76,0,0,0,8296.68,29.4,2372.37,26,56855.64
2024-06-25,S02,Pune,West,Clothing,1759.36,0,0,0,3220.1,31.8,1745.05,22,38706.01
2024-06-25,S02,Pune,West,Electronics,14358.11,0,0,0,9374.3,29.1,14699.71,35,502533.92
2024-06-25,S02,Pune,West,Grocery,429.13,0,0,0,8498.42,30.1,411.3,53,22744.15
2024-06-25,S02,Pune,West,Home & Kitchen,2209.85,0,0,0,6011.17,30.1,2159.61,27,59666.07
2024-06-25,S03,Delhi,North,Clothing,1595.11,15,1,0,3454.77,31.1,1690.45,53,84540.88
2024-06-25,S03,Delhi,North,Electronics,14860.04,0,0,0,4852.04,31.4,13694.67,29,430941.02
2024-06-25,S03,Delhi,North,Grocery,448.0,0,0,0,6629.06,29.1,442.12,51,22848.1
2024-06-25,S03,Delhi,North,Home & Kitchen,2017.24,10,1,0,7149.7,33.8,2213.15,45,90775.64
2024-06-25,S04,Bengaluru,South,Clothing,1831.05,0,0,0,1565.94,32.6,1662.78,21,38452.14
2024-06-25,S04,Bengaluru,South,Electronics,15383.45,0,0,0,4691.17,31.4,15028.87,29,446120.03
2024-06-25,S04,Bengaluru,South,Grocery,431.92,0,0,0,6488.33,27.4,403.01,60,25915.46
2024-06-25,S04,Bengaluru,South,Home & Kitchen,2042.07,5,1,0,4736.11,32.3,2272.19,30,61262.08
2024-06-26,S01,Mumbai,West,Clothing,1859.75,0,0,0,3177.12,29.0,1827.01,44,81829.14
2024-06-26,S01,Mumbai,West,Electronics,14525.05,0,0,0,4531.47,31.1,15192.37,29,421226.59
2024-06-26,S01,Mumbai,West,Grocery,424.73,5,1,0,6148.6,33.7,480.28,81,34403.06
2024-06-26,S01,Mumbai,West,Home & Kitchen,2097.27,5,1,0,4128.24,30.5,2089.57,37,77599.09
2024-06-26,S02,Pune,West,Clothing,1642.98,10,1,0,3379.12,33.2,1651.58,35,57504.22
2024-06-26,S02,Pune,West,Electronics,14383.95,0,0,0,5833.14,32.5,13641.72,26,373982.69
2024-06-26,S02,Pune,West,Grocery,440.01,0,0,0,5311.55,,463.97,51,22440.47
2024-06-26,S02,Pune,West,Home & Kitchen,1706.22,25,1,0,6951.2,32.6,2196.28,43,73367.48
2024-06-26,S03,Delhi,North,Clothing,1700.53,0,0,0,4042.72,28.6,1922.54,29,49315.29
2024-06-26,S03,Delhi,North,Electronics,14415.78,0,0,0,5724.24,29.0,14562.42,19,273899.77
2024-06-26,S03,Delhi,North,Grocery,481.5,0,0,0,4369.2,30.2,482.96,44,21186.05
2024-06-26,S03,Delhi,North,Home & Kitchen,1771.9,20,1,0,6550.13,26.7,2160.98,35,62016.4
2024-06-26,S04,Bengaluru,South,Clothing,1597.37,15,1,0,5049.97,33.7,1781.08,48,76673.82
2024-06-26,S04,Bengaluru,South,Electronics,14988.25,0,0,0,6872.73,29.9,15229.69,27,404682.63
2024-06-26,S04,Bengaluru,South,Grocery,454.0,0,0,0,4996.57,31.9,427.31,58,26332.16
2024-06-26,S04,Bengaluru,South,Home & Kitchen,2231.52,0,0,0,3474.84,,2187.47,32,71408.7
2024-06-27,S01,Mumbai,West,Clothing,1544.3,15,1,0,5694.33,33.1,1812.29,66,101924.04
2024-06-27,S01,Mumbai,West,Electronics,15377.64,0,0,0,7037.18,36.5,15326.44,37,568972.7
2024-06-27,S01,Mumbai,West,Grocery,441.58,0,0,0,5099.84,31.5,436.66,57,25169.89
2024-06-27,S01,Mumbai,West,Home & Kitchen,2202.52,0,0,0,4105.09,31.2,2216.25,33,72683.04
2024-06-27,S02,Pune,West,Clothing,1555.8,15,1,0,,31.8,1812.46,54,84013.08
2024-06-27,S02,Pune,West,Electronics,15429.96,0,0,0,4174.01,27.6,14089.27,24,370319.13
2024-06-27,S02,Pune,West,Grocery,457.47,0,0,0,4525.14,27.6,464.35,46,21043.63
2024-06-27,S02,Pune,West,Home & Kitchen,1996.27,10,1,0,3327.74,28.5,1972.65,25,49906.73
2024-06-27,S03,Delhi,North,Clothing,1783.89,0,0,0,6622.38,29.8,1715.61,33,58868.51
2024-06-27,S03,Delhi,North,Electronics,15105.67,0,0,0,5347.39,30.4,,32,483381.46
2024-06-27,S03,Delhi,North,Grocery,461.99,0,0,0,3213.07,30.9,429.78,51,23561.64
2024-06-27,S03,Delhi,North,Home & Kitchen,2259.46,0,0,0,3984.08,33.0,2259.17,28,63264.77
2024-06-27,S04,Bengaluru,South,Clothing,1756.08,0,0,0,3024.42,36.1,1821.32,35,61462.73
2024-06-27,S04,Bengaluru,South,Electronics,15390.99,0,0,0,6202.48,29.0,15483.18,26,400165.75
2024-06-27,S04,Bengaluru,South,Grocery,437.49,0,0,0,6677.57,30.6,451.35,52,22749.72
2024-06-27,S04,Bengaluru,South,Home & Kitchen,2176.69,0,0,0,4695.97,35.3,2229.38,29,63124.02
2024-06-28,S01,Mumbai,West,Clothing,1742.9,0,0,0,3594.49,32.9,1794.18,43,74944.87
2024-06-28,S01,Mumbai,West,Electronics,12730.91,15,1,0,6914.54,32.6,16557.53,52,662007.38
2024-06-28,S01,Mumbai,West,Grocery,449.53,0,0,0,3769.73,30.7,433.27,39,17531.78
2024-06-28,S01,Mumbai,West,Home & Kitchen,2153.35,0,0,0,5773.3,32.0,2217.16,38,81827.36
2024-06-28,S02,Pune,West,Clothing,1796.15,0,0,0,6381.97,32.9,1874.8,48,86215.28
2024-06-28,S02,Pune,West,Electronics,14993.64,0,0,0,5308.31,30.3,14877.43,21,314866.54
2024-06-28,S02,Pune,West,Grocery,444.22,0,0,0,4438.0,29.2,500.7,57,25320.58
2024-06-28,S02,Pune,West,Home & Kitchen,2195.56,0,0,0,5270.39,29.8,2317.36,26,57084.47
2024-06-28,S03,Delhi,North,Clothing,1604.66,15,1,0,4310.21,29.4,1932.89,69,110721.69
2024-06-28,S03,Delhi,North,Electronics,15467.19,0,0,0,6038.92,29.6,14523.79,15,232007.85
2024-06-28,S03,Delhi,North,Grocery,443.52,0,0,0,6838.26,30.6,464.99,63,27942.02
2024-06-28,S03,Delhi,North,Home & Kitchen,2246.78,0,0,0,6966.25,32.2,,36,80884.11
2024-06-28,S04,Bengaluru,South,Clothing,1622.27,10,1,0,7637.92,27.8,1646.11,43,69757.62
2024-06-28,S04,Bengaluru,South,Electronics,14733.3,0,0,0,6896.06,31.4,13524.0,19,279932.75
2024-06-28,S04,Bengaluru,South,Grocery,433.9,0,0,0,5779.55,31.4,480.35,45,19525.56
2024-06-28,S04,Bengaluru,South,Home & Kitchen,2152.39,0,0,0,6026.82,32.1,2261.64,38,81790.99
2024-06-29,S01,Mumbai,West,Clothing,1887.62,0,0,0,4583.89,31.7,1839.46,56,105706.48
2024-06-29,S01,Mumbai,West,Electronics,14856.4,0,0,0,5292.89,33.0,14366.01,36,534830.49
2024-06-29,S01,Mumbai,West,Grocery,442.14,0,0,0,5851.96,33.7,429.66,80,35371.52
2024-06-29,S01,Mumbai,West,Home & Kitchen,2203.58,0,0,0,6753.18,31.6,2272.31,55,121196.96
2024-06-29,S02,Pune,West,Clothing,1603.17,10,1,0,9068.35,31.2,1774.76,47,75349.02
2024-06-29,S02,Pune,West,Electronics,15527.07,0,0,0,5946.25,28.6,13319.35,19,295014.3
2024-06-29,S02,Pune,West,Grocery,467.16,0,0,0,3552.7,31.3,450.4,53,24759.42
2024-06-29,S02,Pune,West,Home & Kitchen,2222.55,0,0,0,5930.69,30.1,2226.41,30,66676.42
2024-06-29,S03,Delhi,North,Clothing,1716.03,10,1,0,4816.18,28.1,1660.36,64,109825.65
2024-06-29,S03,Delhi,North,Electronics,14065.81,0,0,0,6111.94,30.8,16906.86,38,534500.68
2024-06-29,S03,Delhi,North,Grocery,454.74,0,0,0,3040.95,32.3,443.0,64,29103.19
2024-06-29,S03,Delhi,North,Home & Kitchen,1625.39,25,1,0,3796.83,30.2,2155.84,56,91022.06
2024-06-29,S04,Bengaluru,South,Clothing,1604.32,5,1,0,8269.06,31.7,1867.92,40,64172.71
2024-06-29,S04,Bengaluru,South,Electronics,14493.15,0,0,0,5125.75,29.8,15402.13,45,652191.58
2024-06-29,S04,Bengaluru,South,Grocery,464.97,0,0,0,4176.06,31.0,467.73,62,28828.01
2024-06-29,S04,Bengaluru,South,Home & Kitchen,2132.12,0,0,0,4587.12,29.9,2306.63,43,91680.96
2024-06-30,S01,Mumbai,West,Clothing,1784.19,0,0,0,1160.13,32.7,1814.25,38,67799.14
2024-06-30,S01,Mumbai,West,Electronics,14663.06,0,0,0,4673.47,32.6,15644.28,42,615848.63
2024-06-30,S01,Mumbai,West,Grocery,482.87,0,0,0,3853.77,33.4,468.67,54,26074.77
2024-06-30,S01,Mumbai,West,Home & Kitchen,2248.52,0,0,0,,31.5,2330.24,47,105680.64
2024-06-30,S02,Pune,West,Clothing,1863.31,0,0,0,5672.32,31.9,1828.04,43,80122.2
2024-06-30,S02,Pune,West,Electronics,14636.72,0,0,0,5889.19,29.2,13494.12,33,483011.82
2024-06-30,S02,Pune,West,Grocery,444.69,0,0,0,5672.23,28.2,454.12,57,25347.16
2024-06-30,S02,Pune,West,Home & Kitchen,2105.29,0,0,0,2593.56,31.7,2287.8,36,75790.48
2024-06-30,S03,Delhi,North,Clothing,1795.07,0,0,0,7510.96,,1854.3,42,75393.05
2024-06-30,S03,Delhi,North,Electronics,15294.31,0,0,0,8297.13,32.4,13759.35,43,657655.26
2024-06-30,S03,Delhi,North,Grocery,483.94,0,0,0,5383.02,28.7,463.26,52,25164.95
2024-06-30,S03,Delhi,North,Home & Kitchen,2202.91,0,0,0,6039.4,33.7,2303.64,37,81507.55
2024-06-30,S04,Bengaluru,South,Clothing,1401.05,25,1,0,5511.46,28.1,1800.8,77,107880.63
2024-06-30,S04,Bengaluru,South,Electronics,15174.01,0,0,0,5914.09,31.7,13568.55,34,515916.4
2024-06-30,S04,Bengaluru,South,Grocery,444.18,0,0,0,3923.31,29.4,431.67,61,27094.96
2024-06-30,S04,Bengaluru,South,Home & Kitchen,1927.53,15,1,0,8135.03,33.8,2304.05,64,123362.11
2024-07-01,S01,Mumbai,West,Clothing,1597.86,10,1,0,3969.59,32.4,1556.12,32,51131.58
2024-07-01,S01,Mumbai,West,Electronics,11920.56,20,1,0,5309.16,35.0,15155.81,44,524504.81
2024-07-01,S01,Mumbai,West,Grocery,446.76,0,0,0,8431.96,34.4,429.09,41,18317.15
2024-07-01,S01,Mumbai,West,Home & Kitchen,2268.29,0,0,0,5131.01,29.8,2155.55,41,92999.75
2024-07-01,S02,Pune,West,Clothing,1766.34,0,0,0,3071.14,29.6,1990.78,32,56522.94
2024-07-01,S02,Pune,West,Electronics,15023.04,0,0,0,5744.04,35.9,14749.29,23,345529.82
2024-07-01,S02,Pune,West,Grocery,464.61,0,0,0,4257.69,34.5,460.77,49,22765.68
2024-07-01,S02,Pune,West,Home & Kitchen,2149.69,5,1,0,6513.51,33.3,2027.25,29,62341.03
2024-07-01,S03,Delhi,North,Clothing,1859.61,0,0,0,5548.66,30.5,1716.17,36,66946.12
2024-07-01,S03,Delhi,North,Electronics,15734.2,0,0,0,3306.9,31.9,15038.28,19,298949.75
2024-07-01,S03,Delhi,North,Grocery,452.69,0,0,0,2769.07,29.2,454.65,45,20370.84
2024-07-01,S03,Delhi,North,Home & Kitchen,2237.63,0,0,0,5229.55,30.7,2177.49,34,76079.48
2024-07-01,S04,Bengaluru,South,Clothing,1598.23,10,1,0,10114.02,32.1,1680.93,50,79911.62
2024-07-01,S04,Bengaluru,South,Electronics,14870.89,0,0,0,5996.19,30.0,14972.24,42,624577.34
2024-07-01,S04,Bengaluru,South,Grocery,388.13,15,1,0,6345.06,32.1,441.23,52,20182.73
2024-07-01,S04,Bengaluru,South,Home & Kitchen,2101.95,0,0,0,4262.4,35.5,2159.88,33,69364.3
2024-07-02,S01,Mumbai,West,Clothing,1647.21,0,0,0,7195.89,33.1,1770.87,50,82360.34
2024-07-02,S01,Mumbai,West,Electronics,15135.5,0,0,0,5432.33,31.6,13821.68,24,363252.02
2024-07-02,S01,Mumbai,West,Grocery,444.95,0,0,0,4835.78,24.2,468.4,51,22692.67
2024-07-02,S01,Mumbai,West,Home & Kitchen,2252.19,0,0,0,4269.29,32.8,2311.3,36,81078.77
2024-07-02,S02,Pune,West,Clothing,1796.29,0,0,0,,33.4,1818.51,24,43110.88
2024-07-02,S02,Pune,West,Electronics,15309.66,0,0,0,6449.72,29.1,14903.75,33,505218.71
2024-07-02,S02,Pune,West,Grocery,438.78,0,0,0,5777.08,33.0,472.94,48,21061.67
2024-07-02,S02,Pune,West,Home & Kitchen,1908.86,10,1,0,4784.83,30.4,2126.84,36,68718.98
2024-07-02,S03,Delhi,North,Clothing,1841.86,0,0,0,6286.94,29.2,1799.2,44,81041.68
2024-07-02,S03,Delhi,North,Electronics,12799.33,15,1,0,6422.5,32.0,14902.55,36,460775.84
2024-07-02,S03,Delhi,North,Grocery,394.18,10,1,0,6527.43,28.0,420.0,73,28775.49
2024-07-02,S03,Delhi,North,Home & Kitchen,2149.11,0,0,0,3819.96,33.7,2263.82,29,62324.19
2024-07-02,S04,Bengaluru,South,Clothing,1797.2,0,0,0,3733.0,31.7,1803.39,36,64699.24
2024-07-02,S04,Bengaluru,South,Electronics,15187.51,0,0,0,7164.14,29.8,14208.56,33,501187.75
2024-07-02,S04,Bengaluru,South,Grocery,377.03,15,1,0,6354.47,30.7,466.96,54,20359.87
2024-07-02,S04,Bengaluru,South,Home & Kitchen,2231.69,0,0,0,3724.96,32.8,2054.92,25,55792.35
2024-07-03,S01,Mumbai,West,Clothing,1834.26,0,0,0,6245.6,31.4,1838.26,42,77038.82
2024-07-03,S01,Mumbai,West,Electronics,15442.31,0,0,0,4621.44,27.9,15578.02,27,416942.43
2024-07-03,S01,Mumbai,West,Grocery,442.69,0,0,0,3243.06,32.9,462.28,41,18150.2
2024-07-03,S01,Mumbai,West,Home & Kitchen,2155.44,0,0,0,2113.97,33.1,2346.34,28,60352.42
2024-07-03,S02,Pune,West,Clothing,1891.46,0,0,0,7684.14,29.5,2068.42,37,69984.19
2024-07-03,S02,Pune,West,Electronics,15094.59,0,0,0,6302.26,30.4,14764.98,25,377364.75
2024-07-03,S02,Pune,West,Grocery,465.97,0,0,0,3600.46,30.2,471.54,43,20036.76
2024-07-03,S02,Pune,West,Home & Kitchen,1841.94,20,1,0,6975.94,30.1,2121.26,27,49732.34
2024-07-03,S03,Delhi,North,Clothing,1773.46,0,0,0,6083.81,33.9,1896.87,45,79805.56
2024-07-03,S03,Delhi,North,Electronics,13226.72,10,1,0,6624.21,31.0,14813.15,28,370348.3
2024-07-03,S03,Delhi,North,Grocery,450.92,0,0,0,6601.33,32.3,453.73,62,27957.34
2024-07-03,S03,Delhi,North,Home & Kitchen,2048.73,5,1,0,5299.59,31.5,2054.12,34,69656.93
2024-07-03,S04,Bengaluru,South,Clothing,1776.71,0,0,0,3218.74,27.7,1731.81,36,63961.49
2024-07-03,S04,Bengaluru,South,Electronics,15092.89,0,0,0,1580.86,34.2,15147.44,21,316950.75
2024-07-03,S04,Bengaluru,South,Grocery,453.33,0,0,0,5173.99,29.9,436.54,43,19493.11
2024-07-03,S04,Bengaluru,South,Home & Kitchen,2201.4,0,0,0,4894.11,31.6,2369.06,32,70444.77
2024-07-04,S01,Mumbai,West,Clothing,1624.91,10,1,0,8374.27,32.2,1947.63,59,95869.64
2024-07-04,S01,Mumbai,West,Electronics,13818.68,0,0,0,4936.13,31.6,15950.72,32,442197.89
2024-07-04,S01,Mumbai,West,Grocery,473.99,0,0,0,3523.49,32.4,437.74,35,16589.61
2024-07-04,S01,Mumbai,West,Home & Kitchen,2129.89,5,1,0,3593.1,33.4,2396.24,49,104364.64
2024-07-04,S02,Pune,West,Clothing,1468.63,15,1,0,5440.38,33.4,1913.82,49,71962.77
2024-07-04,S02,Pune,West,Electronics,14195.06,0,0,0,3728.65,33.0,13215.07,22,312291.4
2024-07-04,S02,Pune,West,Grocery,468.48,0,0,0,4300.88,29.0,457.17,36,16865.41
2024-07-04,S02,Pune,West,Home & Kitchen,2250.87,0,0,0,3599.53,32.2,2177.7,25,56271.74
2024-07-04,S03,Delhi,North,Clothing,1733.97,5,1,0,6210.75,33.2,1881.16,38,65890.77
2024-07-04,S03,Delhi,North,Electronics,14982.87,0,0,0,4520.3,33.3,13545.46,26,389554.51
2024-07-04,S03,Delhi,North,Grocery,458.67,0,0,0,4027.68,33.5,498.73,48,22015.95
2024-07-04,S03,Delhi,North,Home & Kitchen,1999.88,5,1,0,9260.03,29.6,2300.5,46,91994.66
2024-07-04,S04,Bengaluru,South,Clothing,1757.54,0,0,0,4189.24,,1730.52,32,56241.31
2024-07-04,S04,Bengaluru,South,Electronics,14849.18,0,0,0,5184.22,32.4,15499.21,33,490023.02
2024-07-04,S04,Bengaluru,South,Grocery,468.88,0,0,0,5308.3,33.6,456.39,60,28133.04
2024-07-04,S04,Bengaluru,South,Home & Kitchen,2163.92,0,0,0,4731.36,29.7,2235.64,23,49770.23
2024-07-05,S01,Mumbai,West,Clothing,1805.4,0,0,0,7081.58,30.7,1951.78,47,84853.61
2024-07-05,S01,Mumbai,West,Electronics,10969.28,25,1,0,6141.48,33.6,14357.12,57,625248.99
2024-07-05,S01,Mumbai,West,Grocery,363.69,15,1,0,8065.64,31.9,485.19,84,30550.1
2024-07-05,S01,Mumbai,West,Home & Kitchen,2230.72,0,0,0,4148.34,30.6,2255.21,21,46845.14
2024-07-05,S02,Pune,West,Clothing,1775.23,0,0,0,5210.71,31.1,1804.64,32,56807.45
2024-07-05,S02,Pune,West,Electronics,16270.17,0,0,0,8162.08,31.1,16164.3,26,423024.4
2024-07-05,S02,Pune,West,Grocery,398.14,10,1,0,6778.24,30.6,449.26,54,21499.44
2024-07-05,S02,Pune,West,Home & Kitchen,2236.73,0,0,0,6563.36,28.9,2196.31,28,62628.53
2024-07-05,S03,Delhi,North,Clothing,1753.47,0,0,0,5137.19,31.9,1725.92,43,75399.4
2024-07-05,S03,Delhi,North,Electronics,14754.47,0,0,0,4051.26,32.7,14967.92,30,442634.16
2024-07-05,S03,Delhi,North,Grocery,455.62,0,0,0,3230.31,29.7,456.92,36,16402.49
2024-07-05,S03,Delhi,North,Home & Kitchen,2279.36,0,0,0,3256.81,36.1,2121.01,32,72939.41
2024-07-05,S04,Bengaluru,South,Clothing,1834.95,0,0,0,5573.16,32.0,1685.81,35,64223.17
2024-07-05,S04,Bengaluru,South,Electronics,15847.9,0,0,0,6429.95,32.3,15042.89,32,507132.72
2024-07-05,S04,Bengaluru,South,Grocery,452.54,0,0,0,4793.45,,434.7,37,16744.13
2024-07-05,S04,Bengaluru,South,Home & Kitchen,2152.67,0,0,0,6473.89,30.0,2167.95,30,64580.25
2024-07-06,S01,Mumbai,West,Clothing,1600.42,10,1,0,7211.38,34.5,1677.32,71,113630.01
2024-07-06,S01,Mumbai,West,Electronics,15071.59,0,0,0,3982.89,30.1,14993.3,30,452147.8
2024-07-06,S01,Mumbai,West,Grocery,454.85,0,0,0,4386.27,33.2,417.1,61,27745.99
2024-07-06,S01,Mumbai,West,Home & Kitchen,2153.16,0,0,0,5088.22,33.8,2217.32,37,79666.89
2024-07-06,S02,Pune,West,Clothing,1855.36,0,0,0,5360.84,32.7,1826.24,33,61226.79
2024-07-06,S02,Pune,West,Electronics,15095.55,0,0,0,7953.33,32.3,13922.83,34,513248.56
2024-07-06,S02,Pune,West,Grocery,456.61,0,0,0,4812.64,30.2,468.96,56,25570.11
2024-07-06,S02,Pune,West,Home & Kitchen,2239.61,0,0,0,4634.7,34.0,2295.65,34,76146.62
2024-07-06,S03,Delhi,North,Clothing,1629.87,5,1,0,7595.98,32.8,1744.87,56,91272.63
2024-07-06,S03,Delhi,North,Electronics,14295.54,10,1,0,6897.79,28.3,15135.3,42,600412.73
2024-07-06,S03,Delhi,North,Grocery,469.61,0,0,0,3276.99,29.5,470.86,42,19723.71
2024-07-06,S03,Delhi,North,Home & Kitchen,2344.57,0,0,0,2360.15,30.6,2274.3,40,93782.89
2024-07-06,S04,Bengaluru,South,Clothing,1824.87,0,0,0,6419.47,33.2,,49,89418.6
2024-07-06,S04,Bengaluru,South,Electronics,14533.03,0,0,0,6765.14,31.0,14510.12,27,392391.9
2024-07-06,S04,Bengaluru,South,Grocery,445.13,0,0,0,4822.46,31.7,461.0,64,28488.45
2024-07-06,S04,Bengaluru,South,Home & Kitchen,2201.21,0,0,0,6301.38,29.4,1995.63,40,88048.22
2024-07-07,S01,Mumbai,West,Clothing,1768.94,0,0,0,4320.7,35.0,1768.52,44,77833.28
2024-07-07,S01,Mumbai,West,Electronics,14955.51,0,0,0,5798.19,31.6,13705.98,35,523442.91
2024-07-07,S01,Mumbai,West,Grocery,335.08,25,1,0,3545.23,32.5,487.34,113,37863.72
2024-07-07,S01,Mumbai,West,Home & Kitchen,2169.36,0,0,0,6512.15,29.4,2147.8,46,99790.35
2024-07-07,S02,Pune,West,Clothing,1462.81,20,1,0,3217.45,30.1,1771.25,46,67289.24
2024-07-07,S02,Pune,West,Electronics,14396.81,0,0,0,6201.45,34.9,14386.38,29,417507.56
2024-07-07,S02,Pune,West,Grocery,453.61,0,0,0,2119.52,29.6,448.32,51,23134.32
2024-07-07,S02,Pune,West,Home & Kitchen,2199.88,0,0,0,4077.66,31.6,2210.86,47,103394.13
2024-07-07,S03,Delhi,North,Clothing,1827.23,0,0,0,3729.53,32.6,1658.45,37,67607.52
2024-07-07,S03,Delhi,North,Electronics,15375.75,0,0,0,5604.19,28.4,15532.27,40,615029.95
2024-07-07,S03,Delhi,North,Grocery,451.35,0,0,0,4916.95,35.8,456.69,57,25726.8
2024-07-07,S03,Delhi,North,Home & Kitchen,2156.83,0,0,0,4043.07,31.1,2340.89,49,105684.61
2024-07-07,S04,Bengaluru,South,Clothing,1764.34,0,0,0,6189.65,29.5,1777.26,46,81159.41
2024-07-07,S04,Bengaluru,South,Electronics,15068.87,0,0,0,4320.95,33.5,14013.07,32,482203.92
2024-07-07,S04,Bengaluru,South,Grocery,432.21,0,0,0,3776.53,30.2,464.33,54,23339.37
2024-07-07,S04,Bengaluru,South,Home & Kitchen,2164.53,0,0,0,4231.35,34.3,2278.61,44,95239.18
2024-07-08,S01,Mumbai,West,Clothing,1780.04,0,0,0,3444.12,34.8,1659.05,24,42721.02
2024-07-08,S01,Mumbai,West,Electronics,12904.29,15,1,0,11245.64,30.6,14055.9,53,683927.44
2024-07-08,S01,Mumbai,West,Grocery,430.78,0,0,0,6280.57,33.4,457.17,41,17662.15
2024-07-08,S01,Mumbai,West,Home & Kitchen,2244.86,0,0,0,5531.52,31.1,2039.51,32,71835.51
2024-07-08,S02,Pune,West,Clothing,1848.28,0,0,0,6496.92,31.0,1822.46,33,60993.14
2024-07-08,S02,Pune,West,Electronics,15141.39,0,0,0,5058.05,33.3,14053.67,14,211979.46
2024-07-08,S02,Pune,West,Grocery,456.98,0,0,0,4977.21,29.2,420.99,41,18736.0
2024-07-08,S02,Pune,West,Home & Kitchen,2148.1,0,0,0,3916.22,29.7,2118.45,43,92368.24
2024-07-08,S03,Delhi,North,Clothing,1830.41,0,0,0,7601.03,30.5,1638.72,48,87859.68
2024-07-08,S03,Delhi,North,Electronics,15405.21,0,0,0,3420.38,31.3,15362.41,24,369724.98
2024-07-08,S03,Delhi,North,Grocery,334.7,20,1,0,9470.4,34.6,467.74,101,33804.24
2024-07-08,S03,Delhi,North,Home & Kitchen,2239.53,0,0,0,5619.43,33.6,2245.1,37,82862.67
2024-07-08,S04,Bengaluru,South,Clothing,1887.84,0,0,0,4491.44,36.2,1776.39,36,67962.17
2024-07-08,S04,Bengaluru,South,Electronics,11966.43,20,1,0,6701.73,31.6,14972.27,49,586355.27
2024-07-08,S04,Bengaluru,South,Grocery,462.01,0,0,0,3412.45,34.9,389.45,37,17094.3
2024-07-08,S04,Bengaluru,South,Home & Kitchen,2161.92,0,0,0,2465.03,34.4,2254.56,29,62695.78
2024-07-09,S01,Mumbai,West,Clothing,1825.01,0,0,0,6720.12,31.2,1936.79,43,78475.46
2024-07-09,S01,Mumbai,West,Electronics,15120.39,0,0,0,2334.52,35.0,15786.02,40,604815.73
2024-07-09,S01,Mumbai,West,Grocery,438.94,0,0,0,4376.64,31.5,403.35,52,22825.01
2024-07-09,S01,Mumbai,West,Home & Kitchen,2290.88,0,0,0,6421.31,31.4,2169.43,33,75598.91
2024-07-09,S02,Pune,West,Clothing,1728.56,0,0,0,6280.64,32.7,1850.54,35,60499.75
2024-07-09,S02,Pune,West,Electronics,15193.12,0,0,0,5083.83,31.1,15974.27,24,364634.77
2024-07-09,S02,Pune,West,Grocery,467.34,0,0,0,3797.34,31.5,416.22,40,18693.6
2024-07-09,S02,Pune,West,Home & Kitchen,2137.84,0,0,0,6311.03,29.6,2440.65,32,68410.97
2024-07-09,S03,Delhi,North,Clothing,1735.98,0,0,0,4198.9,35.6,1724.95,44,76383.31
2024-07-09,S03,Delhi,North,Electronics,15969.77,0,0,0,2303.6,33.9,15913.69,21,335365.14
2024-07-09,S03,Delhi,North,Grocery,456.37,0,0,0,6601.94,34.7,433.84,62,28294.88
2024-07-09,S03,Delhi,North,Home & Kitchen,2283.99,0,0,0,7135.73,34.5,2326.79,35,79939.81
2024-07-09,S04,Bengaluru,South,Clothing,1840.39,0,0,0,6684.75,32.5,1788.43,52,95700.23
2024-07-09,S04,Bengaluru,South,Electronics,15138.31,0,0,0,6103.19,33.6,14694.68,26,393595.93
2024-07-09,S04,Bengaluru,South,Grocery,433.67,5,1,0,7342.11,33.0,490.47,57,24719.05
2024-07-09,S04,Bengaluru,South,Home & Kitchen,2265.6,0,0,0,5941.53,29.8,2169.62,27,61171.21
2024-07-10,S01,Mumbai,West,Clothing,1834.51,0,0,0,5096.85,30.1,1891.16,38,69711.47
2024-07-10,S01,Mumbai,West,Electronics,14862.81,0,0,0,5486.02,33.5,14650.19,41,609375.19
2024-07-10,S01,Mumbai,West,Grocery,454.28,0,0,0,5980.13,35.0,485.82,50,22713.94
2024-07-10,S01,Mumbai,West,Home & Kitchen,2080.43,0,0,0,5040.09,29.5,2212.36,35,72815.04
2024-07-10,S02,Pune,West,Clothing,1817.34,0,0,0,2009.69,33.5,1763.63,43,78145.63
2024-07-10,S02,Pune,West,Electronics,15447.27,0,0,0,4514.35,31.7,15316.07,29,447970.7
2024-07-10,S02,Pune,West,Grocery,416.82,10,1,0,8126.57,33.5,443.4,59,24592.65
2024-07-10,S02,Pune,West,Home & Kitchen,2084.03,10,1,0,4698.31,32.6,2170.79,31,64605.01
2024-07-10,S03,Delhi,North,Clothing,1792.29,0,0,0,6534.64,30.5,1723.07,41,73483.99
2024-07-10,S03,Delhi,North,Electronics,15605.04,0,0,0,4262.6,34.3,13465.34,30,468151.34
2024-07-10,S03,Delhi,North,Grocery,455.45,0,0,0,6755.72,32.7,447.27,66,30059.79
2024-07-10,S03,Delhi,North,Home & Kitchen,2124.54,0,0,0,5037.94,29.4,2081.37,32,67985.32
2024-07-10,S04,Bengaluru,South,Clothing,1787.18,5,1,0,5065.56,32.7,1821.04,41,73274.52
2024-07-10,S04,Bengaluru,South,Electronics,15021.0,0,0,0,6881.72,31.1,15252.37,22,330461.9
2024-07-10,S04,Bengaluru,South,Grocery,454.38,0,0,0,3513.47,30.0,492.92,50,22719.17
2024-07-10,S04,Bengaluru,South,Home & Kitchen,2189.83,0,0,0,3020.28,34.4,2242.4,40,87593.16
2024-07-11,S01,Mumbai,West,Clothing,1787.52,0,0,0,8741.03,34.6,1831.55,56,100101.36
2024-07-11,S01,Mumbai,West,Electronics,14762.92,0,0,0,3859.71,33.3,14168.4,27,398598.73
2024-07-11,S01,Mumbai,West,Grocery,438.33,0,0,0,6403.35,33.6,471.87,48,21039.87
2024-07-11,S01,Mumbai,West,Home & Kitchen,2308.24,0,0,0,3942.58,31.4,2187.96,34,78480.3
2024-07-11,S02,Pune,West,Clothing,1784.6,0,0,0,3004.02,34.2,1675.8,23,41045.77
2024-07-11,S02,Pune,West,Electronics,15417.22,0,0,0,4708.42,33.1,14645.07,23,354595.95
2024-07-11,S02,Pune,West,Grocery,342.71,25,1,0,7748.0,30.6,452.7,76,26045.61
2024-07-11,S02,Pune,West,Home & Kitchen,2206.82,0,0,0,6590.67,32.6,2100.25,28,61790.91
2024-07-11,S03,Delhi,North,Clothing,1735.95,0,0,0,5758.86,28.7,1664.43,39,67702.05
2024-07-11,S03,Delhi,North,Electronics,14945.37,0,0,0,3989.85,33.5,14823.77,25,373634.34
2024-07-11,S03,Delhi,North,Grocery,454.57,0,0,0,3395.13,33.4,469.8,48,21819.48
2024-07-11,S03,Delhi,North,Home & Kitchen,2224.6,0,0,0,2557.19,34.9,2190.9,35,77861.03
2024-07-11,S04,Bengaluru,South,Clothing,1439.42,15,1,0,11236.29,34.8,1781.83,57,82047.09
2024-07-11,S04,Bengaluru,South,Electronics,15485.88,0,0,0,5533.68,29.9,14677.01,27,418118.65
2024-07-11,S04,Bengaluru,South,Grocery,448.92,0,0,0,2185.69,32.0,404.23,45,20201.36
2024-07-11,S04,Bengaluru,South,Home & Kitchen,2200.49,0,0,0,4823.48,31.3,2355.11,39,85819.2
2024-07-12,S01,Mumbai,West,Clothing,1851.24,0,0,0,4452.35,33.1,1814.95,36,66644.73
2024-07-12,S01,Mumbai,West,Electronics,14889.52,0,0,0,5866.1,33.2,15172.1,35,521133.35
2024-07-12,S01,Mumbai,West,Grocery,453.5,0,0,0,5411.7,33.1,440.37,56,25396.23
2024-07-12,S01,Mumbai,West,Home & Kitchen,2162.99,5,1,0,5669.25,32.4,2265.75,37,80030.73
2024-07-12,S02,Pune,West,Clothing,1922.71,0,0,0,3545.45,29.7,1918.92,39,74985.71
2024-07-12,S02,Pune,West,Electronics,14903.77,0,0,0,1719.82,33.3,14592.26,22,327882.94
2024-07-12,S02,Pune,West,Grocery,458.95,0,0,0,1575.6,32.9,,35,16063.29
2024-07-12,S02,Pune,West,Home & Kitchen,2126.41,0,0,0,5320.13,30.5,1992.63,13,27643.39
2024-07-12,S03,Delhi,North,Clothing,1775.09,0,0,0,4178.96,32.3,1781.52,45,79879.0
2024-07-12,S03,Delhi,North,Electronics,13510.27,10,1,0,7084.91,31.7,16878.38,44,594451.9
2024-07-12,S03,Delhi,North,Grocery,438.54,0,0,0,6645.38,31.4,442.12,47,20611.59
2024-07-12,S03,Delhi,North,Home & Kitchen,2289.28,0,0,0,5143.38,32.0,2128.74,34,77835.46
2024-07-12,S04,Bengaluru,South,Clothing,1760.32,0,0,0,6611.29,32.0,1621.0,41,72173.15
2024-07-12,S04,Bengaluru,South,Electronics,15140.7,0,0,0,5385.9,30.5,16051.6,34,514783.66
2024-07-12,S04,Bengaluru,South,Grocery,372.13,20,1,0,5375.3,32.0,444.86,66,24560.84
2024-07-12,S04,Bengaluru,South,Home & Kitchen,2147.06,0,0,0,5798.03,30.8,2060.79,27,57970.61
2024-07-13,S01,Mumbai,West,Clothing,1795.74,0,0,0,7959.34,32.7,1924.26,50,89786.77
2024-07-13,S01,Mumbai,West,Electronics,15516.93,0,0,0,5069.84,31.9,14608.19,41,636194.3
2024-07-13,S01,Mumbai,West,Grocery,449.68,5,1,0,10312.63,33.0,,70,31477.35
2024-07-13,S01,Mumbai,West,Home & Kitchen,1659.86,25,1,0,7251.93,28.3,2040.04,75,124489.23
2024-07-13,S02,Pune,West,Clothing,1843.71,0,0,0,6122.52,29.0,1887.61,44,81123.08
2024-07-13,S02,Pune,West,Electronics,10668.8,25,1,0,8754.47,32.0,15134.69,60,640127.89
2024-07-13,S02,Pune,West,Grocery,432.86,0,0,0,6202.25,31.3,447.3,53,22941.84
2024-07-13,S02,Pune,West,Home & Kitchen,2010.69,10,1,0,3505.9,31.8,2209.95,45,90481.17
2024-07-13,S03,Delhi,North,Clothing,1776.43,0,0,0,5725.36,33.1,1797.08,58,103032.97
2024-07-13,S03,Delhi,North,Electronics,16061.9,0,0,0,3614.03,34.9,15795.07,35,562166.57
2024-07-13,S03,Delhi,North,Grocery,476.91,0,0,0,6480.6,29.2,474.12,58,27660.76
2024-07-13,S03,Delhi,North,Home & Kitchen,2184.37,0,0,0,6283.91,31.8,2127.31,50,109218.53
2024-07-13,S04,Bengaluru,South,Clothing,1846.77,0,0,0,1977.56,30.2,1795.49,35,64636.9
2024-07-13,S04,Bengaluru,South,Electronics,14707.2,0,0,0,4593.89,32.8,15035.01,30,441216.03
2024-07-13,S04,Bengaluru,South,Grocery,444.09,0,0,0,5413.04,32.2,413.29,49,21760.2
2024-07-13,S04,Bengaluru,South,Home & Kitchen,2265.65,0,0,0,7931.94,32.9,2323.84,43,97423.05
2024-07-14,S01,Mumbai,West,Clothing,1595.49,10,1,0,5717.77,30.7,1909.02,73,116471.11
2024-07-14,S01,Mumbai,West,Electronics,11736.48,20,1,0,7371.34,32.4,14646.88,70,821553.4
2024-07-14,S01,Mumbai,West,Grocery,429.69,5,1,0,2895.46,34.3,,59,25351.59
2024-07-14,S01,Mumbai,West,Home & Kitchen,2184.11,0,0,0,6548.84,31.2,2179.98,55,120126.2
2024-07-14,S02,Pune,West,Clothing,1798.79,0,0,0,3873.33,30.0,1672.46,33,59360.23
2024-07-14,S02,Pune,West,Electronics,15207.61,0,0,0,6766.18,32.7,14065.08,30,456228.4
2024-07-14,S02,Pune,West,Grocery,449.45,0,0,0,5583.95,33.2,451.05,49,22022.93
2024-07-14,S02,Pune,West,Home & Kitchen,1778.1,20,1,0,6046.76,29.7,2275.98,47,83570.9
2024-07-14,S03,Delhi,North,Clothing,1840.01,0,0,0,5191.21,31.4,1798.8,53,97520.35
2024-07-14,S03,Delhi,North,Electronics,12467.22,15,1,0,5680.29,30.6,13909.92,52,648295.56
2024-07-14,S03,Delhi,North,Grocery,435.32,0,0,0,5457.5,29.3,427.42,60,26119.14
2024-07-14,S03,Delhi,North,Home & Kitchen,2196.64,0,0,0,5480.79,31.7,2026.41,34,74685.75
2024-07-14,S04,Bengaluru,South,Clothing,1555.41,10,1,0,5123.22,34.2,1712.71,55,85547.62
2024-07-14,S04,Bengaluru,South,Electronics,14537.93,0,0,0,6682.04,30.0,15689.58,39,566979.43
2024-07-14,S04,Bengaluru,South,Grocery,365.95,20,1,0,5696.36,30.8,402.06,80,29276.02
2024-07-14,S04,Bengaluru,South,Home & Kitchen,2280.62,0,0,0,8521.57,31.8,2097.59,43,98066.67
2024-07-15,S01,Mumbai,West,Clothing,1810.71,0,0,0,7004.07,32.9,1904.22,39,70617.86
2024-07-15,S01,Mumbai,West,Electronics,14971.74,0,0,0,6763.26,29.6,15554.49,46,688699.9
2024-07-15,S01,Mumbai,West,Grocery,430.38,0,0,0,3773.07,,504.35,62,26683.41
2024-07-15,S01,Mumbai,West,Home & Kitchen,2225.77,0,0,0,4778.19,28.5,2419.42,30,66773.06
2024-07-15,S02,Pune,West,Clothing,1361.58,25,1,0,6722.43,29.9,1815.39,52,70802.1
2024-07-15,S02,Pune,West,Electronics,14260.91,0,0,0,2484.97,32.7,15285.55,22,313740.08
2024-07-15,S02,Pune,West,Grocery,435.13,0,0,0,2773.94,30.4,440.9,42,18275.45
2024-07-15,S02,Pune,West,Home & Kitchen,2178.26,0,0,0,5070.29,31.5,2074.6,26,56634.85
2024-07-15,S03,Delhi,North,Clothing,1507.05,15,1,0,2821.96,34.5,1728.09,35,52746.6
2024-07-15,S03,Delhi,North,Electronics,14922.77,0,0,0,2439.63,31.3,15066.1,29,432760.29
2024-07-15,S03,Delhi,North,Grocery,436.75,0,0,0,4052.67,32.0,451.32,54,23584.68
2024-07-15,S03,Delhi,North,Home & Kitchen,2293.18,0,0,0,5740.66,32.0,2208.86,23,52743.13
2024-07-15,S04,Bengaluru,South,Clothing,1772.03,0,0,0,3866.03,31.7,1900.91,38,67337.04
2024-07-15,S04,Bengaluru,South,Electronics,14653.78,0,0,0,6865.44,35.6,14625.67,34,498228.41
2024-07-15,S04,Bengaluru,South,Grocery,474.53,0,0,0,3206.94,30.7,468.24,39,18506.79
2024-07-15,S04,Bengaluru,South,Home & Kitchen,1771.54,20,1,0,6795.24,28.3,2070.16,45,79719.22
2024-07-16,S01,Mumbai,West,Clothing,1726.59,0,0,0,7545.04,29.8,1841.1,40,69063.73
2024-07-16,S01,Mumbai,West,Electronics,15082.5,0,0,0,5288.63,27.6,14128.7,23,346897.59
2024-07-16,S01,Mumbai,West,Grocery,438.57,0,0,0,4616.07,31.8,429.22,46,20174.14
2024-07-16,S01,Mumbai,West,Home & Kitchen,2157.72,0,0,0,3606.33,36.1,2309.52,32,69047.13
2024-07-16,S02,Pune,West,Clothing,1802.93,0,0,0,4727.34,35.1,1892.44,33,59496.74
2024-07-16,S02,Pune,West,Electronics,13992.17,10,1,0,7601.98,31.8,14588.52,24,335812.18
2024-07-16,S02,Pune,West,Grocery,449.75,0,0,0,6317.49,32.6,463.92,42,18889.7
2024-07-16,S02,Pune,West,Home & Kitchen,2140.73,0,0,0,2872.77,35.0,2268.75,32,68503.38
2024-07-16,S03,Delhi,North,Clothing,1731.86,0,0,0,4869.89,32.4,1747.88,43,74470.12
2024-07-16,S03,Delhi,North,Electronics,14544.19,0,0,0,2672.77,29.2,14214.44,35,509046.69
2024-07-16,S03,Delhi,North,Grocery,446.91,0,0,0,6458.29,33.9,444.18,57,25473.91
2024-07-16,S03,Delhi,North,Home & Kitchen,2174.13,0,0,0,2192.01,28.9,2303.48,29,63049.82
2024-07-16,S04,Bengaluru,South,Clothing,1738.86,0,0,0,8179.0,33.9,1838.26,41,71293.19
2024-07-16,S04,Bengaluru,South,Electronics,14634.03,0,0,0,6565.36,29.3,15551.3,27,395118.85
2024-07-16,S04,Bengaluru,South,Grocery,451.09,0,0,0,6654.82,35.0,490.77,46,20749.98
2024-07-16,S04,Bengaluru,South,Home & Kitchen,2294.2,0,0,0,1798.07,31.2,2170.51,24,55060.84
2024-07-17,S01,Mumbai,West,Clothing,1812.57,0,0,0,3465.58,33.3,1768.57,36,65252.4
2024-07-17,S01,Mumbai,West,Electronics,15702.16,0,0,0,6698.08,32.3,14320.98,36,565277.69
2024-07-17,S01,Mumbai,West,Grocery,446.15,0,0,0,8391.76,34.0,421.57,41,18292.03
2024-07-17,S01,Mumbai,West,Home & Kitchen,2188.27,0,0,0,5503.49,32.4,2267.78,32,70024.71
2024-07-17,S02,Pune,West,Clothing,1837.75,0,0,0,5106.76,34.7,1883.14,38,69834.38
2024-07-17,S02,Pune,West,Electronics,14670.26,0,0,0,4988.43,30.8,15389.73,16,234724.14
2024-07-17,S02,Pune,West,Grocery,465.08,0,0,0,3080.17,32.2,456.31,30,13952.31
2024-07-17,S02,Pune,West,Home & Kitchen,2248.55,0,0,0,5012.42,36.3,2209.2,20,44970.94
2024-07-17,S03,Delhi,North,Clothing,1703.38,10,1,0,3752.3,30.4,1771.49,44,74948.91
2024-07-17,S03,Delhi,North,Electronics,14181.79,0,0,0,3845.77,31.3,14676.35,29,411271.8
2024-07-17,S03,Delhi,North,Grocery,467.91,0,0,0,3983.21,31.7,509.36,68,31817.62
2024-07-17,S03,Delhi,North,Home & Kitchen,2164.24,0,0,0,2986.81,32.8,2339.29,33,71420.07
2024-07-17,S04,Bengaluru,South,Clothing,1816.05,0,0,0,3601.48,31.8,1888.76,47,85354.27
2024-07-17,S04,Bengaluru,South,Electronics,15305.37,0,0,0,6112.82,31.7,15467.94,28,428550.36
2024-07-17,S04,Bengaluru,South,Grocery,445.45,0,0,0,5347.92,30.2,449.48,35,15590.71
2024-07-17,S04,Bengaluru,South,Home & Kitchen,1839.49,15,1,0,3827.21,29.2,2350.51,51,93814.21
2024-07-18,S01,Mumbai,West,Clothing,1716.72,0,0,0,4272.5,34.8,1869.04,35,60085.28
2024-07-18,S01,Mumbai,West,Electronics,14864.86,0,0,0,,32.6,15115.56,42,624324.17
2024-07-18,S01,Mumbai,West,Grocery,445.24,0,0,0,7697.0,32.3,456.03,58,25824.2
2024-07-18,S01,Mumbai,West,Home & Kitchen,2102.65,0,0,0,5716.97,32.3,2242.98,35,73592.69
2024-07-18,S02,Pune,West,Clothing,1753.76,0,0,0,5743.9,30.0,1737.54,41,71904.15
2024-07-18,S02,Pune,West,Electronics,15285.73,0,0,0,4701.43,33.5,15364.29,22,336286.11
2024-07-18,S02,Pune,West,Grocery,449.9,0,0,0,6718.07,34.7,435.64,40,17996.19
2024-07-18,S02,Pune,West,Home & Kitchen,1809.95,20,1,0,6975.92,31.6,,54,97737.37
2024-07-18,S03,Delhi,North,Clothing,1826.73,0,0,0,5761.23,30.8,1873.53,50,91336.25
2024-07-18,S03,Delhi,North,Electronics,14604.11,0,0,0,4624.2,30.3,16499.75,40,584164.39
2024-07-18,S03,Delhi,North,Grocery,468.49,0,0,0,5985.83,33.2,441.23,54,25298.54
2024-07-18,S03,Delhi,North,Home & Kitchen,2190.01,0,0,0,4799.11,32.4,2083.78,33,72270.34
2024-07-18,S04,Bengaluru,South,Clothing,1776.13,0,0,0,1622.81,36.3,1750.6,29,51507.85
2024-07-18,S04,Bengaluru,South,Electronics,14962.83,0,0,0,5367.61,34.4,14489.49,28,418959.36
2024-07-18,S04,Bengaluru,South,Grocery,442.51,0,0,0,6735.09,29.9,485.15,59,26107.82
2024-07-18,S04,Bengaluru,South,Home & Kitchen,2260.67,0,0,0,4734.22,28.4,2114.58,21,47474.14
2024-07-19,S01,Mumbai,West,Clothing,1657.28,5,1,0,4140.64,35.3,1873.44,43,71262.94
2024-07-19,S01,Mumbai,West,Electronics,15431.46,0,0,0,7385.68,34.4,,40,617258.52
2024-07-19,S01,Mumbai,West,Grocery,452.05,0,0,0,6933.04,35.8,413.15,73,32999.81
2024-07-19,S01,Mumbai,West,Home & Kitchen,2085.06,0,0,0,6849.08,32.5,2159.8,45,93827.68
2024-07-19,S02,Pune,West,Clothing,1405.29,25,1,0,6490.2,35.4,1888.39,63,88533.35
2024-07-19,S02,Pune,West,Electronics,13234.25,10,1,0,,32.6,14554.79,26,344090.54
2024-07-19,S02,Pune,West,Grocery,416.17,0,0,0,4030.72,33.1,427.24,45,18727.85
2024-07-19,S02,Pune,West,Home & Kitchen,2221.28,0,0,0,6692.23,32.9,2268.83,29,64417.07
2024-07-19,S03,Delhi,North,Clothing,1848.39,0,0,0,4787.71,32.3,1739.09,31,57299.95
2024-07-19,S03,Delhi,North,Electronics,14612.94,0,0,0,3770.28,35.1,15718.87,24,350710.57
2024-07-19,S03,Delhi,North,Grocery,458.64,0,0,0,4428.94,31.8,459.45,44,20180.28
2024-07-19,S03,Delhi,North,Home & Kitchen,2322.49,0,0,0,6700.24,31.3,2147.23,36,83609.58
2024-07-19,S04,Bengaluru,South,Clothing,1740.02,0,0,0,6526.22,31.9,1880.05,40,69600.75
2024-07-19,S04,Bengaluru,South,Electronics,15177.97,0,0,0,4118.85,32.6,13876.9,31,470516.97
2024-07-19,S04,Bengaluru,South,Grocery,442.33,0,0,0,4932.54,28.3,435.11,27,11942.93
2024-07-19,S04,Bengaluru,South,Home & Kitchen,2174.96,0,0,0,4423.16,30.7,2184.87,40,86998.5
2024-07-20,S01,Mumbai,West,Clothing,1690.99,0,0,0,3155.08,33.4,1782.84,53,89622.51
2024-07-20,S01,Mumbai,West,Electronics,15554.39,0,0,0,5562.59,35.1,15928.62,41,637730.02
2024-07-20,S01,Mumbai,West,Grocery,454.22,0,0,0,3808.81,34.2,427.92,50,22710.9
2024-07-20,S01,Mumbai,West,Home & Kitchen,2353.93,0,0,0,3981.86,33.2,2007.05,28,65910.1
2024-07-20,S02,Pune,West,Clothing,1728.46,0,0,0,4971.54,34.6,1801.36,44,76052.45
2024-07-20,S02,Pune,West,Electronics,14778.58,0,0,0,2385.82,27.8,13460.47,17,251235.93
2024-07-20,S02,Pune,West,Grocery,435.87,0,0,0,2722.93,32.5,440.95,56,24408.62
2024-07-20,S02,Pune,West,Home & Kitchen,2204.72,0,0,0,6626.5,,2170.84,38,83779.43
2024-07-20,S03,Delhi,North,Clothing,1832.84,0,0,0,6316.15,32.2,1648.92,46,84310.75
2024-07-20,S03,Delhi,North,Electronics,14718.7,0,0,0,5214.1,34.7,13860.04,33,485717.23
2024-07-20,S03,Delhi,North,Grocery,462.06,0,0,0,3521.72,32.6,405.19,45,20792.71
2024-07-20,S03,Delhi,North,Home & Kitchen,1916.83,15,1,0,4579.02,32.4,2118.52,74,141845.28
2024-07-20,S04,Bengaluru,South,Clothing,1888.34,0,0,0,688.72,30.7,1699.03,35,66091.79
2024-07-20,S04,Bengaluru,South,Electronics,14380.08,0,0,0,3889.5,31.3,15951.19,43,618343.36
2024-07-20,S04,Bengaluru,South,Grocery,360.4,20,1,0,6883.57,31.5,417.38,81,29192.04
2024-07-20,S04,Bengaluru,South,Home & Kitchen,1951.36,10,1,0,6215.65,31.8,2037.51,59,115130.03
2024-07-21,S01,Mumbai,West,Clothing,1790.54,0,0,0,6000.6,29.2,1768.39,67,119966.43
2024-07-21,S01,Mumbai,West,Electronics,13474.18,10,1,0,7940.12,35.1,14501.2,56,754554.05
2024-07-21,S01,Mumbai,West,Grocery,473.36,0,0,0,3983.73,30.7,472.39,63,29821.81
2024-07-21,S01,Mumbai,West,Home & Kitchen,2204.16,0,0,0,3998.3,34.0,2250.28,40,88166.52
2024-07-21,S02,Pune,West,Clothing,1811.07,0,0,0,5490.62,28.7,1834.98,42,76065.04
2024-07-21,S02,Pune,West,Electronics,13907.59,5,1,0,5979.75,30.3,14814.88,37,514580.66
2024-07-21,S02,Pune,West,Grocery,457.84,0,0,0,8181.12,29.1,431.02,62,28386.37
2024-07-21,S02,Pune,West,Home & Kitchen,2148.36,0,0,0,8583.55,28.6,2076.13,33,70895.95
2024-07-21,S03,Delhi,North,Clothing,1573.19,15,1,0,4745.81,34.4,1771.1,67,105404.0
2024-07-21,S03,Delhi,North,Electronics,15275.52,0,0,0,2448.1,32.1,14426.08,46,702673.91
2024-07-21,S03,Delhi,North,Grocery,432.42,0,0,0,4392.12,33.5,423.72,60,25944.97
2024-07-21,S03,Delhi,North,Home & Kitchen,2238.1,0,0,0,5307.08,31.6,2111.0,37,82809.65
2024-07-21,S04,Bengaluru,South,Clothing,1829.92,0,0,0,4476.72,32.6,1797.99,29,53067.79
2024-07-21,S04,Bengaluru,South,Electronics,14857.85,0,0,0,6544.74,34.3,14685.04,47,698318.88
2024-07-21,S04,Bengaluru,South,Grocery,472.34,0,0,0,3293.61,29.4,441.24,47,22199.77
2024-07-21,S04,Bengaluru,South,Home & Kitchen,2292.3,0,0,0,5206.89,29.2,2257.05,40,91692.1
2024-07-22,S01,Mumbai,West,Clothing,1886.92,0,0,0,4705.06,32.4,1902.0,36,67929.13
2024-07-22,S01,Mumbai,West,Electronics,14905.18,0,0,0,3170.19,30.0,15703.03,41,611112.23
2024-07-22,S01,Mumbai,West,Grocery,449.95,0,0,0,,36.7,460.44,47,21147.64
2024-07-22,S01,Mumbai,West,Home & Kitchen,2213.44,0,0,0,6134.24,28.9,1930.67,42,92964.63
2024-07-22,S02,Pune,West,Clothing,1755.49,0,0,0,5325.46,29.9,1717.25,24,42131.73
2024-07-22,S02,Pune,West,Electronics,12257.79,20,1,0,6143.07,31.0,13912.9,31,379991.47
2024-07-22,S02,Pune,West,Grocery,442.72,0,0,0,2680.51,30.9,444.8,35,15495.27
2024-07-22,S02,Pune,West,Home & Kitchen,2120.09,5,1,0,6001.05,29.7,2305.26,38,80563.27
2024-07-22,S03,Delhi,North,Clothing,1823.57,0,0,0,3056.16,33.7,1760.74,31,56530.78
2024-07-22,S03,Delhi,North,Electronics,14994.65,0,0,0,4677.45,32.9,15000.61,32,479828.73
2024-07-22,S03,Delhi,North,Grocery,384.35,10,1,0,9542.23,34.7,456.88,65,24982.59
2024-07-22,S03,Delhi,North,Home & Kitchen,2237.41,0,0,0,5249.36,31.9,2167.37,31,69359.6
2024-07-22,S04,Bengaluru,South,Clothing,1828.83,0,0,0,6221.25,31.0,1717.88,36,65837.7
2024-07-22,S04,Bengaluru,South,Electronics,15217.41,0,0,0,6698.88,30.1,14515.42,21,319565.65
2024-07-22,S04,Bengaluru,South,Grocery,455.84,0,0,0,500.0,36.4,432.38,38,17322.04
2024-07-22,S04,Bengaluru,South,Home & Kitchen,2176.06,0,0,0,3078.71,32.1,2106.02,23,50049.33
2024-07-23,S01,Mumbai,West,Clothing,1793.68,0,0,0,5078.55,36.3,1949.77,42,75334.47
2024-07-23,S01,Mumbai,West,Electronics,14851.93,0,0,0,3753.85,31.3,14411.89,23,341594.29
2024-07-23,S01,Mumbai,West,Grocery,434.45,0,0,0,3824.86,27.8,441.31,60,26066.72
2024-07-23,S01,Mumbai,West,Home & Kitchen,2197.97,0,0,0,4388.85,34.6,2164.19,38,83522.92
2024-07-23,S02,Pune,West,Clothing,1802.31,0,0,0,4685.5,28.7,1416.87,30,54069.38
2024-07-23,S02,Pune,West,Electronics,14720.39,0,0,0,5120.67,31.6,15058.98,25,368009.85
2024-07-23,S02,Pune,West,Grocery,345.44,25,1,0,4549.16,30.4,453.18,66,22798.8
2024-07-23,S02,Pune,West,Home & Kitchen,2158.11,0,0,0,5830.7,27.4,2303.17,28,60427.09
2024-07-23,S03,Delhi,North,Clothing,1825.12,0,0,0,3385.7,28.9,1654.64,39,71179.56
2024-07-23,S03,Delhi,North,Electronics,15454.95,0,0,0,4694.81,30.8,14801.75,29,448193.6
2024-07-23,S03,Delhi,North,Grocery,444.98,0,0,0,3251.16,32.6,444.06,37,16464.19
2024-07-23,S03,Delhi,North,Home & Kitchen,2129.09,0,0,0,3435.94,32.8,2202.17,34,72388.91
2024-07-23,S04,Bengaluru,South,Clothing,1805.58,0,0,0,4433.79,30.2,1853.46,47,84862.23
2024-07-23,S04,Bengaluru,South,Electronics,15468.0,0,0,0,5368.29,31.4,14774.76,30,464040.03
2024-07-23,S04,Bengaluru,South,Grocery,452.76,0,0,0,5052.58,29.3,459.66,50,22637.85
2024-07-23,S04,Bengaluru,South,Home & Kitchen,2136.91,0,0,0,5963.13,32.1,2149.91,30,64107.37
2024-07-24,S01,Mumbai,West,Clothing,1834.75,0,0,0,5834.36,30.3,1732.55,42,77059.65
2024-07-24,S01,Mumbai,West,Electronics,14884.88,0,0,0,5218.91,33.0,16369.66,28,416776.63
2024-07-24,S01,Mumbai,West,Grocery,465.58,0,0,0,7239.06,33.3,450.41,48,22347.67
2024-07-24,S01,Mumbai,West,Home & Kitchen,2145.37,0,0,0,4325.47,34.5,2199.6,34,72942.48
2024-07-24,S02,Pune,West,Clothing,1853.35,0,0,0,4353.15,31.8,1730.04,25,46333.83
2024-07-24,S02,Pune,West,Electronics,15345.84,0,0,0,2948.77,34.4,14807.57,31,475721.02
2024-07-24,S02,Pune,West,Grocery,433.7,0,0,0,4085.12,30.4,438.72,38,16480.7
2024-07-24,S02,Pune,West,Home & Kitchen,2116.02,0,0,0,4090.65,32.9,2073.74,23,48668.39
2024-07-24,S03,Delhi,North,Clothing,1806.88,0,0,0,8030.16,31.7,1764.06,32,57820.01
2024-07-24,S03,Delhi,North,Electronics,15067.93,0,0,0,2828.23,26.9,15234.92,20,301358.69
2024-07-24,S03,Delhi,North,Grocery,461.96,0,0,0,6487.28,35.9,444.5,46,21249.98
2024-07-24,S03,Delhi,North,Home & Kitchen,2240.06,0,0,0,3895.63,31.5,2168.09,35,78401.95
2024-07-24,S04,Bengaluru,South,Clothing,1841.14,0,0,0,7152.45,34.7,1954.77,40,73645.53
2024-07-24,S04,Bengaluru,South,Electronics,14331.59,0,0,0,5367.0,28.8,14289.97,24,343958.27
2024-07-24,S04,Bengaluru,South,Grocery,451.96,0,0,0,2993.82,30.5,474.47,47,21242.15
2024-07-24,S04,Bengaluru,South,Home & Kitchen,2080.22,0,0,0,3523.08,33.4,2299.06,33,68647.36
2024-07-25,S01,Mumbai,West,Clothing,1927.02,0,0,0,2213.92,31.9,1776.3,43,82862.07
2024-07-25,S01,Mumbai,West,Electronics,15384.41,0,0,0,4974.44,37.1,,32,492301.05
2024-07-25,S01,Mumbai,West,Grocery,467.05,0,0,0,4634.35,30.6,440.04,60,28023.05
2024-07-25,S01,Mumbai,West,Home & Kitchen,2179.73,0,0,0,6881.21,31.9,2150.81,38,82829.89
2024-07-25,S02,Pune,West,Clothing,1707.53,0,0,0,7820.66,32.0,1848.29,35,59763.67
2024-07-25,S02,Pune,West,Electronics,14732.16,0,0,0,5670.37,38.4,14559.0,25,368304.11
2024-07-25,S02,Pune,West,Grocery,455.15,0,0,0,4316.5,32.0,482.73,54,24578.27
2024-07-25,S02,Pune,West,Home & Kitchen,2274.29,0,0,0,7826.34,35.9,2232.28,22,50034.37
2024-07-25,S03,Delhi,North,Clothing,1776.29,0,0,0,9543.5,29.5,1720.36,46,81709.27
2024-07-25,S03,Delhi,North,Electronics,15080.58,0,0,0,5342.58,30.5,14419.23,23,346853.25
2024-07-25,S03,Delhi,North,Grocery,462.31,0,0,0,6260.4,31.5,442.69,45,20803.83
2024-07-25,S03,Delhi,North,Home & Kitchen,1631.39,25,1,0,5954.64,30.4,2046.82,54,88094.83
2024-07-25,S04,Bengaluru,South,Clothing,1824.95,0,0,0,5608.23,29.4,1831.36,34,62048.39
2024-07-25,S04,Bengaluru,South,Electronics,15705.57,0,0,0,5319.93,33.8,15472.51,26,408344.79
2024-07-25,S04,Bengaluru,South,Grocery,429.06,0,0,0,6302.51,36.3,424.03,44,18878.8
2024-07-25,S04,Bengaluru,South,Home & Kitchen,2200.54,0,0,0,5254.7,31.6,2125.07,27,59414.63
2024-07-26,S01,Mumbai,West,Clothing,1821.82,0,0,0,6930.15,34.8,1831.58,53,96556.41
2024-07-26,S01,Mumbai,West,Electronics,15103.95,0,0,0,5424.6,35.0,15996.36,25,377598.86
2024-07-26,S01,Mumbai,West,Grocery,453.14,0,0,0,4832.75,35.8,448.61,38,17219.24
2024-07-26,S01,Mumbai,West,Home & Kitchen,1654.51,25,1,0,3532.19,31.8,2438.85,54,89343.75
2024-07-26,S02,Pune,West,Clothing,1790.85,0,0,0,4335.94,32.0,1781.51,39,69843.08
2024-07-26,S02,Pune,West,Electronics,14895.86,0,0,0,6589.72,27.1,14028.33,14,208542.07
2024-07-26,S02,Pune,West,Grocery,455.83,0,0,0,6048.17,32.5,476.09,49,22335.73
2024-07-26,S02,Pune,West,Home & Kitchen,1705.62,20,1,0,4396.32,34.1,2222.36,50,85281.06
2024-07-26,S03,Delhi,North,Clothing,1847.88,0,0,0,8001.99,34.9,1792.99,44,81306.73
2024-07-26,S03,Delhi,North,Electronics,14868.89,0,0,0,1746.46,33.5,14725.33,32,475804.53
2024-07-26,S03,Delhi,North,Grocery,438.27,0,0,0,4723.42,34.6,445.84,42,18407.22
2024-07-26,S03,Delhi,North,Home & Kitchen,2190.75,0,0,0,4451.57,33.5,2306.6,35,76676.4
2024-07-26,S04,Bengaluru,South,Clothing,1696.84,0,0,0,3649.89,34.0,1665.31,42,71267.09
2024-07-26,S04,Bengaluru,South,Electronics,13301.18,15,1,0,8157.39,33.1,14993.28,33,438938.82
2024-07-26,S04,Bengaluru,South,Grocery,448.69,0,0,0,6389.14,34.2,,49,21985.91
2024-07-26,S04,Bengaluru,South,Home & Kitchen,2132.27,0,0,0,7913.54,33.4,2246.67,35,74629.52
2024-07-27,S01,Mumbai,West,Clothing,1758.68,0,0,0,4476.36,,1843.79,56,98486.0
2024-07-27,S01,Mumbai,West,Electronics,15105.88,0,0,0,6626.77,34.2,14507.64,46,694870.5
2024-07-27,S01,Mumbai,West,Grocery,446.67,0,0,0,6161.58,32.5,432.86,56,25013.73
2024-07-27,S01,Mumbai,West,Home & Kitchen,2187.02,0,0,0,8084.3,25.8,2400.68,50,109351.09
2024-07-27,S02,Pune,West,Clothing,1722.25,0,0,0,7050.49,27.9,1858.52,45,77501.39
2024-07-27,S02,Pune,West,Electronics,15016.0,0,0,0,5611.0,32.6,15890.09,41,615656.17
2024-07-27,S02,Pune,West,Grocery,437.63,5,1,0,6104.24,32.6,444.83,50,21881.52
2024-07-27,S02,Pune,West,Home & Kitchen,2074.8,0,0,0,7758.85,32.1,2192.53,35,72618.08
2024-07-27,S03,Delhi,North,Clothing,1517.85,15,1,0,3227.78,30.1,1837.78,63,95624.85
2024-07-27,S03,Delhi,North,Electronics,15876.13,0,0,0,3972.19,32.9,14410.5,35,555664.68
2024-07-27,S03,Delhi,North,Grocery,414.97,5,1,0,5006.22,33.2,411.49,70,29047.73
2024-07-27,S03,Delhi,North,Home & Kitchen,2187.37,0,0,0,6230.88,29.8,2219.58,47,102806.52
2024-07-27,S04,Bengaluru,South,Clothing,1900.73,0,0,0,5345.91,35.2,1739.0,38,72227.67
2024-07-27,S04,Bengaluru,South,Electronics,13139.28,15,1,0,7361.74,33.1,15039.26,49,643824.73
2024-07-27,S04,Bengaluru,South,Grocery,437.49,0,0,0,5466.79,28.3,469.78,46,20124.7
2024-07-27,S04,Bengaluru,South,Home & Kitchen,2213.81,5,1,0,4081.78,33.6,2234.51,40,88552.55
2024-07-28,S01,Mumbai,West,Clothing,1677.81,5,1,0,6958.32,37.0,1752.99,70,117446.4
2024-07-28,S01,Mumbai,West,Electronics,14493.65,0,0,0,2352.17,31.2,16509.93,40,579745.98
2024-07-28,S01,Mumbai,West,Grocery,458.4,0,0,0,2504.71,30.4,436.94,45,20628.2
2024-07-28,S01,Mumbai,West,Home & Kitchen,2150.35,0,0,0,4081.05,29.5,2313.61,47,101066.67
2024-07-28,S02,Pune,West,Clothing,1784.91,0,0,0,3972.31,29.1,1899.55,36,64256.88
2024-07-28,S02,Pune,West,Electronics,15069.22,0,0,0,4656.22,32.1,14659.74,34,512353.47
2024-07-28,S02,Pune,West,Grocery,441.15,0,0,0,6506.45,34.5,428.31,55,24263.51
2024-07-28,S02,Pune,West,Home & Kitchen,2286.4,0,0,0,7566.41,31.8,2143.28,34,77737.43
2024-07-28,S03,Delhi,North,Clothing,1806.36,0,0,0,2934.59,32.4,1751.71,66,119219.61
2024-07-28,S03,Delhi,North,Electronics,14809.48,0,0,0,6181.23,31.2,14724.28,35,518331.69
2024-07-28,S03,Delhi,North,Grocery,465.78,0,0,0,3127.49,28.3,448.05,51,23754.61
2024-07-28,S03,Delhi,North,Home & Kitchen,1926.16,15,1,0,5242.59,34.1,2243.29,44,84751.12
2024-07-28,S04,Bengaluru,South,Clothing,1891.83,0,0,0,7637.64,31.3,2075.21,52,98375.19
2024-07-28,S04,Bengaluru,South,Electronics,15569.44,0,0,0,4354.04,32.3,15853.81,36,560499.8
2024-07-28,S04,Bengaluru,South,Grocery,470.32,0,0,0,3740.23,32.0,442.12,52,24456.61
2024-07-28,S04,Bengaluru,South,Home & Kitchen,2083.37,10,1,0,6285.24,28.8,2226.34,39,81251.24
2024-07-29,S01,Mumbai,West,Clothing,1530.03,15,1,0,7117.28,30.5,1969.52,66,100981.99
2024-07-29,S01,Mumbai,West,Electronics,14564.63,0,0,0,6460.73,30.2,15443.49,36,524326.66
2024-07-29,S01,Mumbai,West,Grocery,447.15,0,0,0,5078.97,31.5,436.26,56,25040.42
2024-07-29,S01,Mumbai,West,Home & Kitchen,2231.65,0,0,0,6300.09,33.0,2098.21,31,69181.03
2024-07-29,S02,Pune,West,Clothing,1722.11,0,0,0,6215.26,32.5,1770.25,34,58551.77
2024-07-29,S02,Pune,West,Electronics,14584.11,0,0,0,9033.56,31.6,16765.01,25,364602.7
2024-07-29,S02,Pune,West,Grocery,460.53,0,0,0,5557.88,33.0,449.33,46,21184.25
2024-07-29,S02,Pune,West,Home & Kitchen,2084.87,0,0,0,3822.66,31.3,2183.67,34,70885.48
2024-07-29,S03,Delhi,North,Clothing,1819.98,0,0,0,3402.34,30.6,1846.0,38,69159.41
2024-07-29,S03,Delhi,North,Electronics,15412.51,0,0,0,1662.41,33.5,15527.93,23,354487.69
2024-07-29,S03,Delhi,North,Grocery,452.57,0,0,0,6932.92,34.8,445.07,35,15839.88
2024-07-29,S03,Delhi,North,Home & Kitchen,2092.33,10,1,0,7596.75,31.3,2249.63,43,89970.18
2024-07-29,S04,Bengaluru,South,Clothing,1772.69,0,0,0,5388.32,32.5,1873.69,36,63816.84
2024-07-29,S04,Bengaluru,South,Electronics,14829.76,0,0,0,5763.49,32.2,15074.82,33,489381.95
2024-07-29,S04,Bengaluru,South,Grocery,394.4,10,1,0,5981.79,32.5,467.53,64,25241.71
2024-07-29,S04,Bengaluru,South,Home & Kitchen,1701.74,15,1,0,5229.34,35.5,2087.44,45,76578.2
2024-07-30,S01,Mumbai,West,Clothing,1412.66,20,1,0,8467.43,30.0,1837.99,82,115838.03
2024-07-30,S01,Mumbai,West,Electronics,15964.55,0,0,0,5012.42,33.6,14237.99,40,638582.04
2024-07-30,S01,Mumbai,West,Grocery,422.25,0,0,0,3354.69,30.6,433.67,57,24068.13
2024-07-30,S01,Mumbai,West,Home & Kitchen,2212.43,0,0,0,4836.8,34.4,2411.36,42,92922.15
2024-07-30,S02,Pune,West,Clothing,1808.74,0,0,0,7675.64,33.2,1761.39,43,77775.67
2024-07-30,S02,Pune,West,Electronics,15316.71,0,0,0,3613.14,33.1,15026.2,12,183800.56
2024-07-30,S02,Pune,West,Grocery,470.34,0,0,0,2490.5,29.5,446.99,37,17402.53
2024-07-30,S02,Pune,West,Home & Kitchen,2174.28,0,0,0,6554.49,34.1,2303.24,26,56531.21
2024-07-30,S03,Delhi,North,Clothing,1824.55,0,0,0,6161.22,28.0,1772.45,43,78455.45
2024-07-30,S03,Delhi,North,Electronics,10851.01,25,1,0,7207.82,31.1,15222.56,51,553401.3
2024-07-30,S03,Delhi,North,Grocery,422.03,0,0,0,3215.51,30.2,474.0,50,21101.61
2024-07-30,S03,Delhi,North,Home & Kitchen,1929.49,10,1,0,5348.8,33.8,2267.81,47,90685.93
2024-07-30,S04,Bengaluru,South,Clothing,1707.58,0,0,0,5811.4,30.3,1730.34,40,68303.33
2024-07-30,S04,Bengaluru,South,Electronics,14641.06,0,0,0,2625.5,32.2,16181.68,25,366026.45
2024-07-30,S04,Bengaluru,South,Grocery,431.98,0,0,0,5830.41,30.0,431.48,49,21166.98
2024-07-30,S04,Bengaluru,South,Home & Kitchen,2307.92,0,0,0,3383.18,34.4,2219.66,30,69237.7
2024-07-31,S01,Mumbai,West,Clothing,1769.86,0,0,0,4842.71,34.4,1847.82,37,65484.94
2024-07-31,S01,Mumbai,West,Electronics,14919.98,0,0,0,4694.33,29.8,14608.32,33,492359.29
2024-07-31,S01,Mumbai,West,Grocery,343.21,25,1,0,5470.05,31.4,473.49,109,37409.36
2024-07-31,S01,Mumbai,West,Home & Kitchen,2225.93,0,0,0,5407.04,33.5,2268.09,42,93489.14
2024-07-31,S02,Pune,West,Clothing,1776.99,0,0,0,4493.74,28.0,1603.18,33,58640.57
2024-07-31,S02,Pune,West,Electronics,14877.9,0,0,0,6160.18,32.3,15263.69,22,327313.74
2024-07-31,S02,Pune,West,Grocery,419.32,0,0,0,5824.79,32.4,448.59,47,19707.98
2024-07-31,S02,Pune,West,Home & Kitchen,2127.69,0,0,0,5685.1,32.4,2245.01,28,59575.3
2024-07-31,S03,Delhi,North,Clothing,1570.7,10,1,0,9794.16,29.5,1776.19,49,76964.44
2024-07-31,S03,Delhi,North,Electronics,11912.35,20,1,0,3901.3,29.7,14474.02,34,405020.06
2024-07-31,S03,Delhi,North,Grocery,434.82,0,0,0,817.47,31.5,468.79,56,24350.14
2024-07-31,S03,Delhi,North,Home & Kitchen,2274.97,0,0,0,5035.9,34.9,2216.88,32,72799.19
2024-07-31,S04,Bengaluru,South,Clothing,1738.77,0,0,0,5719.08,34.3,1882.71,42,73028.15
2024-07-31,S04,Bengaluru,South,Electronics,12030.57,20,1,0,4888.5,32.6,14985.15,44,529344.98
2024-07-31,S04,Bengaluru,South,Grocery,426.75,0,0,0,5608.63,33.2,435.2,60,25605.05
2024-07-31,S04,Bengaluru,South,Home & Kitchen,2148.4,0,0,0,5192.56,31.4,2180.1,35,75193.95
2024-08-01,S01,Mumbai,West,Clothing,1853.2,0,0,0,1814.54,28.5,1958.3,39,72274.94
2024-08-01,S01,Mumbai,West,Electronics,14651.35,0,0,0,2793.33,30.5,15585.89,24,351632.46
2024-08-01,S01,Mumbai,West,Grocery,438.94,5,1,0,4944.44,30.3,,55,24141.87
2024-08-01,S01,Mumbai,West,Home & Kitchen,2246.53,0,0,0,4605.82,30.8,2096.38,25,56163.32
2024-08-01,S02,Pune,West,Clothing,1840.34,0,0,0,3998.91,28.4,1660.71,29,53369.99
2024-08-01,S02,Pune,West,Electronics,15244.76,0,0,0,5364.91,30.2,15029.41,23,350629.37
2024-08-01,S02,Pune,West,Grocery,450.7,0,0,0,5350.71,32.1,441.04,45,20281.41
2024-08-01,S02,Pune,West,Home & Kitchen,2152.23,0,0,0,4382.02,31.1,1987.93,23,49501.27
2024-08-01,S03,Delhi,North,Clothing,1810.86,0,0,0,6357.19,30.4,1772.18,39,70623.72
2024-08-01,S03,Delhi,North,Electronics,15108.24,5,1,0,4937.2,32.4,15849.23,29,438138.85
2024-08-01,S03,Delhi,North,Grocery,456.55,0,0,0,5461.92,32.7,386.35,50,22827.47
2024-08-01,S03,Delhi,North,Home & Kitchen,2194.69,0,0,0,6199.86,30.8,,35,76814.01
2024-08-01,S04,Bengaluru,South,Clothing,1740.54,0,0,0,3938.64,28.3,1811.06,30,52216.15
2024-08-01,S04,Bengaluru,South,Electronics,12108.38,20,1,0,2851.62,31.2,13870.59,35,423793.27
2024-08-01,S04,Bengaluru,South,Grocery,439.55,0,0,0,3624.7,28.1,473.07,36,15823.66
2024-08-01,S04,Bengaluru,South,Home & Kitchen,2282.64,0,0,0,3765.66,29.0,2170.03,29,66196.52
2024-08-02,S01,Mumbai,West,Clothing,1577.1,15,1,0,6102.83,30.5,1759.58,45,70969.53
2024-08-02,S01,Mumbai,West,Electronics,15643.99,0,0,0,5754.57,30.7,15789.48,12,187727.94
2024-08-02,S01,Mumbai,West,Grocery,469.45,0,0,0,4043.03,29.4,429.02,52,24411.64
2024-08-02,S01,Mumbai,West,Home & Kitchen,2188.75,0,0,0,6284.86,34.8,2203.6,37,80983.58
2024-08-02,S02,Pune,West,Clothing,1866.34,0,0,0,4356.16,33.0,1679.41,37,69054.66
2024-08-02,S02,Pune,West,Electronics,14992.7,0,0,0,8018.47,31.0,15256.18,33,494759.01
2024-08-02,S02,Pune,West,Grocery,425.61,0,0,0,4063.06,33.5,426.39,44,18727.03
2024-08-02,S02,Pune,West,Home & Kitchen,2346.79,0,0,0,4796.29,28.7,1964.22,21,49282.56
2024-08-02,S03,Delhi,North,Clothing,1744.88,0,0,0,5284.94,32.1,1782.55,37,64560.45
2024-08-02,S03,Delhi,North,Electronics,15308.27,0,0,0,7109.84,29.7,15797.8,31,474556.31
2024-08-02,S03,Delhi,North,Grocery,433.98,0,0,0,2973.86,29.4,433.47,42,18227.36
2024-08-02,S03,Delhi,North,Home & Kitchen,2144.03,5,1,0,5807.05,32.7,2366.68,40,85761.21
2024-08-02,S04,Bengaluru,South,Clothing,1813.79,0,0,0,2529.39,32.9,2036.29,43,77993.04
2024-08-02,S04,Bengaluru,South,Electronics,14718.67,0,0,0,3714.89,29.1,14335.07,22,323810.65
2024-08-02,S04,Bengaluru,South,Grocery,410.79,0,0,0,2168.39,27.5,468.48,49,20128.69
2024-08-02,S04,Bengaluru,South,Home & Kitchen,2269.92,0,0,0,6259.77,32.6,2279.07,26,59017.9
2024-08-03,S01,Mumbai,West,Clothing,1711.07,0,0,0,5301.06,30.8,1792.04,46,78709.12
2024-08-03,S01,Mumbai,West,Electronics,15126.81,0,0,0,1378.84,34.1,14946.96,30,453804.42
2024-08-03,S01,Mumbai,West,Grocery,352.11,20,1,0,6406.05,31.5,423.13,91,32041.81
2024-08-03,S01,Mumbai,West,Home & Kitchen,2188.85,0,0,0,4479.01,32.9,2305.44,41,89742.99
2024-08-03,S02,Pune,West,Clothing,1800.57,0,0,0,4970.95,28.5,1850.1,42,75624.15
2024-08-03,S02,Pune,West,Electronics,15263.9,0,0,0,5580.12,32.0,15819.52,30,457917.13
2024-08-03,S02,Pune,West,Grocery,416.47,5,1,0,9732.71,30.6,450.79,68,28319.82
2024-08-03,S02,Pune,West,Home & Kitchen,2193.3,0,0,0,5398.22,32.1,1995.72,35,76765.39
2024-08-03,S03,Delhi,North,Clothing,1809.64,0,0,0,3613.29,32.0,1676.11,37,66956.82
2024-08-03,S03,Delhi,North,Electronics,14370.13,0,0,0,4059.6,33.0,14999.16,34,488584.29
2024-08-03,S03,Delhi,North,Grocery,436.71,0,0,0,4835.41,30.8,490.55,58,25329.27
2024-08-03,S03,Delhi,North,Home & Kitchen,2226.66,0,0,0,4360.83,32.2,2270.23,38,84613.26
2024-08-03,S04,Bengaluru,South,Clothing,1775.66,0,0,0,5601.45,30.9,1806.3,41,72802.18
2024-08-03,S04,Bengaluru,South,Electronics,15265.17,0,0,0,3854.17,26.4,14454.52,33,503750.63
2024-08-03,S04,Bengaluru,South,Grocery,452.52,0,0,0,5565.67,32.8,481.33,67,30318.68
2024-08-03,S04,Bengaluru,South,Home & Kitchen,2288.52,0,0,0,6020.7,29.5,2061.08,31,70944.26
2024-08-04,S01,Mumbai,West,Clothing,1755.82,0,0,0,3448.61,33.0,1687.2,40,70232.75
2024-08-04,S01,Mumbai,West,Electronics,15260.17,0,0,0,5972.59,30.2,15033.49,46,701967.81
2024-08-04,S01,Mumbai,West,Grocery,385.1,15,1,0,6398.18,31.7,446.46,81,31192.72
2024-08-04,S01,Mumbai,West,Home & Kitchen,2297.84,0,0,0,4140.58,30.1,2134.12,38,87317.99
2024-08-04,S02,Pune,West,Clothing,1848.26,0,0,0,5482.81,30.9,1771.15,46,85019.84
2024-08-04,S02,Pune,West,Electronics,14814.9,0,0,0,5901.73,31.9,15828.17,31,459261.78
2024-08-04,S02,Pune,West,Grocery,439.49,0,0,0,5912.52,30.6,442.11,60,26369.35
2024-08-04,S02,Pune,West,Home & Kitchen,1890.19,15,1,0,6649.15,30.6,2050.6,38,71827.25
2024-08-04,S03,Delhi,North,Clothing,1842.11,0,0,0,4571.52,28.3,1635.39,43,79210.65
2024-08-04,S03,Delhi,North,Electronics,14535.66,0,0,0,7420.65,26.9,14806.45,44,639569.2
2024-08-04,S03,Delhi,North,Grocery,437.2,0,0,0,2984.3,32.2,470.38,60,26232.15
2024-08-04,S03,Delhi,North,Home & Kitchen,2166.36,0,0,0,4896.21,31.3,2101.25,32,69323.63
2024-08-04,S04,Bengaluru,South,Clothing,1764.91,0,0,0,7202.37,29.2,1776.98,44,77656.1
2024-08-04,S04,Bengaluru,South,Electronics,15634.3,0,0,0,1875.48,35.1,15084.59,34,531566.23
2024-08-04,S04,Bengaluru,South,Grocery,453.17,0,0,0,4970.62,32.1,445.29,53,24018.1
2024-08-04,S04,Bengaluru,South,Home & Kitchen,2318.75,0,0,0,7686.82,28.8,2127.97,42,97387.45
2024-08-05,S01,Mumbai,West,Clothing,1508.7,15,1,0,6265.48,32.2,1784.49,52,78452.51
2024-08-05,S01,Mumbai,West,Electronics,13444.09,10,1,0,3314.21,26.0,15568.76,44,591540.0
2024-08-05,S01,Mumbai,West,Grocery,453.35,0,0,0,4670.27,28.9,498.49,48,21760.57
2024-08-05,S01,Mumbai,West,Home & Kitchen,1817.04,15,1,0,,35.3,2215.46,60,109022.44
2024-08-05,S02,Pune,West,Clothing,1874.65,0,0,0,4940.0,28.3,1751.92,29,54364.93
2024-08-05,S02,Pune,West,Electronics,14644.68,0,0,0,5758.58,31.3,13675.04,26,380761.7
2024-08-05,S02,Pune,West,Grocery,336.83,25,1,0,7695.11,33.1,444.11,79,26609.35
2024-08-05,S02,Pune,West,Home & Kitchen,2252.17,0,0,0,7241.29,31.7,2116.93,23,51799.96
2024-08-05,S03,Delhi,North,Clothing,1897.19,0,0,0,5132.96,31.6,1900.62,48,91065.24
2024-08-05,S03,Delhi,North,Electronics,12576.77,20,1,0,5450.52,29.8,16321.9,41,515647.51
2024-08-05,S03,Delhi,North,Grocery,461.81,0,0,0,4128.02,29.3,461.04,56,25861.44
2024-08-05,S03,Delhi,North,Home & Kitchen,2165.36,0,0,0,6339.9,32.1,2102.82,29,62795.57
2024-08-05,S04,Bengaluru,South,Clothing,1831.76,0,0,0,5917.44,29.5,1793.48,33,60448.04
2024-08-05,S04,Bengaluru,South,Electronics,13862.64,10,1,0,8110.3,29.6,16141.56,27,374291.19
2024-08-05,S04,Bengaluru,South,Grocery,435.29,0,0,0,5857.84,34.6,479.13,28,12188.23
2024-08-05,S04,Bengaluru,South,Home & Kitchen,1911.23,10,1,0,7483.82,30.2,2198.63,30,57336.83
2024-08-06,S01,Mumbai,West,Clothing,1832.35,0,0,0,4458.47,31.8,1666.0,44,80623.44
2024-08-06,S01,Mumbai,West,Electronics,14856.6,0,0,0,5080.19,31.9,15098.85,29,430841.32
2024-08-06,S01,Mumbai,West,Grocery,451.15,0,0,0,5556.03,27.6,426.88,44,19850.72
2024-08-06,S01,Mumbai,West,Home & Kitchen,1661.07,20,1,0,6052.89,28.7,2234.81,65,107969.7
2024-08-06,S02,Pune,West,Clothing,1750.21,0,0,0,4370.02,32.6,1741.61,36,63007.43
2024-08-06,S02,Pune,West,Electronics,15192.09,0,0,0,3412.52,29.8,15641.62,19,288649.64
2024-08-06,S02,Pune,West,Grocery,455.1,0,0,0,6464.86,31.3,452.11,41,18658.97
2024-08-06,S02,Pune,West,Home & Kitchen,2157.31,0,0,0,5856.84,32.9,2150.2,22,47460.81
2024-08-06,S03,Delhi,North,Clothing,1831.2,0,0,0,,32.8,1819.04,38,69585.42
2024-08-06,S03,Delhi,North,Electronics,12031.81,20,1,0,5847.69,32.1,16205.19,54,649717.52
2024-08-06,S03,Delhi,North,Grocery,449.87,0,0,0,5104.11,30.5,438.69,40,17994.86
2024-08-06,S03,Delhi,North,Home & Kitchen,2192.94,0,0,0,5497.49,30.4,2418.89,40,87717.58
2024-08-06,S04,Bengaluru,South,Clothing,1792.06,0,0,0,3006.14,31.9,1765.01,50,89602.94
2024-08-06,S04,Bengaluru,South,Electronics,15021.25,0,0,0,4236.88,,15141.48,27,405573.81
2024-08-06,S04,Bengaluru,South,Grocery,461.65,0,0,0,4970.23,30.7,460.02,36,16619.22
2024-08-06,S04,Bengaluru,South,Home & Kitchen,2130.97,0,0,0,6044.62,33.3,2367.48,33,70321.85
2024-08-07,S01,Mumbai,West,Clothing,1861.73,0,0,0,2985.87,30.1,1867.31,34,63298.69
2024-08-07,S01,Mumbai,West,Electronics,14923.69,0,0,0,4821.25,29.5,14029.87,25,373092.15
2024-08-07,S01,Mumbai,West,Grocery,406.4,10,1,0,4436.49,31.6,446.37,60,24383.73
2024-08-07,S01,Mumbai,West,Home & Kitchen,2236.67,0,0,0,3986.46,28.0,2078.91,28,62626.64
2024-08-07,S02,Pune,West,Clothing,1877.49,0,0,0,7931.81,26.9,1729.89,43,80732.04
2024-08-07,S02,Pune,West,Electronics,14777.82,0,0,0,3696.68,36.6,15372.85,22,325112.04
2024-08-07,S02,Pune,West,Grocery,462.22,0,0,0,4369.92,27.7,448.44,36,16639.82
2024-08-07,S02,Pune,West,Home & Kitchen,2270.96,0,0,0,3845.2,27.7,2192.79,30,68128.78
2024-08-07,S03,Delhi,North,Clothing,1661.99,10,1,0,5101.69,32.0,1751.16,38,63155.55
2024-08-07,S03,Delhi,North,Electronics,14876.14,0,0,0,6263.39,31.9,13863.78,24,357027.38
2024-08-07,S03,Delhi,North,Grocery,354.47,25,1,0,6488.77,30.2,466.65,74,26231.01
2024-08-07,S03,Delhi,North,Home & Kitchen,2230.82,0,0,0,1783.06,34.2,2182.13,18,40154.71
2024-08-07,S04,Bengaluru,South,Clothing,1849.88,0,0,0,5659.75,28.5,1735.6,31,57346.25
2024-08-07,S04,Bengaluru,South,Electronics,13901.8,0,0,0,4515.48,33.2,14828.58,33,458759.47
2024-08-07,S04,Bengaluru,South,Grocery,335.8,25,1,0,5711.67,34.0,459.12,87,29214.89
2024-08-07,S04,Bengaluru,South,Home & Kitchen,2140.76,5,1,0,2227.21,33.9,2000.83,28,59941.29
2024-08-08,S01,Mumbai,West,Clothing,1945.91,0,0,0,,33.4,1837.8,55,107024.84
2024-08-08,S01,Mumbai,West,Electronics,14377.77,0,0,0,6754.31,31.0,14390.27,27,388199.73
2024-08-08,S01,Mumbai,West,Grocery,450.5,0,0,0,6022.38,32.0,452.0,58,26129.08
2024-08-08,S01,Mumbai,West,Home & Kitchen,2158.46,0,0,0,2764.57,30.1,2170.29,29,62595.42
2024-08-08,S02,Pune,West,Clothing,1798.01,0,0,0,4699.34,30.3,1883.11,25,44950.13
2024-08-08,S02,Pune,West,Electronics,15656.45,0,0,0,4586.5,31.6,15026.92,30,469693.62
2024-08-08,S02,Pune,West,Grocery,453.56,0,0,0,5950.08,27.3,451.62,41,18596.14
2024-08-08,S02,Pune,West,Home & Kitchen,2224.82,0,0,0,6115.43,30.3,2196.28,21,46721.15
2024-08-08,S03,Delhi,North,Clothing,1741.26,0,0,0,5601.78,30.2,1895.69,48,83580.54
2024-08-08,S03,Delhi,North,Electronics,14649.44,0,0,0,5816.1,30.5,15895.72,29,424833.65
2024-08-08,S03,Delhi,North,Grocery,444.21,0,0,0,7008.16,32.9,415.91,40,17768.36
2024-08-08,S03,Delhi,North,Home & Kitchen,2239.96,0,0,0,3916.84,31.1,2125.47,30,67198.73
2024-08-08,S04,Bengaluru,South,Clothing,1795.5,0,0,0,6439.8,32.0,1698.76,34,61046.93
2024-08-08,S04,Bengaluru,South,Electronics,13593.39,5,1,0,4450.22,31.6,14772.59,27,367021.56
2024-08-08,S04,Bengaluru,South,Grocery,447.93,0,0,0,4731.87,29.8,430.79,49,21948.55
2024-08-08,S04,Bengaluru,South,Home & Kitchen,2207.42,0,0,0,6439.14,34.6,2221.5,34,75052.19
2024-08-09,S01,Mumbai,West,Clothing,1774.85,0,0,0,4154.41,39.0,1775.06,54,95842.1
2024-08-09,S01,Mumbai,West,Electronics,11968.35,20,1,0,5678.42,30.8,15176.34,54,646290.69
2024-08-09,S01,Mumbai,West,Grocery,452.86,0,0,0,4690.7,32.4,447.56,54,24454.37
2024-08-09,S01,Mumbai,West,Home & Kitchen,2128.89,0,0,0,7798.37,29.4,2087.2,43,91542.48
2024-08-09,S02,Pune,West,Clothing,1747.17,0,0,0,4069.85,32.8,1808.4,41,71633.87
2024-08-09,S02,Pune,West,Electronics,15030.45,0,0,0,6436.07,32.5,16284.41,41,616248.27
2024-08-09,S02,Pune,West,Grocery,413.18,10,1,0,6568.85,34.6,441.06,52,21485.6
2024-08-09,S02,Pune,West,Home & Kitchen,2249.75,0,0,0,2378.51,30.0,2194.65,25,56243.78
2024-08-09,S03,Delhi,North,Clothing,1829.06,0,0,0,5412.63,31.0,2057.8,35,64017.15
2024-08-09,S03,Delhi,North,Electronics,14857.17,0,0,0,5231.14,31.5,16292.84,29,430857.88
2024-08-09,S03,Delhi,North,Grocery,447.15,0,0,0,5002.09,34.1,437.27,36,16097.5
2024-08-09,S03,Delhi,North,Home & Kitchen,2042.79,15,1,0,4715.73,29.5,2141.66,42,85797.09
2024-08-09,S04,Bengaluru,South,Clothing,1889.96,0,0,0,6815.24,31.2,1756.83,36,68038.63
2024-08-09,S04,Bengaluru,South,Electronics,14957.69,0,0,0,5848.31,28.1,15409.08,30,448730.72
2024-08-09,S04,Bengaluru,South,Grocery,461.71,0,0,0,4525.05,33.2,464.86,43,19853.53
2024-08-09,S04,Bengaluru,South,Home & Kitchen,2244.62,0,0,0,6222.22,30.4,2180.18,32,71827.84
2024-08-10,S01,Mumbai,West,Clothing,1777.55,0,0,0,4390.43,32.3,1790.96,47,83544.88
2024-08-10,S01,Mumbai,West,Electronics,15133.21,0,0,0,3958.79,30.4,15911.61,54,817193.6
2024-08-10,S01,Mumbai,West,Grocery,460.0,0,0,0,4274.5,32.0,439.69,44,20239.96
2024-08-10,S01,Mumbai,West,Home & Kitchen,2258.43,0,0,0,4172.11,30.2,2295.55,43,97112.31
2024-08-10,S02,Pune,West,Clothing,1816.12,0,0,0,6245.77,32.1,1889.22,39,70828.56
2024-08-10,S02,Pune,West,Electronics,14381.87,0,0,0,5349.65,29.9,16314.58,24,345164.78
2024-08-10,S02,Pune,West,Grocery,435.44,0,0,0,4164.46,27.5,458.1,49,21336.57
2024-08-10,S02,Pune,West,Home & Kitchen,2152.17,0,0,0,4420.12,29.9,2325.8,26,55956.3
2024-08-10,S03,Delhi,North,Clothing,1739.77,0,0,0,5150.51,31.2,1664.99,35,60891.82
2024-08-10,S03,Delhi,North,Electronics,15636.25,0,0,0,4305.01,31.2,15492.48,37,578541.24
2024-08-10,S03,Delhi,North,Grocery,454.52,0,0,0,5160.76,28.7,457.76,74,33634.24
2024-08-10,S03,Delhi,North,Home & Kitchen,2243.35,0,0,0,5875.27,30.1,2249.61,31,69543.79
2024-08-10,S04,Bengaluru,South,Clothing,1919.7,0,0,0,5955.64,30.1,1869.2,34,65269.96
2024-08-10,S04,Bengaluru,South,Electronics,15288.95,0,0,0,7071.17,28.6,15311.61,34,519824.16
2024-08-10,S04,Bengaluru,South,Grocery,465.27,0,0,0,8600.12,34.6,444.28,60,27916.26
2024-08-10,S04,Bengaluru,South,Home & Kitchen,2176.91,0,0,0,3839.54,30.6,2283.29,41,89253.13
2024-08-11,S01,Mumbai,West,Clothing,1831.78,0,0,0,4306.13,31.1,1868.53,49,89757.36
2024-08-11,S01,Mumbai,West,Electronics,15832.71,0,0,0,4240.1,32.5,16211.99,30,474981.25
2024-08-11,S01,Mumbai,West,Grocery,466.47,0,0,0,3807.86,34.1,475.99,61,28454.91
2024-08-11,S01,Mumbai,West,Home & Kitchen,2190.45,0,0,0,8092.76,32.5,2100.11,43,94189.15
2024-08-11,S02,Pune,West,Clothing,1796.11,0,0,0,6269.65,30.0,1602.6,25,44902.67
2024-08-11,S02,Pune,West,Electronics,14736.54,0,0,0,4689.9,31.3,15678.45,37,545251.99
2024-08-11,S02,Pune,West,Grocery,371.41,20,1,0,3801.15,30.6,433.85,66,24513.19
2024-08-11,S02,Pune,West,Home & Kitchen,2229.3,0,0,0,4564.53,,2015.56,26,57961.89
2024-08-11,S03,Delhi,North,Clothing,1398.7,25,1,0,5288.18,33.7,1796.49,61,85320.64
2024-08-11,S03,Delhi,North,Electronics,14684.99,0,0,0,2673.7,28.0,14649.81,34,499289.65
2024-08-11,S03,Delhi,North,Grocery,419.49,5,1,0,5568.33,31.1,463.67,61,25588.81
2024-08-11,S03,Delhi,North,Home & Kitchen,2121.81,0,0,0,2125.61,32.7,2147.69,31,65775.98
2024-08-11,S04,Bengaluru,South,Clothing,1811.58,0,0,0,5413.64,31.9,1776.89,40,72463.21
2024-08-11,S04,Bengaluru,South,Electronics,14360.05,0,0,0,5784.03,32.7,15598.28,41,588761.94
2024-08-11,S04,Bengaluru,South,Grocery,436.26,0,0,0,4648.8,29.1,491.87,67,29229.29
2024-08-11,S04,Bengaluru,South,Home & Kitchen,2258.42,0,0,0,7814.33,30.6,2121.11,50,112920.83
2024-08-12,S01,Mumbai,West,Clothing,1763.16,0,0,0,6853.22,28.3,1697.78,35,61710.61
2024-08-12,S01,Mumbai,West,Electronics,13534.83,10,1,0,8291.19,27.9,15584.65,32,433114.55
2024-08-12,S01,Mumbai,West,Grocery,439.79,0,0,0,4637.9,32.9,460.23,53,23308.84
2024-08-12,S01,Mumbai,West,Home & Kitchen,2116.6,0,0,0,5598.28,30.9,2232.1,42,88897.4
2024-08-12,S02,Pune,West,Clothing,1724.02,0,0,0,7118.73,29.5,1847.95,41,70684.88
2024-08-12,S02,Pune,West,Electronics,14550.31,0,0,0,7058.3,31.3,14592.35,32,465610.01
2024-08-12,S02,Pune,West,Grocery,405.51,0,0,0,5036.35,32.7,425.52,53,21491.84
2024-08-12,S02,Pune,West,Home & Kitchen,2199.41,0,0,0,5987.47,29.5,2236.74,24,52785.84
2024-08-12,S03,Delhi,North,Clothing,1306.82,25,1,0,6217.73,34.3,1860.04,56,73181.8
2024-08-12,S03,Delhi,North,Electronics,13992.64,5,1,0,3296.07,30.2,14740.74,33,461757.23
2024-08-12,S03,Delhi,North,Grocery,428.42,0,0,0,6385.93,29.9,454.87,52,22277.86
2024-08-12,S03,Delhi,North,Home & Kitchen,2290.54,0,0,0,5419.61,29.1,2214.67,29,66425.77
2024-08-12,S04,Bengaluru,South,Clothing,1781.66,0,0,0,4071.95,29.3,1748.1,40,71266.5
2024-08-12,S04,Bengaluru,South,Electronics,15043.15,0,0,0,5522.02,32.1,14472.23,27,406165.08
2024-08-12,S04,Bengaluru,South,Grocery,430.58,0,0,0,4511.84,27.3,449.96,37,15931.4
2024-08-12,S04,Bengaluru,South,Home & Kitchen,2008.76,5,1,0,7757.44,29.6,2177.23,38,76332.98
2024-08-13,S01,Mumbai,West,Clothing,1792.39,0,0,0,4938.63,29.7,1818.38,33,59148.81
2024-08-13,S01,Mumbai,West,Electronics,13949.62,0,0,0,5804.45,29.9,15215.47,40,557984.81
2024-08-13,S01,Mumbai,West,Grocery,447.67,0,0,0,7805.96,36.3,469.03,59,26412.76
2024-08-13,S01,Mumbai,West,Home & Kitchen,2327.71,0,0,0,5214.33,30.9,2047.08,31,72158.9
2024-08-13,S02,Pune,West,Clothing,1740.54,0,0,0,7891.8,30.5,1756.46,32,55697.39
2024-08-13,S02,Pune,West,Electronics,15482.81,0,0,0,2026.36,27.1,14105.64,21,325139.08
2024-08-13,S02,Pune,West,Grocery,470.61,0,0,0,5880.39,27.4,429.98,39,18353.8
2024-08-13,S02,Pune,West,Home & Kitchen,2274.56,0,0,0,7656.21,28.7,2236.2,25,56864.09
2024-08-13,S03,Delhi,North,Clothing,1485.15,15,1,0,5827.39,32.2,1653.28,52,77227.77
2024-08-13,S03,Delhi,North,Electronics,15269.79,0,0,0,6969.74,31.4,16282.96,25,381744.76
2024-08-13,S03,Delhi,North,Grocery,445.24,0,0,0,3303.46,31.0,458.86,41,18254.86
2024-08-13,S03,Delhi,North,Home & Kitchen,2246.92,0,0,0,5954.03,34.7,2454.03,39,87629.88
2024-08-13,S04,Bengaluru,South,Clothing,1795.3,0,0,0,4752.52,30.3,1680.67,35,62835.39
2024-08-13,S04,Bengaluru,South,Electronics,15320.11,0,0,0,2038.33,29.9,16688.11,18,275762.0
2024-08-13,S04,Bengaluru,South,Grocery,378.14,15,1,0,7303.01,31.4,445.91,59,22310.32
2024-08-13,S04,Bengaluru,South,Home & Kitchen,2329.4,0,0,0,5344.93,,2101.16,15,34940.93
2024-08-14,S01,Mumbai,West,Clothing,1777.59,0,0,0,5118.65,30.5,1862.96,35,62215.58
2024-08-14,S01,Mumbai,West,Electronics,14957.71,0,0,0,4421.56,32.3,15561.61,24,358984.96
2024-08-14,S01,Mumbai,West,Grocery,444.29,0,0,0,4905.03,37.1,463.26,47,20881.86
2024-08-14,S01,Mumbai,West,Home & Kitchen,2093.69,0,0,0,5254.77,31.0,2075.32,38,79560.4
2024-08-14,S02,Pune,West,Clothing,1888.41,0,0,0,5519.41,28.3,1774.67,37,69871.35
2024-08-14,S02,Pune,West,Electronics,15348.09,0,0,0,3056.27,29.5,15565.8,28,429746.61
2024-08-14,S02,Pune,West,Grocery,468.19,0,0,0,5024.36,28.8,434.77,40,18727.49
2024-08-14,S02,Pune,West,Home & Kitchen,2056.12,5,1,0,6391.85,32.6,2061.1,18,37010.18
2024-08-14,S03,Delhi,North,Clothing,1840.76,0,0,0,3827.24,31.0,1662.61,23,42337.38
2024-08-14,S03,Delhi,North,Electronics,14532.14,0,0,0,7549.16,31.9,15626.57,40,581285.41
2024-08-14,S03,Delhi,North,Grocery,439.89,0,0,0,4343.65,34.5,453.69,41,18035.62
2024-08-14,S03,Delhi,North,Home & Kitchen,2196.88,0,0,0,5954.24,33.5,2027.17,36,79087.82
2024-08-14,S04,Bengaluru,South,Clothing,1856.05,0,0,0,6527.0,30.1,1863.4,36,66817.97
2024-08-14,S04,Bengaluru,South,Electronics,14970.81,0,0,0,4847.94,30.8,14741.62,19,284445.32
2024-08-14,S04,Bengaluru,South,Grocery,470.92,0,0,0,5675.38,31.3,478.75,48,22604.35
2024-08-14,S04,Bengaluru,South,Home & Kitchen,2362.95,0,0,0,6182.11,30.1,2154.09,24,56710.84
2024-08-15,S01,Mumbai,West,Clothing,1658.43,0,0,1,4339.05,29.9,1639.6,53,87896.83
2024-08-15,S01,Mumbai,West,Electronics,16232.78,0,0,1,4645.33,29.7,14499.94,42,681776.63
2024-08-15,S01,Mumbai,West,Grocery,420.25,5,1,1,3940.07,27.4,470.11,65,27315.94
2024-08-15,S01,Mumbai,West,Home & Kitchen,1645.71,25,1,1,9988.71,26.3,2069.99,84,138239.59
2024-08-15,S02,Pune,West,Clothing,1815.04,0,0,1,4567.62,30.7,1921.75,45,81676.94
2024-08-15,S02,Pune,West,Electronics,14223.9,5,1,1,1506.12,29.5,16019.65,31,440941.02
2024-08-15,S02,Pune,West,Grocery,460.13,0,0,1,4726.53,28.4,421.02,45,20705.66
2024-08-15,S02,Pune,West,Home & Kitchen,2334.13,0,0,1,,31.7,2258.72,39,91030.92
2024-08-15,S03,Delhi,North,Clothing,1890.71,0,0,1,6326.78,30.9,1885.75,51,96426.09
2024-08-15,S03,Delhi,North,Electronics,14579.26,0,0,1,5194.37,30.8,15410.44,41,597749.79
2024-08-15,S03,Delhi,North,Grocery,358.63,20,1,1,5997.7,31.7,442.91,87,31200.88
2024-08-15,S03,Delhi,North,Home & Kitchen,2134.51,0,0,1,4872.98,28.5,2155.34,54,115263.35
2024-08-15,S04,Bengaluru,South,Clothing,1845.95,0,0,1,3762.21,28.3,1944.84,41,75684.08
2024-08-15,S04,Bengaluru,South,Electronics,14720.46,0,0,1,5970.86,31.0,14523.49,34,500495.48
2024-08-15,S04,Bengaluru,South,Grocery,439.55,0,0,1,5130.4,30.6,451.89,65,28571.06
2024-08-15,S04,Bengaluru,South,Home & Kitchen,2080.92,0,0,1,5742.5,34.7,2269.43,49,101965.04
2024-08-16,S01,Mumbai,West,Clothing,1806.65,0,0,0,5694.3,30.9,1861.64,28,50586.33
2024-08-16,S01,Mumbai,West,Electronics,15389.86,0,0,0,2649.23,27.7,14885.08,19,292407.43
2024-08-16,S01,Mumbai,West,Grocery,428.18,0,0,0,6378.23,26.5,485.65,65,27831.93
2024-08-16,S01,Mumbai,West,Home & Kitchen,2075.31,0,0,0,1711.67,27.9,2168.15,27,56033.31
2024-08-16,S02,Pune,West,Clothing,1880.02,0,0,0,2146.64,30.8,1764.91,27,50760.46
2024-08-16,S02,Pune,West,Electronics,15130.53,0,0,0,6812.47,29.7,13478.51,20,302610.66
2024-08-16,S02,Pune,West,Grocery,480.09,0,0,0,5041.04,34.5,411.91,43,20643.91
2024-08-16,S02,Pune,West,Home & Kitchen,2222.36,0,0,0,3952.58,31.5,2240.98,23,51114.18
2024-08-16,S03,Delhi,North,Clothing,1857.12,0,0,0,7362.01,31.1,1795.12,44,81713.45
2024-08-16,S03,Delhi,North,Electronics,15002.83,0,0,0,2339.46,29.8,16749.59,28,420079.3
2024-08-16,S03,Delhi,North,Grocery,419.83,5,1,0,4368.9,29.8,480.17,52,21831.08
2024-08-16,S03,Delhi,North,Home & Kitchen,2189.27,0,0,0,2576.14,32.5,,30,65678.23
2024-08-16,S04,Bengaluru,South,Clothing,1695.94,0,0,0,3705.49,30.2,1723.71,39,66141.79
2024-08-16,S04,Bengaluru,South,Electronics,14332.84,0,0,0,6798.77,31.4,15895.98,32,458650.92
2024-08-16,S04,Bengaluru,South,Grocery,463.07,0,0,0,3712.85,32.8,430.84,43,19912.06
2024-08-16,S04,Bengaluru,South,Home & Kitchen,2303.2,0,0,0,5306.97,29.2,2244.67,38,87521.52
2024-08-17,S01,Mumbai,West,Clothing,1790.15,0,0,0,7023.98,34.5,1649.33,70,125310.68
2024-08-17,S01,Mumbai,West,Electronics,11708.08,20,1,0,6699.25,32.3,14381.9,57,667360.56
2024-08-17,S01,Mumbai,West,Grocery,382.78,15,1,0,5150.53,30.9,479.95,80,30622.24
2024-08-17,S01,Mumbai,West,Home & Kitchen,2217.86,0,0,0,5321.51,30.2,2219.84,44,97585.99
2024-08-17,S02,Pune,West,Clothing,1777.51,0,0,0,3593.22,30.1,1844.27,41,72877.71
2024-08-17,S02,Pune,West,Electronics,14212.52,5,1,0,5825.89,28.8,15814.72,31,440588.03
2024-08-17,S02,Pune,West,Grocery,425.65,0,0,0,4569.53,35.0,461.33,42,17877.23
2024-08-17,S02,Pune,West,Home & Kitchen,2191.74,0,0,0,6252.56,27.1,2195.24,31,67943.8
2024-08-17,S03,Delhi,North,Clothing,1780.89,0,0,0,5255.17,31.3,1737.57,48,85482.48
2024-08-17,S03,Delhi,North,Electronics,15014.11,0,0,0,3841.59,28.3,14244.22,32,480451.65
2024-08-17,S03,Delhi,North,Grocery,456.08,0,0,0,7093.66,28.2,491.66,72,32838.09
2024-08-17,S03,Delhi,North,Home & Kitchen,2284.97,0,0,0,4614.19,29.0,2005.96,40,91398.63
2024-08-17,S04,Bengaluru,South,Clothing,1645.98,10,1,0,7323.49,27.7,1742.63,50,82299.09
2024-08-17,S04,Bengaluru,South,Electronics,15347.65,0,0,0,5909.79,31.8,15676.9,37,567862.92
2024-08-17,S04,Bengaluru,South,Grocery,436.85,0,0,0,3033.07,28.7,415.54,53,23153.11
2024-08-17,S04,Bengaluru,South,Home & Kitchen,2085.36,0,0,0,4704.28,31.4,2170.25,33,68816.95
2024-08-18,S01,Mumbai,West,Clothing,1494.92,20,1,0,7166.15,33.4,1789.42,74,110623.87
2024-08-18,S01,Mumbai,West,Electronics,15266.0,0,0,0,2360.28,33.2,14063.44,26,396915.95
2024-08-18,S01,Mumbai,West,Grocery,365.18,20,1,0,6510.77,31.9,502.31,103,37613.2
2024-08-18,S01,Mumbai,West,Home & Kitchen,2157.69,0,0,0,4602.19,29.2,2240.12,56,120830.46
2024-08-18,S02,Pune,West,Clothing,1756.71,0,0,0,5312.84,32.9,1708.38,37,64998.35
2024-08-18,S02,Pune,West,Electronics,13848.46,10,1,0,7739.33,31.0,14808.85,37,512393.12
2024-08-18,S02,Pune,West,Grocery,460.52,0,0,0,7323.98,,478.67,54,24868.2
2024-08-18,S02,Pune,West,Home & Kitchen,2184.02,0,0,0,4707.75,34.8,1934.05,31,67704.47
2024-08-18,S03,Delhi,North,Clothing,1746.58,0,0,0,4931.0,29.9,1652.34,43,75102.73
2024-08-18,S03,Delhi,North,Electronics,14635.85,0,0,0,3767.16,32.4,14931.94,25,365896.18
2024-08-18,S03,Delhi,North,Grocery,445.25,0,0,0,5477.76,32.9,448.86,60,26714.93
2024-08-18,S03,Delhi,North,Home & Kitchen,1792.49,20,1,0,8652.87,29.3,2256.88,62,111134.68
2024-08-18,S04,Bengaluru,South,Clothing,1777.87,0,0,0,5596.25,29.8,1717.08,44,78226.14
2024-08-18,S04,Bengaluru,South,Electronics,14705.5,0,0,0,8131.79,30.2,14517.11,32,470575.9
2024-08-18,S04,Bengaluru,South,Grocery,358.34,20,1,0,5901.26,30.7,429.86,88,31533.96
2024-08-18,S04,Bengaluru,South,Home & Kitchen,2238.41,0,0,0,6932.36,32.1,2298.34,45,100728.32
2024-08-19,S01,Mumbai,West,Clothing,1800.3,0,0,0,6030.3,30.6,1695.29,32,57609.49
2024-08-19,S01,Mumbai,West,Electronics,14666.09,0,0,0,6127.69,30.8,15250.16,25,366652.35
2024-08-19,S01,Mumbai,West,Grocery,403.12,10,1,0,4909.81,30.8,477.39,60,24186.93
2024-08-19,S01,Mumbai,West,Home & Kitchen,2254.07,0,0,0,4680.36,30.5,2005.05,28,63114.02
2024-08-19,S02,Pune,West,Clothing,1452.74,15,1,0,3874.3,28.8,1803.25,51,74089.53
2024-08-19,S02,Pune,West,Electronics,15233.92,0,0,0,4836.11,33.7,13643.25,24,365614.18
2024-08-19,S02,Pune,West,Grocery,338.87,25,1,0,6486.43,32.1,462.55,63,21348.68
2024-08-19,S02,Pune,West,Home & Kitchen,2199.55,0,0,0,4245.2,30.1,2306.02,25,54988.71
2024-08-19,S03,Delhi,North,Clothing,1776.9,0,0,0,6138.14,34.9,1829.37,40,71075.86
2024-08-19,S03,Delhi,North,Electronics,15212.93,0,0,0,4166.33,32.2,15142.5,32,486813.77
2024-08-19,S03,Delhi,North,Grocery,428.18,0,0,0,3161.51,30.0,423.56,43,18411.93
2024-08-19,S03,Delhi,North,Home & Kitchen,2297.28,0,0,0,4106.19,30.0,2298.48,20,45945.64
2024-08-19,S04,Bengaluru,South,Clothing,1813.79,0,0,0,7224.36,27.4,1873.67,46,83434.45
2024-08-19,S04,Bengaluru,South,Electronics,15740.84,0,0,0,3907.4,32.3,15508.38,30,472225.23
2024-08-19,S04,Bengaluru,South,Grocery,420.13,5,1,0,5651.31,29.4,408.91,38,15964.87
2024-08-19,S04,Bengaluru,South,Home & Kitchen,1923.31,10,1,0,3343.45,35.2,2467.53,49,94242.2
2024-08-20,S01,Mumbai,West,Clothing,1732.24,0,0,0,5909.35,28.5,1928.81,37,64093.01
2024-08-20,S01,Mumbai,West,Electronics,14390.79,0,0,0,5192.93,27.0,15139.13,30,431723.6
2024-08-20,S01,Mumbai,West,Grocery,449.88,0,0,0,6921.16,32.3,434.94,55,24743.35
2024-08-20,S01,Mumbai,West,Home & Kitchen,2198.85,0,0,0,5223.97,33.7,2181.45,47,103346.07
2024-08-20,S02,Pune,West,Clothing,1852.27,0,0,0,2622.32,27.5,1656.79,26,48159.04
2024-08-20,S02,Pune,West,Electronics,15314.99,0,0,0,6534.78,31.2,15352.05,27,413504.7
2024-08-20,S02,Pune,West,Grocery,453.3,0,0,0,4270.31,31.5,439.13,39,17678.51
2024-08-20,S02,Pune,West,Home & Kitchen,2158.51,0,0,0,6426.93,34.4,2224.94,37,79864.81
2024-08-20,S03,Delhi,North,Clothing,1806.79,0,0,0,5277.93,29.3,1673.86,32,57817.25
2024-08-20,S03,Delhi,North,Electronics,15098.47,0,0,0,3672.95,32.9,14841.31,35,528446.31
2024-08-20,S03,Delhi,North,Grocery,375.36,15,1,0,6735.01,29.4,444.71,75,28151.65
2024-08-20,S03,Delhi,North,Home & Kitchen,2293.78,0,0,0,8271.25,29.4,2047.27,30,68813.4
2024-08-20,S04,Bengaluru,South,Clothing,1798.72,0,0,0,6392.92,28.8,1893.76,46,82741.26
2024-08-20,S04,Bengaluru,South,Electronics,15079.68,0,0,0,3907.45,32.1,,26,392071.64
2024-08-20,S04,Bengaluru,South,Grocery,455.56,0,0,0,4248.54,34.2,447.89,38,17311.32
2024-08-20,S04,Bengaluru,South,Home & Kitchen,2230.34,0,0,0,5318.53,31.5,2112.81,26,57988.79
2024-08-21,S01,Mumbai,West,Clothing,1786.06,0,0,0,2929.64,33.6,1695.86,46,82158.88
2024-08-21,S01,Mumbai,West,Electronics,14843.23,0,0,0,8580.43,32.3,15515.74,33,489826.71
2024-08-21,S01,Mumbai,West,Grocery,387.3,15,1,0,4936.63,30.4,469.06,64,24787.3
2024-08-21,S01,Mumbai,West,Home & Kitchen,2174.68,5,1,0,5520.74,30.8,2117.44,29,63065.81
2024-08-21,S02,Pune,West,Clothing,1822.17,0,0,0,5098.74,29.9,1794.84,34,61953.92
2024-08-21,S02,Pune,West,Electronics,14913.67,0,0,0,4809.87,28.6,15682.04,12,178964.03
2024-08-21,S02,Pune,West,Grocery,434.29,0,0,0,2287.96,30.4,411.38,35,15200.21
2024-08-21,S02,Pune,West,Home & Kitchen,2244.0,0,0,0,6753.91,32.4,2244.39,32,71808.1
2024-08-21,S03,Delhi,North,Clothing,1795.82,0,0,0,6710.52,33.5,1708.29,32,57466.26
2024-08-21,S03,Delhi,North,Electronics,11995.13,15,1,0,6937.07,28.8,13619.73,32,383844.2
2024-08-21,S03,Delhi,North,Grocery,433.77,0,0,0,6965.14,31.5,451.95,64,27761.25
2024-08-21,S03,Delhi,North,Home & Kitchen,2221.3,0,0,0,6216.73,32.4,2191.05,27,59975.1
2024-08-21,S04,Bengaluru,South,Clothing,1777.28,0,0,0,4199.51,29.0,1813.79,23,40877.39
2024-08-21,S04,Bengaluru,South,Electronics,11374.62,25,1,0,6690.03,32.7,15314.18,41,466359.46
2024-08-21,S04,Bengaluru,South,Grocery,452.0,0,0,0,6196.92,32.5,469.34,41,18531.96
2024-08-21,S04,Bengaluru,South,Home & Kitchen,2117.49,0,0,0,7301.16,30.4,2257.86,41,86817.14
2024-08-22,S01,Mumbai,West,Clothing,1687.08,0,0,0,3685.82,30.8,1651.48,29,48925.36
2024-08-22,S01,Mumbai,West,Electronics,15041.19,0,0,0,3349.8,27.6,15409.58,26,391070.86
2024-08-22,S01,Mumbai,West,Grocery,469.05,0,0,0,7096.79,29.5,465.98,54,25328.71
2024-08-22,S01,Mumbai,West,Home & Kitchen,2171.64,0,0,0,5282.2,28.3,2258.76,32,69492.44
2024-08-22,S02,Pune,West,Clothing,1777.99,0,0,0,6165.14,31.2,1834.69,27,48005.8
2024-08-22,S02,Pune,West,Electronics,14715.8,0,0,0,5614.87,28.9,14736.49,27,397326.55
2024-08-22,S02,Pune,West,Grocery,455.33,0,0,0,4704.19,27.7,454.32,38,17302.54
2024-08-22,S02,Pune,West,Home & Kitchen,2199.21,0,0,0,3560.96,30.5,1827.02,26,57179.55
2024-08-22,S03,Delhi,North,Clothing,1744.44,0,0,0,5159.52,26.5,1713.98,42,73266.52
2024-08-22,S03,Delhi,North,Electronics,15351.22,0,0,0,5371.09,31.2,15752.9,30,460536.74
2024-08-22,S03,Delhi,North,Grocery,475.94,0,0,0,3920.48,32.1,400.28,38,18085.8
2024-08-22,S03,Delhi,North,Home & Kitchen,1799.86,10,1,0,5742.57,31.4,2220.14,41,73794.21
2024-08-22,S04,Bengaluru,South,Clothing,1708.8,0,0,0,7350.27,31.7,1693.03,40,68351.96
2024-08-22,S04,Bengaluru,South,Electronics,15374.69,0,0,0,6916.56,32.5,15176.0,23,353617.98
2024-08-22,S04,Bengaluru,South,Grocery,437.92,0,0,0,6386.59,29.5,437.2,40,17516.91
2024-08-22,S04,Bengaluru,South,Home & Kitchen,1781.5,20,1,0,6229.44,29.0,2205.66,43,76604.4
2024-08-23,S01,Mumbai,West,Clothing,1734.61,0,0,0,4692.52,27.5,1812.0,40,69384.42
2024-08-23,S01,Mumbai,West,Electronics,14157.53,0,0,0,4846.01,31.5,15181.98,29,410568.37
2024-08-23,S01,Mumbai,West,Grocery,377.68,15,1,0,4111.33,29.8,493.21,72,27193.19
2024-08-23,S01,Mumbai,West,Home & Kitchen,2094.1,0,0,0,4964.63,29.3,2170.56,24,50258.4
2024-08-23,S02,Pune,West,Clothing,1757.2,0,0,0,4630.28,30.7,1899.57,30,52715.89
2024-08-23,S02,Pune,West,Electronics,15299.28,0,0,0,5395.27,30.2,14206.98,22,336584.12
2024-08-23,S02,Pune,West,Grocery,454.7,0,0,0,4134.76,35.5,413.84,41,18642.52
2024-08-23,S02,Pune,West,Home & Kitchen,2328.28,0,0,0,2755.12,35.0,2141.53,21,48893.85
2024-08-23,S03,Delhi,North,Clothing,1869.45,0,0,0,5879.25,30.4,1769.5,38,71039.21
2024-08-23,S03,Delhi,North,Electronics,12532.14,15,1,0,8844.11,29.5,14436.59,39,488753.39
2024-08-23,S03,Delhi,North,Grocery,450.62,0,0,0,7042.44,30.2,480.12,51,22981.71
2024-08-23,S03,Delhi,North,Home & Kitchen,2148.12,0,0,0,5338.6,31.8,2263.22,42,90221.01
2024-08-23,S04,Bengaluru,South,Clothing,1713.11,0,0,0,5487.18,29.0,1835.11,37,63384.93
2024-08-23,S04,Bengaluru,South,Electronics,14836.02,0,0,0,7158.28,32.4,16909.31,37,548932.62
2024-08-23,S04,Bengaluru,South,Grocery,443.48,0,0,0,6727.82,31.0,506.97,56,24834.78
2024-08-23,S04,Bengaluru,South,Home & Kitchen,1640.72,25,1,0,7474.65,29.1,2319.4,57,93521.05
2024-08-24,S01,Mumbai,West,Clothing,1834.32,0,0,0,3911.2,32.4,1762.77,43,78875.64
2024-08-24,S01,Mumbai,West,Electronics,14482.88,0,0,0,7697.43,29.2,15417.46,43,622763.77
2024-08-24,S01,Mumbai,West,Grocery,434.18,0,0,0,4560.64,30.5,428.24,56,24314.26
2024-08-24,S01,Mumbai,West,Home & Kitchen,2215.68,0,0,0,3029.66,34.3,2191.11,37,81980.01
2024-08-24,S02,Pune,West,Clothing,1860.85,0,0,0,6345.18,30.6,1726.39,52,96764.25
2024-08-24,S02,Pune,West,Electronics,15698.1,0,0,0,5506.56,28.1,16284.07,28,439546.89
2024-08-24,S02,Pune,West,Grocery,440.69,0,0,0,4079.06,27.3,448.05,53,23356.59
2024-08-24,S02,Pune,West,Home & Kitchen,2171.4,0,0,0,4853.33,32.1,2042.29,33,71656.22
2024-08-24,S03,Delhi,North,Clothing,1870.63,0,0,0,7600.22,30.3,1700.9,32,59860.09
2024-08-24,S03,Delhi,North,Electronics,15362.73,0,0,0,4416.27,31.0,14423.15,36,553058.15
2024-08-24,S03,Delhi,North,Grocery,459.01,0,0,0,5385.35,29.0,435.64,46,21114.31
2024-08-24,S03,Delhi,North,Home & Kitchen,2105.92,0,0,0,5561.57,30.9,2493.58,52,109508.09
2024-08-24,S04,Bengaluru,South,Clothing,1783.74,0,0,0,6089.05,28.4,1821.09,49,87403.19
2024-08-24,S04,Bengaluru,South,Electronics,12929.74,15,1,0,2336.34,30.0,16042.75,31,400821.83
2024-08-24,S04,Bengaluru,South,Grocery,435.6,0,0,0,3461.66,30.6,418.11,54,23522.61
2024-08-24,S04,Bengaluru,South,Home & Kitchen,2182.45,0,0,0,5007.98,,2139.47,36,78568.09
2024-08-25,S01,Mumbai,West,Clothing,1786.64,0,0,0,,33.0,1664.59,57,101838.69
2024-08-25,S01,Mumbai,West,Electronics,15004.65,0,0,0,6787.08,28.6,14967.99,35,525162.79
2024-08-25,S01,Mumbai,West,Grocery,448.78,0,0,0,7099.99,32.6,462.55,74,33209.65
2024-08-25,S01,Mumbai,West,Home & Kitchen,2183.33,0,0,0,5572.05,34.0,2118.06,46,100433.24
2024-08-25,S02,Pune,West,Clothing,1521.86,15,1,0,7109.85,28.7,1752.39,51,77615.0
2024-08-25,S02,Pune,West,Electronics,15497.7,0,0,0,7527.11,31.5,14498.52,38,588912.78
2024-08-25,S02,Pune,West,Grocery,449.07,0,0,0,6413.92,,432.01,50,22453.63
2024-08-25,S02,Pune,West,Home & Kitchen,1644.03,25,1,0,3947.57,30.5,2342.28,57,93709.6
2024-08-25,S03,Delhi,North,Clothing,1711.61,10,1,0,8281.85,31.4,1714.51,58,99273.3
2024-08-25,S03,Delhi,North,Electronics,15935.86,0,0,0,5300.27,36.7,14730.71,28,446204.1
2024-08-25,S03,Delhi,North,Grocery,448.71,0,0,0,5302.52,33.7,431.4,61,27371.05
2024-08-25,S03,Delhi,North,Home & Kitchen,2301.22,0,0,0,4134.25,29.9,2118.46,26,59831.64
2024-08-25,S04,Bengaluru,South,Clothing,1791.46,0,0,0,4503.83,30.1,1830.03,41,73449.89
2024-08-25,S04,Bengaluru,South,Electronics,11767.6,20,1,0,6198.78,30.7,15799.96,61,717823.51
2024-08-25,S04,Bengaluru,South,Grocery,453.1,0,0,0,6557.72,28.3,461.92,51,23108.27
2024-08-25,S04,Bengaluru,South,Home & Kitchen,2223.65,0,0,0,3452.82,30.3,2310.57,30,66709.46
2024-08-26,S01,Mumbai,West,Clothing,1849.82,0,0,0,2191.74,26.1,1847.32,42,77692.25
2024-08-26,S01,Mumbai,West,Electronics,14816.32,0,0,0,3955.68,30.0,15309.67,28,414857.02
2024-08-26,S01,Mumbai,West,Grocery,475.43,0,0,0,5252.26,30.0,434.68,46,21869.69
2024-08-26,S01,Mumbai,West,Home & Kitchen,1975.93,5,1,0,7288.9,32.1,2389.71,38,75085.43
2024-08-26,S02,Pune,West,Clothing,1791.01,0,0,0,6723.85,29.0,1742.03,34,60894.25
2024-08-26,S02,Pune,West,Electronics,15711.75,0,0,0,2563.36,33.6,15869.6,23,361370.17
2024-08-26,S02,Pune,West,Grocery,345.8,20,1,0,6143.52,29.6,398.69,72,24897.84
2024-08-26,S02,Pune,West,Home & Kitchen,1845.64,15,1,0,3701.3,30.1,2078.45,32,59060.33
2024-08-26,S03,Delhi,North,Clothing,1710.33,0,0,0,,30.2,1885.05,45,76965.04
2024-08-26,S03,Delhi,North,Electronics,14969.81,0,0,0,6111.69,32.7,14827.33,23,344305.66
2024-08-26,S03,Delhi,North,Grocery,474.76,0,0,0,6797.59,32.3,442.36,44,20889.32
2024-08-26,S03,Delhi,North,Home & Kitchen,2241.59,0,0,0,4379.23,29.9,2259.11,33,73972.56
2024-08-26,S04,Bengaluru,South,Clothing,1795.34,0,0,0,5802.33,34.7,1705.99,33,59246.21
2024-08-26,S04,Bengaluru,South,Electronics,14639.73,0,0,0,6428.74,29.2,15574.17,29,424552.13
2024-08-26,S04,Bengaluru,South,Grocery,436.27,0,0,0,2158.12,34.1,459.79,33,14396.83
2024-08-26,S04,Bengaluru,South,Home & Kitchen,2087.29,0,0,0,6412.97,30.8,2188.49,25,52182.35
2024-08-27,S01,Mumbai,West,Clothing,1693.79,0,0,0,2980.21,29.3,1620.77,42,71139.09
2024-08-27,S01,Mumbai,West,Electronics,15177.67,0,0,0,5335.95,30.6,14455.39,43,652639.6
2024-08-27,S01,Mumbai,West,Grocery,434.33,0,0,0,8407.2,30.4,461.53,61,26494.0
2024-08-27,S01,Mumbai,West,Home & Kitchen,1917.31,10,1,0,5024.28,27.8,2058.81,38,72857.8
2024-08-27,S02,Pune,West,Clothing,1767.56,0,0,0,8260.16,30.0,1777.14,28,49491.63
2024-08-27,S02,Pune,West,Electronics,15072.91,0,0,0,4897.42,29.8,13865.21,25,376822.86
2024-08-27,S02,Pune,West,Grocery,444.66,0,0,0,2476.33,32.9,483.31,48,21343.78
2024-08-27,S02,Pune,West,Home & Kitchen,2323.36,0,0,0,3439.02,33.0,2362.72,27,62730.63
2024-08-27,S03,Delhi,North,Clothing,1405.07,20,1,0,7946.55,33.7,1815.11,61,85709.1
2024-08-27,S03,Delhi,North,Electronics,13238.83,10,1,0,7839.01,29.4,14908.87,41,542792.09
2024-08-27,S03,Delhi,North,Grocery,432.98,0,0,0,5305.57,32.9,439.36,51,22081.85
2024-08-27,S03,Delhi,North,Home & Kitchen,2193.33,0,0,0,7991.95,33.1,2185.98,28,61413.37
2024-08-27,S04,Bengaluru,South,Clothing,1813.03,0,0,0,4254.22,27.6,1699.92,33,59830.11
2024-08-27,S04,Bengaluru,South,Electronics,14589.85,0,0,0,6386.94,31.3,14060.0,28,408515.89
2024-08-27,S04,Bengaluru,South,Grocery,361.03,20,1,0,5900.29,30.1,440.48,74,26716.28
2024-08-27,S04,Bengaluru,South,Home & Kitchen,2240.88,0,0,0,7273.43,32.1,2174.67,29,64985.44
2024-08-28,S01,Mumbai,West,Clothing,1786.91,0,0,0,4615.21,30.7,1706.74,37,66115.56
2024-08-28,S01,Mumbai,West,Electronics,14453.4,0,0,0,5003.0,,15277.28,33,476962.18
2024-08-28,S01,Mumbai,West,Grocery,458.78,0,0,0,4596.29,32.1,445.17,46,21103.73
2024-08-28,S01,Mumbai,West,Home & Kitchen,2151.35,0,0,0,7801.84,31.5,2156.03,34,73145.87
2024-08-28,S02,Pune,West,Clothing,1778.0,0,0,0,8921.04,29.8,1713.25,42,74675.88
2024-08-28,S02,Pune,West,Electronics,14563.5,0,0,0,5296.98,31.1,15312.0,21,305833.58
2024-08-28,S02,Pune,West,Grocery,370.38,20,1,0,7113.9,32.6,421.74,55,20370.73
2024-08-28,S02,Pune,West,Home & Kitchen,2104.58,0,0,0,6569.79,29.9,2304.81,30,63137.45
2024-08-28,S03,Delhi,North,Clothing,1813.55,0,0,0,3398.29,30.4,1801.38,31,56219.92
2024-08-28,S03,Delhi,North,Electronics,15620.46,0,0,0,3147.64,30.4,15722.78,25,390511.41
2024-08-28,S03,Delhi,North,Grocery,439.31,0,0,0,5585.43,30.2,451.28,48,21087.05
2024-08-28,S03,Delhi,North,Home & Kitchen,1738.55,20,1,0,8685.09,30.2,2167.2,46,79973.23
2024-08-28,S04,Bengaluru,South,Clothing,1754.52,0,0,0,1850.2,32.3,1653.89,18,31581.42
2024-08-28,S04,Bengaluru,South,Electronics,13301.87,10,1,0,7016.75,29.3,15138.77,33,438961.63
2024-08-28,S04,Bengaluru,South,Grocery,455.36,0,0,0,6294.3,37.1,446.5,38,17303.78
2024-08-28,S04,Bengaluru,South,Home & Kitchen,2179.32,0,0,0,4144.51,29.6,2217.75,27,58841.76
2024-08-29,S01,Mumbai,West,Clothing,1774.32,0,0,0,4895.86,32.4,1748.23,55,97587.73
2024-08-29,S01,Mumbai,West,Electronics,15321.35,0,0,0,5422.93,32.1,15501.31,31,474961.89
2024-08-29,S01,Mumbai,West,Grocery,465.63,0,0,0,5385.56,30.5,460.79,28,13037.69
2024-08-29,S01,Mumbai,West,Home & Kitchen,1957.26,15,1,0,8404.03,31.7,2211.84,56,109606.39
2024-08-29,S02,Pune,West,Clothing,1829.71,0,0,0,6097.51,33.1,1605.85,35,64039.73
2024-08-29,S02,Pune,West,Electronics,14603.47,0,0,0,5072.43,30.1,15290.63,21,306672.78
2024-08-29,S02,Pune,West,Grocery,463.24,0,0,0,2626.95,29.0,441.99,34,15750.19
2024-08-29,S02,Pune,West,Home & Kitchen,2206.18,0,0,0,5975.58,30.2,2224.35,30,66185.41
2024-08-29,S03,Delhi,North,Clothing,1530.22,15,1,0,5638.29,28.9,1839.26,62,94873.76
2024-08-29,S03,Delhi,North,Electronics,10966.8,25,1,0,6728.72,30.2,15876.63,57,625107.44
2024-08-29,S03,Delhi,North,Grocery,441.77,5,1,0,6166.13,29.3,467.77,53,23413.95
2024-08-29,S03,Delhi,North,Home & Kitchen,2279.09,0,0,0,4433.34,33.7,2201.78,27,61535.47
2024-08-29,S04,Bengaluru,South,Clothing,1292.53,25,1,0,9317.56,31.6,1903.73,69,89184.63
2024-08-29,S04,Bengaluru,South,Electronics,15926.32,0,0,0,4872.16,31.9,14670.83,33,525568.46
2024-08-29,S04,Bengaluru,South,Grocery,458.91,0,0,0,3456.25,31.0,487.41,49,22486.37
2024-08-29,S04,Bengaluru,South,Home & Kitchen,2097.75,0,0,0,5854.93,31.7,2217.48,29,60834.8
2024-08-30,S01,Mumbai,West,Clothing,1851.62,0,0,0,3810.42,29.9,1872.2,35,64806.55
2024-08-30,S01,Mumbai,West,Electronics,12297.21,15,1,0,4742.38,30.0,14497.74,43,528780.12
2024-08-30,S01,Mumbai,West,Grocery,397.16,5,1,0,9429.27,33.2,418.27,54,21446.75
2024-08-30,S01,Mumbai,West,Home & Kitchen,2246.69,0,0,0,6265.93,31.0,2172.35,30,67400.74
2024-08-30,S02,Pune,West,Clothing,1551.16,10,1,0,5172.27,31.5,1706.16,38,58944.12
2024-08-30,S02,Pune,West,Electronics,15620.81,0,0,0,4403.17,29.7,15655.06,15,234312.1
2024-08-30,S02,Pune,West,Grocery,414.34,10,1,0,7247.98,29.3,447.1,57,23617.36
2024-08-30,S02,Pune,West,Home & Kitchen,2220.66,0,0,0,8686.22,29.7,2324.89,29,64399.05
2024-08-30,S03,Delhi,North,Clothing,1775.72,0,0,0,6250.36,29.0,1704.69,42,74580.4
2024-08-30,S03,Delhi,North,Electronics,15851.6,0,0,0,5219.99,31.2,14805.49,30,475547.96
2024-08-30,S03,Delhi,North,Grocery,443.01,0,0,0,,29.9,478.7,46,20378.53
2024-08-30,S03,Delhi,North,Home & Kitchen,2148.2,0,0,0,3831.74,29.7,2245.18,28,60149.73
2024-08-30,S04,Bengaluru,South,Clothing,1852.19,0,0,0,3741.13,35.1,1906.6,42,77791.88
2024-08-30,S04,Bengaluru,South,Electronics,14593.31,0,0,0,500.0,,14961.52,17,248086.22
2024-08-30,S04,Bengaluru,South,Grocery,459.09,0,0,0,2992.31,33.4,474.14,41,18822.64
2024-08-30,S04,Bengaluru,South,Home & Kitchen,2244.85,0,0,0,5450.15,33.0,2100.87,28,62855.74
2024-08-31,S01,Mumbai,West,Clothing,1836.33,0,0,0,5118.39,29.3,1916.59,47,86307.47
2024-08-31,S01,Mumbai,West,Electronics,15739.23,0,0,0,4866.02,32.9,15038.87,32,503655.37
2024-08-31,S01,Mumbai,West,Grocery,455.54,0,0,0,2729.12,29.1,467.85,64,29154.43
2024-08-31,S01,Mumbai,West,Home & Kitchen,2177.05,0,0,0,6247.73,29.8,2115.97,40,87081.98
2024-08-31,S02,Pune,West,Clothing,1804.36,0,0,0,5092.75,29.9,1795.59,36,64956.95
2024-08-31,S02,Pune,West,Electronics,14162.13,0,0,0,4197.93,31.3,16119.74,29,410701.64
2024-08-31,S02,Pune,West,Grocery,416.67,10,1,0,5144.86,27.8,439.41,45,18750.09
2024-08-31,S02,Pune,West,Home & Kitchen,2125.55,0,0,0,4037.06,29.4,2096.11,27,57389.86
2024-08-31,S03,Delhi,North,Clothing,1753.77,0,0,0,7294.68,30.0,1832.71,51,89442.04
2024-08-31,S03,Delhi,North,Electronics,13312.26,10,1,0,6545.03,27.9,14551.39,42,559114.88
2024-08-31,S03,Delhi,North,Grocery,439.9,0,0,0,5617.28,27.9,467.79,68,29913.12
2024-08-31,S03,Delhi,North,Home & Kitchen,2016.2,5,1,0,3132.3,31.0,2201.06,49,98793.88
2024-08-31,S04,Bengaluru,South,Clothing,1829.1,0,0,0,4202.82,31.5,1654.33,41,74993.01
2024-08-31,S04,Bengaluru,South,Electronics,15276.2,0,0,0,8084.39,30.9,15064.48,39,595771.89
2024-08-31,S04,Bengaluru,South,Grocery,431.81,5,1,0,5903.69,31.0,471.05,50,21590.42
2024-08-31,S04,Bengaluru,South,Home & Kitchen,2158.93,0,0,0,4430.34,27.3,2203.58,40,86357.35
2024-09-01,S01,Mumbai,West,Clothing,1834.68,0,0,0,4349.25,29.5,1899.25,40,73387.26
2024-09-01,S01,Mumbai,West,Electronics,14227.91,0,0,0,2602.92,28.6,14532.3,30,426837.26
2024-09-01,S01,Mumbai,West,Grocery,458.15,0,0,0,2543.37,25.7,454.64,54,24739.89
2024-09-01,S01,Mumbai,West,Home & Kitchen,2231.08,0,0,0,5045.15,27.3,2000.71,38,84780.94
2024-09-01,S02,Pune,West,Clothing,1851.6,0,0,0,7359.88,30.2,1786.67,45,83322.07
2024-09-01,S02,Pune,West,Electronics,15677.14,0,0,0,7295.02,26.7,14389.78,19,297865.67
2024-09-01,S02,Pune,West,Grocery,463.14,0,0,0,5130.36,28.4,460.45,43,19915.1
2024-09-01,S02,Pune,West,Home & Kitchen,2374.45,0,0,0,6994.75,26.6,2115.82,34,80731.31
2024-09-01,S03,Delhi,North,Clothing,1746.12,0,0,0,3872.85,29.4,1838.41,41,71591.04
2024-09-01,S03,Delhi,North,Electronics,14717.88,0,0,0,5089.45,28.6,14903.69,32,470972.27
2024-09-01,S03,Delhi,North,Grocery,442.42,0,0,0,5378.24,27.3,428.79,74,32739.11
2024-09-01,S03,Delhi,North,Home & Kitchen,2116.64,0,0,0,8234.86,28.6,2230.29,42,88898.72
2024-09-01,S04,Bengaluru,South,Clothing,1760.99,0,0,0,4106.7,28.0,1728.19,29,51068.7
2024-09-01,S04,Bengaluru,South,Electronics,11918.29,20,1,0,7101.73,26.9,13713.88,51,607832.59
2024-09-01,S04,Bengaluru,South,Grocery,435.4,0,0,0,7477.64,28.6,428.95,52,22640.6
2024-09-01,S04,Bengaluru,South,Home & Kitchen,2196.48,0,0,0,6781.17,28.4,2347.38,35,76876.87
2024-09-02,S01,Mumbai,West,Clothing,1883.24,0,0,0,6635.86,27.1,1786.21,38,71562.97
2024-09-02,S01,Mumbai,West,Electronics,14508.35,0,0,0,5202.69,26.6,14605.12,25,362708.76
2024-09-02,S01,Mumbai,West,Grocery,446.39,0,0,0,3806.74,28.6,453.42,39,17409.25
2024-09-02,S01,Mumbai,West,Home & Kitchen,1962.13,5,1,0,8054.47,26.7,2123.93,44,86333.54
2024-09-02,S02,Pune,West,Clothing,1795.42,0,0,0,3660.16,28.9,1849.69,26,46681.0
2024-09-02,S02,Pune,West,Electronics,14645.56,0,0,0,4893.92,26.4,15390.58,11,161101.21
2024-09-02,S02,Pune,West,Grocery,441.31,0,0,0,4962.64,29.4,433.33,35,15445.92
2024-09-02,S02,Pune,West,Home & Kitchen,2138.58,0,0,0,5740.33,31.5,2301.46,32,68434.65
2024-09-02,S03,Delhi,North,Clothing,1527.53,20,1,0,5950.83,29.8,1707.87,46,70266.37
2024-09-02,S03,Delhi,North,Electronics,16064.65,0,0,0,7569.31,23.8,14329.75,29,465874.86
2024-09-02,S03,Delhi,North,Grocery,476.08,0,0,0,4429.95,26.6,447.55,42,19995.34
2024-09-02,S03,Delhi,North,Home & Kitchen,2214.56,0,0,0,6536.44,30.4,2191.16,30,66436.9
2024-09-02,S04,Bengaluru,South,Clothing,1661.36,10,1,0,9327.65,28.0,1728.64,42,69777.33
2024-09-02,S04,Bengaluru,South,Electronics,14488.79,0,0,0,3677.35,29.0,14787.1,25,362219.82
2024-09-02,S04,Bengaluru,South,Grocery,438.29,0,0,0,7555.35,27.2,461.15,48,21038.07
2024-09-02,S04,Bengaluru,South,Home & Kitchen,1666.19,25,1,0,5555.96,30.9,2071.94,39,64981.25
2024-09-03,S01,Mumbai,West,Clothing,1780.12,0,0,0,4757.56,29.1,1581.54,29,51623.58
2024-09-03,S01,Mumbai,West,Electronics,15187.82,0,0,0,5675.03,26.3,14156.3,30,455634.51
2024-09-03,S01,Mumbai,West,Grocery,441.27,0,0,0,6220.06,28.8,493.88,68,30006.57
2024-09-03,S01,Mumbai,West,Home & Kitchen,1838.31,15,1,0,8827.36,25.7,2094.47,46,84562.2
2024-09-03,S02,Pune,West,Clothing,1856.93,0,0,0,7171.49,25.3,1875.8,23,42709.35
2024-09-03,S02,Pune,West,Electronics,15865.53,0,0,0,8656.92,24.8,13975.07,28,444234.71
2024-09-03,S02,Pune,West,Grocery,386.4,15,1,0,5733.37,27.1,458.59,71,27434.14
2024-09-03,S02,Pune,West,Home & Kitchen,2202.21,0,0,0,4165.42,30.0,2096.62,20,44044.25
2024-09-03,S03,Delhi,North,Clothing,1722.94,0,0,0,5004.56,25.6,1853.7,34,58580.05
2024-09-03,S03,Delhi,North,Electronics,15163.36,0,0,0,3663.74,24.7,,22,333593.89
2024-09-03,S03,Delhi,North,Grocery,477.6,0,0,0,1175.68,27.8,452.36,29,13850.45
2024-09-03,S03,Delhi,North,Home & Kitchen,2153.63,0,0,0,6869.65,29.9,2096.93,29,62455.37
2024-09-03,S04,Bengaluru,South,Clothing,1744.65,0,0,0,5774.59,27.9,1881.83,27,47105.63
2024-09-03,S04,Bengaluru,South,Electronics,15356.15,0,0,0,4514.2,30.1,15095.3,23,353191.39
2024-09-03,S04,Bengaluru,South,Grocery,438.23,0,0,0,6761.51,24.4,468.38,51,22349.88
2024-09-03,S04,Bengaluru,South,Home & Kitchen,2195.46,0,0,0,3413.09,28.8,2251.91,22,48300.23
2024-09-04,S01,Mumbai,West,Clothing,1872.09,0,0,0,6044.5,25.8,1835.18,42,78627.96
2024-09-04,S01,Mumbai,West,Electronics,15748.9,0,0,0,4658.87,24.7,15949.33,38,598458.39
2024-09-04,S01,Mumbai,West,Grocery,442.03,0,0,0,2585.22,26.3,441.39,41,18123.07
2024-09-04,S01,Mumbai,West,Home & Kitchen,2226.47,0,0,0,6212.04,30.7,2384.71,25,55661.64
2024-09-04,S02,Pune,West,Clothing,1778.77,5,1,0,5694.14,21.5,1759.54,34,60478.27
2024-09-04,S02,Pune,West,Electronics,11226.17,25,1,0,6950.89,28.1,13966.56,25,280654.3
2024-09-04,S02,Pune,West,Grocery,464.67,0,0,0,5314.29,27.5,,39,18122.19
2024-09-04,S02,Pune,West,Home & Kitchen,2311.15,0,0,0,4779.99,28.5,2054.16,17,39289.48
2024-09-04,S03,Delhi,North,Clothing,1372.72,20,1,0,5834.05,26.4,1821.21,55,75499.36
2024-09-04,S03,Delhi,North,Electronics,15729.88,0,0,0,3574.99,32.0,14290.41,24,377517.23
2024-09-04,S03,Delhi,North,Grocery,409.98,10,1,0,7119.74,28.1,456.91,45,18449.02
2024-09-04,S03,Delhi,North,Home & Kitchen,2273.21,0,0,0,4184.92,28.6,2290.81,21,47737.46
2024-09-04,S04,Bengaluru,South,Clothing,1811.16,0,0,0,6000.48,29.4,1807.79,30,54334.86
2024-09-04,S04,Bengaluru,South,Electronics,14773.45,0,0,0,5390.95,26.5,15694.03,31,457977.08
2024-09-04,S04,Bengaluru,South,Grocery,449.12,0,0,0,3503.54,31.3,469.47,46,20659.58
2024-09-04,S04,Bengaluru,South,Home & Kitchen,1978.06,10,1,0,5322.87,26.7,2312.2,48,94946.9
2024-09-05,S01,Mumbai,West,Clothing,1743.61,0,0,0,5304.82,25.3,1932.35,37,64513.68
2024-09-05,S01,Mumbai,West,Electronics,15141.77,0,0,0,2577.42,28.6,15799.26,19,287693.62
2024-09-05,S01,Mumbai,West,Grocery,445.56,0,0,0,5895.57,30.7,457.7,47,20941.52
2024-09-05,S01,Mumbai,West,Home & Kitchen,2210.91,0,0,0,4144.57,29.8,2449.12,21,46429.21
2024-09-05,S02,Pune,West,Clothing,1848.79,0,0,0,5340.69,25.3,1657.28,23,42522.25
2024-09-05,S02,Pune,West,Electronics,15325.16,0,0,0,4565.52,30.1,14566.25,20,306503.14
2024-09-05,S02,Pune,West,Grocery,431.38,0,0,0,5122.83,31.8,419.0,29,12509.9
2024-09-05,S02,Pune,West,Home & Kitchen,2175.25,0,0,0,4158.29,26.9,2164.66,22,47855.4
2024-09-05,S03,Delhi,North,Clothing,1735.84,0,0,0,3175.72,25.9,1823.61,36,62490.16
2024-09-05,S03,Delhi,North,Electronics,14988.2,0,0,0,3768.54,27.3,16595.42,35,524586.91
2024-09-05,S03,Delhi,North,Grocery,452.66,0,0,0,3709.47,28.2,461.01,42,19011.53
2024-09-05,S03,Delhi,North,Home & Kitchen,2206.25,0,0,0,4086.16,28.1,2312.94,24,52950.08
2024-09-05,S04,Bengaluru,South,Clothing,1811.83,0,0,0,6500.79,26.9,1938.81,25,45295.69
2024-09-05,S04,Bengaluru,South,Electronics,14799.17,0,0,0,5712.79,28.2,14412.27,30,443975.03
2024-09-05,S04,Bengaluru,South,Grocery,464.73,0,0,0,5006.18,26.8,418.57,35,16265.44
2024-09-05,S04,Bengaluru,South,Home & Kitchen,2238.86,0,0,0,4750.63,,2196.85,17,38060.7
2024-09-06,S01,Mumbai,West,Clothing,1741.63,0,0,0,2896.89,29.5,1911.04,37,64440.41
2024-09-06,S01,Mumbai,West,Electronics,15253.29,0,0,0,6482.8,27.3,15403.08,40,610131.44
2024-09-06,S01,Mumbai,West,Grocery,445.92,0,0,0,5790.06,31.8,,47,20958.32
2024-09-06,S01,Mumbai,West,Home & Kitchen,2164.4,0,0,0,4940.48,27.4,2194.41,29,62767.67
2024-09-06,S02,Pune,West,Clothing,1770.99,0,0,0,3788.47,29.2,1836.29,26,46045.69
2024-09-06,S02,Pune,West,Electronics,16073.27,0,0,0,5829.02,29.4,15307.0,20,321465.42
2024-09-06,S02,Pune,West,Grocery,409.73,5,1,0,9365.51,,455.31,50,20486.66
2024-09-06,S02,Pune,West,Home & Kitchen,2209.48,0,0,0,5388.09,26.9,2102.96,23,50818.03
2024-09-06,S03,Delhi,North,Clothing,1810.38,0,0,0,5751.1,27.4,1949.96,28,50690.62
2024-09-06,S03,Delhi,North,Electronics,14956.18,0,0,0,4564.7,30.9,15095.94,20,299123.69
2024-09-06,S03,Delhi,North,Grocery,460.58,0,0,0,3309.87,26.8,451.75,39,17962.49
2024-09-06,S03,Delhi,North,Home & Kitchen,1585.8,25,1,0,4341.3,26.2,2307.94,43,68189.29
2024-09-06,S04,Bengaluru,South,Clothing,1764.77,0,0,0,6185.53,34.0,1773.78,34,60002.16
2024-09-06,S04,Bengaluru,South,Electronics,15487.38,0,0,0,2915.33,28.6,14407.24,14,216823.26
2024-09-06,S04,Bengaluru,South,Grocery,440.59,0,0,0,8356.97,30.9,457.66,37,16301.65
2024-09-06,S04,Bengaluru,South,Home & Kitchen,2181.81,0,0,0,3966.79,27.0,2174.38,26,56727.19
2024-09-07,S01,Mumbai,West,Clothing,1840.65,0,0,0,4864.01,28.5,1841.67,45,82829.17
2024-09-07,S01,Mumbai,West,Electronics,15007.89,0,0,0,5546.79,23.3,16479.15,41,615323.56
2024-09-07,S01,Mumbai,West,Grocery,443.37,0,0,0,8021.59,26.7,454.46,78,34583.21
2024-09-07,S01,Mumbai,West,Home & Kitchen,1867.85,15,1,0,7032.61,28.7,2045.48,49,91524.69
2024-09-07,S02,Pune,West,Clothing,1798.09,0,0,0,3014.41,29.8,1799.12,26,46750.24
2024-09-07,S02,Pune,West,Electronics,14851.43,0,0,0,5163.4,31.0,16257.65,30,445543.0
2024-09-07,S02,Pune,West,Grocery,322.91,25,1,0,6403.11,30.7,426.29,75,24218.51
2024-09-07,S02,Pune,West,Home & Kitchen,2177.24,0,0,0,6480.05,27.3,2405.19,28,60962.86
2024-09-07,S03,Delhi,North,Clothing,1785.26,0,0,0,3086.59,29.9,1811.01,46,82121.78
2024-09-07,S03,Delhi,North,Electronics,13683.66,0,0,0,5439.98,26.4,14596.63,37,506295.44
2024-09-07,S03,Delhi,North,Grocery,455.3,0,0,0,3167.2,25.6,448.06,48,21854.33
2024-09-07,S03,Delhi,North,Home & Kitchen,2190.29,0,0,0,500.0,27.6,2274.18,31,67899.02
2024-09-07,S04,Bengaluru,South,Clothing,1460.66,20,1,0,6460.34,29.7,1679.42,60,87639.49
2024-09-07,S04,Bengaluru,South,Electronics,11905.64,20,1,0,4216.32,27.4,14357.48,52,619093.21
2024-09-07,S04,Bengaluru,South,Grocery,445.83,0,0,0,6354.73,32.2,457.45,65,28978.88
2024-09-07,S04,Bengaluru,South,Home & Kitchen,2267.51,0,0,0,4154.24,29.8,2201.18,31,70292.76
2024-09-08,S01,Mumbai,West,Clothing,1718.74,0,0,0,3146.56,29.8,1692.94,47,80780.97
2024-09-08,S01,Mumbai,West,Electronics,14538.12,0,0,0,3910.98,26.9,14858.07,29,421605.5
2024-09-08,S01,Mumbai,West,Grocery,445.35,0,0,0,6568.23,31.0,499.99,82,36518.67
2024-09-08,S01,Mumbai,West,Home & Kitchen,1777.85,20,1,0,7507.94,28.8,2281.18,53,94226.16
2024-09-08,S02,Pune,West,Clothing,1818.67,0,0,0,4581.75,24.7,1776.74,30,54560.15
2024-09-08,S02,Pune,West,Electronics,14843.88,0,0,0,7013.0,26.7,16394.21,32,475004.16
2024-09-08,S02,Pune,West,Grocery,425.9,0,0,0,5370.78,23.5,423.77,43,18313.49
2024-09-08,S02,Pune,West,Home & Kitchen,2196.48,0,0,0,4447.14,31.6,2285.29,38,83466.37
2024-09-08,S03,Delhi,North,Clothing,1822.34,0,0,0,6706.68,28.3,1716.89,37,67426.43
2024-09-08,S03,Delhi,North,Electronics,13909.74,10,1,0,5178.94,23.8,15529.4,43,598118.87
2024-09-08,S03,Delhi,North,Grocery,452.37,0,0,0,2061.46,25.1,470.49,41,18547.26
2024-09-08,S03,Delhi,North,Home & Kitchen,2141.47,0,0,0,3688.16,32.5,2114.65,30,64243.95
2024-09-08,S04,Bengaluru,South,Clothing,1729.0,0,0,0,5334.52,27.6,1733.73,35,60515.02
2024-09-08,S04,Bengaluru,South,Electronics,15100.75,0,0,0,5750.4,29.0,14761.39,44,664433.09
2024-09-08,S04,Bengaluru,South,Grocery,466.21,0,0,0,2679.26,26.7,475.19,47,21911.68
2024-09-08,S04,Bengaluru,South,Home & Kitchen,2275.7,0,0,0,3222.7,28.9,2097.73,29,65995.33
2024-09-09,S01,Mumbai,West,Clothing,1830.93,0,0,0,4837.82,26.9,1752.72,40,73237.17
2024-09-09,S01,Mumbai,West,Electronics,14779.44,0,0,0,4579.1,26.2,17273.82,24,354706.51
2024-09-09,S01,Mumbai,West,Grocery,466.08,0,0,0,5546.08,23.2,451.44,40,18643.03
2024-09-09,S01,Mumbai,West,Home & Kitchen,2089.41,5,1,0,5860.54,32.7,2092.08,31,64771.81
2024-09-09,S02,Pune,West,Clothing,1774.63,0,0,0,6954.52,29.3,1909.84,26,46140.47
2024-09-09,S02,Pune,West,Electronics,14687.32,0,0,0,3248.42,29.7,14733.83,24,352495.74
2024-09-09,S02,Pune,West,Grocery,435.81,0,0,0,3935.72,29.1,456.54,44,19175.82
2024-09-09,S02,Pune,West,Home & Kitchen,2271.38,0,0,0,6272.58,28.6,2136.64,21,47698.9
2024-09-09,S03,Delhi,North,Clothing,1761.84,0,0,0,7024.7,29.1,1811.73,44,77520.94
2024-09-09,S03,Delhi,North,Electronics,15173.37,0,0,0,6509.47,25.9,14075.96,28,424854.24
2024-09-09,S03,Delhi,North,Grocery,443.92,0,0,0,5692.57,28.4,447.01,45,19976.26
2024-09-09,S03,Delhi,North,Home & Kitchen,2197.26,0,0,0,5479.38,26.1,2095.12,28,61523.3
2024-09-09,S04,Bengaluru,South,Clothing,1797.68,0,0,0,7299.36,27.5,1718.08,34,61121.07
2024-09-09,S04,Bengaluru,South,Electronics,14987.5,0,0,0,4134.43,24.7,14154.24,22,329725.06
2024-09-09,S04,Bengaluru,South,Grocery,431.5,0,0,0,6208.19,26.3,,34,14671.0
2024-09-09,S04,Bengaluru,South,Home & Kitchen,2161.37,0,0,0,4518.67,31.8,,24,51872.98
2024-09-10,S01,Mumbai,West,Clothing,1805.47,0,0,0,3882.3,26.4,1974.04,40,72218.84
2024-09-10,S01,Mumbai,West,Electronics,10840.98,25,1,0,3298.8,31.2,14829.35,44,477003.14
2024-09-10,S01,Mumbai,West,Grocery,433.61,0,0,0,7038.7,,437.24,61,26449.92
2024-09-10,S01,Mumbai,West,Home & Kitchen,2256.83,0,0,0,4149.79,29.7,2139.59,33,74475.27
2024-09-10,S02,Pune,West,Clothing,1772.83,0,0,0,3947.06,29.2,1840.55,37,65594.79
2024-09-10,S02,Pune,West,Electronics,14549.2,0,0,0,2298.22,25.8,15229.15,29,421926.73
2024-09-10,S02,Pune,West,Grocery,442.91,0,0,0,5571.34,28.5,440.81,35,15501.72
2024-09-10,S02,Pune,West,Home & Kitchen,2172.18,0,0,0,6906.85,29.5,2089.85,24,52132.23
2024-09-10,S03,Delhi,North,Clothing,1804.76,0,0,0,4042.25,29.5,1801.19,35,63166.46
2024-09-10,S03,Delhi,North,Electronics,14949.69,0,0,0,4994.75,33.4,14466.33,24,358792.53
2024-09-10,S03,Delhi,North,Grocery,441.69,0,0,0,8534.03,28.3,471.53,39,17225.85
2024-09-10,S03,Delhi,North,Home & Kitchen,2277.27,0,0,0,5372.59,26.9,2300.75,27,61486.31
2024-09-10,S04,Bengaluru,South,Clothing,1797.86,0,0,0,3234.37,27.9,1894.65,29,52138.02
2024-09-10,S04,Bengaluru,South,Electronics,14957.73,0,0,0,2332.08,28.7,15995.16,25,373943.18
2024-09-10,S04,Bengaluru,South,Grocery,470.53,0,0,0,3898.38,26.8,424.04,36,16939.2
2024-09-10,S04,Bengaluru,South,Home & Kitchen,2163.03,0,0,0,5258.16,27.8,2387.73,37,80032.1
2024-09-11,S01,Mumbai,West,Clothing,1857.88,0,0,0,5572.94,30.7,1672.49,28,52020.64
2024-09-11,S01,Mumbai,West,Electronics,13703.35,5,1,0,,24.6,15191.4,28,383693.84
2024-09-11,S01,Mumbai,West,Grocery,426.39,0,0,0,5808.36,26.3,492.1,64,27288.81
2024-09-11,S01,Mumbai,West,Home & Kitchen,2221.03,0,0,0,7376.31,29.7,2130.83,28,62188.96
2024-09-11,S02,Pune,West,Clothing,1769.58,0,0,0,7418.78,30.8,1811.06,35,61935.34
2024-09-11,S02,Pune,West,Electronics,14851.58,0,0,0,5541.47,29.4,15707.25,15,222773.69
2024-09-11,S02,Pune,West,Grocery,470.42,0,0,0,3464.61,25.5,458.39,33,15523.73
2024-09-11,S02,Pune,West,Home & Kitchen,2024.81,0,0,0,7240.88,28.4,2237.25,32,64793.79
2024-09-11,S03,Delhi,North,Clothing,1804.58,0,0,0,3096.36,26.8,1700.21,36,64964.78
2024-09-11,S03,Delhi,North,Electronics,11449.77,25,1,0,5826.52,25.2,15317.84,46,526689.34
2024-09-11,S03,Delhi,North,Grocery,456.7,0,0,0,4130.16,25.2,468.3,55,25118.39
2024-09-11,S03,Delhi,North,Home & Kitchen,2194.92,0,0,0,4075.76,25.2,2067.54,22,48288.19
2024-09-11,S04,Bengaluru,South,Clothing,1739.51,0,0,0,3725.84,27.9,1973.04,42,73059.51
2024-09-11,S04,Bengaluru,South,Electronics,14406.16,0,0,0,3812.87,31.6,15581.93,35,504215.64
2024-09-11,S04,Bengaluru,South,Grocery,435.48,5,1,0,5483.6,24.2,428.66,47,20467.49
2024-09-11,S04,Bengaluru,South,Home & Kitchen,1793.03,20,1,0,4322.85,28.9,2186.07,35,62756.16
2024-09-12,S01,Mumbai,West,Clothing,1796.79,0,0,0,2986.47,25.0,1696.69,32,57497.28
2024-09-12,S01,Mumbai,West,Electronics,15180.79,0,0,0,4193.28,25.1,14701.67,33,500965.97
2024-09-12,S01,Mumbai,West,Grocery,466.29,0,0,0,4309.89,30.0,443.08,38,17719.08
2024-09-12,S01,Mumbai,West,Home & Kitchen,2233.74,0,0,0,3391.52,28.1,2144.94,27,60311.03
2024-09-12,S02,Pune,West,Clothing,1937.35,0,0,0,4140.69,29.9,1814.75,30,58120.57
2024-09-12,S02,Pune,West,Electronics,13275.29,10,1,0,7504.25,31.3,15574.04,24,318606.95
2024-09-12,S02,Pune,West,Grocery,333.07,25,1,0,8070.23,25.9,458.59,55,18318.88
2024-09-12,S02,Pune,West,Home & Kitchen,2197.83,0,0,0,3240.58,26.2,2330.63,23,50549.98
2024-09-12,S03,Delhi,North,Clothing,1885.04,0,0,0,4951.7,25.4,1617.84,30,56551.14
2024-09-12,S03,Delhi,North,Electronics,15017.23,0,0,0,3004.64,31.6,15101.53,20,300344.6
2024-09-12,S03,Delhi,North,Grocery,451.88,0,0,0,6231.51,30.9,482.69,37,16719.49
2024-09-12,S03,Delhi,North,Home & Kitchen,2052.83,5,1,0,7178.38,26.5,2124.61,33,67743.47
2024-09-12,S04,Bengaluru,South,Clothing,1833.53,0,0,0,6024.98,29.2,1844.13,50,91676.39
2024-09-12,S04,Bengaluru,South,Electronics,15386.07,0,0,0,4981.54,29.1,17036.29,23,353879.64
2024-09-12,S04,Bengaluru,South,Grocery,440.54,0,0,0,6121.19,28.7,458.17,57,25111.04
2024-09-12,S04,Bengaluru,South,Home & Kitchen,2310.52,0,0,0,3329.09,27.3,2201.55,25,57762.98
2024-09-13,S01,Mumbai,West,Clothing,1803.03,0,0,0,5022.05,30.5,1884.83,36,64908.96
2024-09-13,S01,Mumbai,West,Electronics,14494.57,0,0,0,6842.63,30.2,15279.24,34,492815.38
2024-09-13,S01,Mumbai,West,Grocery,447.41,0,0,0,3283.09,26.1,413.88,60,26844.47
2024-09-13,S01,Mumbai,West,Home & Kitchen,2313.09,0,0,0,3588.0,27.1,2160.98,25,57827.37
2024-09-13,S02,Pune,West,Clothing,1517.56,15,1,0,4077.19,30.7,1876.47,46,69807.62
2024-09-13,S02,Pune,West,Electronics,14437.38,0,0,0,5428.86,29.0,14872.91,22,317622.46
2024-09-13,S02,Pune,West,Grocery,429.53,0,0,0,2773.48,,417.87,41,17610.69
2024-09-13,S02,Pune,West,Home & Kitchen,2204.15,0,0,0,4926.27,28.2,2232.0,26,57307.97
2024-09-13,S03,Delhi,North,Clothing,1896.07,0,0,0,4220.11,26.8,1794.14,35,66362.32
2024-09-13,S03,Delhi,North,Electronics,14575.47,0,0,0,7731.64,28.7,15786.57,23,335235.88
2024-09-13,S03,Delhi,North,Grocery,352.37,25,1,0,5831.5,29.7,454.9,77,27132.38
2024-09-13,S03,Delhi,North,Home & Kitchen,2010.67,10,1,0,4786.52,25.6,2436.07,39,78416.07
2024-09-13,S04,Bengaluru,South,Clothing,1860.01,0,0,0,5546.7,28.6,1737.27,36,66960.29
2024-09-13,S04,Bengaluru,South,Electronics,15099.89,0,0,0,2541.51,28.1,14601.44,22,332197.68
2024-09-13,S04,Bengaluru,South,Grocery,445.4,0,0,0,4457.86,30.6,476.14,31,13807.26
2024-09-13,S04,Bengaluru,South,Home & Kitchen,2272.42,0,0,0,3434.81,28.2,2097.34,29,65900.13
2024-09-14,S01,Mumbai,West,Clothing,1827.5,0,0,0,5858.62,30.6,1761.2,40,73100.01
2024-09-14,S01,Mumbai,West,Electronics,15143.8,0,0,0,4040.74,30.7,15626.71,32,484601.58
2024-09-14,S01,Mumbai,West,Grocery,444.76,0,0,0,4145.95,27.9,433.33,45,20014.15
2024-09-14,S01,Mumbai,West,Home & Kitchen,2254.62,0,0,0,3009.31,30.8,2055.51,39,87930.0
2024-09-14,S02,Pune,West,Clothing,1486.17,20,1,0,6456.55,29.0,1737.94,65,96600.84
2024-09-14,S02,Pune,West,Electronics,14905.28,0,0,0,6008.71,31.3,15057.08,18,268295.1
2024-09-14,S02,Pune,West,Grocery,452.24,0,0,0,3734.51,25.3,466.66,46,20803.2
2024-09-14,S02,Pune,West,Home & Kitchen,2212.9,0,0,0,6064.15,25.8,2095.39,32,70812.76
2024-09-14,S03,Delhi,North,Clothing,1791.85,0,0,0,4685.48,29.6,1884.88,46,82425.05
2024-09-14,S03,Delhi,North,Electronics,15163.19,0,0,0,4928.82,28.2,,25,379079.68
2024-09-14,S03,Delhi,North,Grocery,446.5,0,0,0,5413.61,26.0,482.48,63,28129.72
2024-09-14,S03,Delhi,North,Home & Kitchen,2176.49,0,0,0,6151.57,25.5,2255.87,35,76177.15
2024-09-14,S04,Bengaluru,South,Clothing,1706.2,5,1,0,5436.98,30.9,1823.09,48,81897.79
2024-09-14,S04,Bengaluru,South,Electronics,15366.2,0,0,0,7452.41,25.6,15645.36,26,399521.29
2024-09-14,S04,Bengaluru,South,Grocery,472.92,0,0,0,4223.36,26.1,441.76,52,24591.64
2024-09-14,S04,Bengaluru,South,Home & Kitchen,2140.72,0,0,0,4758.54,26.3,2244.54,25,53517.92
2024-09-15,S01,Mumbai,West,Clothing,1764.22,0,0,0,6361.39,29.7,1693.64,35,61747.59
2024-09-15,S01,Mumbai,West,Electronics,14414.18,0,0,0,5960.32,26.5,14914.56,38,547738.83
2024-09-15,S01,Mumbai,West,Grocery,448.5,0,0,0,4939.89,26.4,421.95,57,25564.42
2024-09-15,S01,Mumbai,West,Home & Kitchen,2314.9,0,0,0,3584.67,29.3,2122.78,38,87966.32
2024-09-15,S02,Pune,West,Clothing,1753.05,0,0,0,6018.61,28.9,1720.78,32,56097.67
2024-09-15,S02,Pune,West,Electronics,12161.92,20,1,0,6945.79,26.8,14917.36,45,547286.54
2024-09-15,S02,Pune,West,Grocery,447.45,0,0,0,2556.3,26.4,456.41,37,16555.61
2024-09-15,S02,Pune,West,Home & Kitchen,2078.51,5,1,0,4043.88,30.4,2041.96,35,72747.74
2024-09-15,S03,Delhi,North,Clothing,1476.93,20,1,0,6164.81,,1885.73,63,93046.79
2024-09-15,S03,Delhi,North,Electronics,12677.06,15,1,0,8946.79,26.5,15613.59,38,481728.24
2024-09-15,S03,Delhi,North,Grocery,437.51,0,0,0,,28.5,443.17,51,22313.01
2024-09-15,S03,Delhi,North,Home & Kitchen,1791.89,20,1,0,7358.71,28.6,2217.54,58,103929.71
2024-09-15,S04,Bengaluru,South,Clothing,1803.76,0,0,0,8616.56,26.1,1653.14,43,77561.53
2024-09-15,S04,Bengaluru,South,Electronics,15051.9,0,0,0,6782.21,27.3,14089.87,42,632179.63
2024-09-15,S04,Bengaluru,South,Grocery,443.25,0,0,0,6620.68,28.9,456.59,49,21719.11
2024-09-15,S04,Bengaluru,South,Home & Kitchen,2180.76,0,0,0,4191.41,30.6,2083.96,27,58880.49
2024-09-16,S01,Mumbai,West,Clothing,1673.77,5,1,0,4624.5,26.6,1937.52,45,75319.72
2024-09-16,S01,Mumbai,West,Electronics,15133.37,0,0,0,4192.53,26.7,16332.54,29,438867.8
2024-09-16,S01,Mumbai,West,Grocery,430.18,5,1,0,6315.03,27.6,409.5,50,21509.2
2024-09-16,S01,Mumbai,West,Home & Kitchen,1724.52,20,1,0,8245.22,26.3,2312.19,50,86226.15
2024-09-16,S02,Pune,West,Clothing,1891.9,0,0,0,5282.13,27.3,1778.93,20,37837.92
2024-09-16,S02,Pune,West,Electronics,14596.84,0,0,0,2779.4,27.7,14843.72,14,204355.8
2024-09-16,S02,Pune,West,Grocery,439.44,0,0,0,5629.47,27.1,436.8,41,18017.09
2024-09-16,S02,Pune,West,Home & Kitchen,2143.07,0,0,0,3035.64,26.5,2158.41,22,47147.59
2024-09-16,S03,Delhi,North,Clothing,1808.77,0,0,0,3604.62,28.2,1825.43,39,70541.95
2024-09-16,S03,Delhi,North,Electronics,15333.48,0,0,0,4066.6,26.2,14592.48,22,337336.45
2024-09-16,S03,Delhi,North,Grocery,430.28,0,0,0,6173.47,27.7,457.78,40,17211.0
2024-09-16,S03,Delhi,North,Home & Kitchen,2226.14,0,0,0,6228.74,29.5,1996.29,24,53427.47
2024-09-16,S04,Bengaluru,South,Clothing,1516.57,15,1,0,3923.6,27.9,1781.95,32,48530.25
2024-09-16,S04,Bengaluru,South,Electronics,15475.26,0,0,0,6374.69,28.6,16102.16,23,355930.98
2024-09-16,S04,Bengaluru,South,Grocery,459.67,0,0,0,6132.95,27.5,403.9,33,15169.26
2024-09-16,S04,Bengaluru,South,Home & Kitchen,2146.06,0,0,0,2474.23,28.5,2178.3,30,64381.73
2024-09-17,S01,Mumbai,West,Clothing,1460.5,20,1,0,6031.95,26.4,1841.5,64,93471.7
2024-09-17,S01,Mumbai,West,Electronics,14780.09,0,0,0,5371.92,29.2,15179.36,28,413842.6
2024-09-17,S01,Mumbai,West,Grocery,442.93,0,0,0,1797.21,,441.83,34,15059.46
2024-09-17,S01,Mumbai,West,Home & Kitchen,2094.9,0,0,0,6921.25,28.9,2196.31,26,54467.42
2024-09-17,S02,Pune,West,Clothing,1779.56,0,0,0,5226.43,29.6,1693.99,31,55166.28
2024-09-17,S02,Pune,West,Electronics,14926.9,0,0,0,5421.86,26.2,14743.94,27,403026.23
2024-09-17,S02,Pune,West,Grocery,442.05,0,0,0,4364.19,29.1,446.94,37,16356.01
2024-09-17,S02,Pune,West,Home & Kitchen,2183.82,0,0,0,4960.38,26.9,2234.74,20,43676.41
2024-09-17,S03,Delhi,North,Clothing,1841.62,0,0,0,7488.58,29.9,1941.3,44,81031.32
2024-09-17,S03,Delhi,North,Electronics,14873.87,0,0,0,6245.93,29.1,14122.31,23,342099.12
2024-09-17,S03,Delhi,North,Grocery,417.65,5,1,0,3825.31,28.5,467.21,43,17958.88
2024-09-17,S03,Delhi,North,Home & Kitchen,2134.89,0,0,0,5110.78,28.7,2126.17,31,66181.68
2024-09-17,S04,Bengaluru,South,Clothing,1704.55,5,1,0,6143.59,26.0,1649.37,37,63068.45
2024-09-17,S04,Bengaluru,South,Electronics,15068.23,0,0,0,5136.27,28.2,14839.08,24,361637.44
2024-09-17,S04,Bengaluru,South,Grocery,477.54,0,0,0,5503.18,27.6,402.06,34,16236.25
2024-09-17,S04,Bengaluru,South,Home & Kitchen,2296.96,0,0,0,3046.31,28.1,1901.34,22,50533.22
2024-09-18,S01,Mumbai,West,Clothing,1798.42,0,0,0,5276.22,27.6,1765.64,37,66541.48
2024-09-18,S01,Mumbai,West,Electronics,15632.98,0,0,0,4787.91,23.3,15202.86,29,453356.33
2024-09-18,S01,Mumbai,West,Grocery,342.62,25,1,0,5604.79,27.8,448.42,72,24668.82
2024-09-18,S01,Mumbai,West,Home & Kitchen,2190.74,0,0,0,4888.93,29.7,2213.78,24,52577.8
2024-09-18,S02,Pune,West,Clothing,1802.86,0,0,0,7404.44,25.3,1795.91,22,39662.94
2024-09-18,S02,Pune,West,Electronics,15632.93,0,0,0,6975.17,28.1,14910.26,26,406456.1
2024-09-18,S02,Pune,West,Grocery,464.41,0,0,0,6028.89,26.6,467.31,33,15325.39
2024-09-18,S02,Pune,West,Home & Kitchen,2316.5,0,0,0,4380.55,29.6,2148.25,18,41697.05
2024-09-18,S03,Delhi,North,Clothing,1729.74,5,1,0,4845.88,28.3,1815.71,37,64000.5
2024-09-18,S03,Delhi,North,Electronics,14789.1,0,0,0,4156.07,30.6,13707.64,21,310571.14
2024-09-18,S03,Delhi,North,Grocery,430.59,0,0,0,5149.34,28.3,427.26,43,18515.23
2024-09-18,S03,Delhi,North,Home & Kitchen,2117.73,0,0,0,3775.74,26.0,2291.96,36,76238.43
2024-09-18,S04,Bengaluru,South,Clothing,1771.63,0,0,0,5467.32,27.0,1843.29,36,63778.53
2024-09-18,S04,Bengaluru,South,Electronics,15617.49,0,0,0,3146.4,25.5,14936.81,33,515377.25
2024-09-18,S04,Bengaluru,South,Grocery,449.43,0,0,0,8163.68,28.0,460.71,50,22471.67
2024-09-18,S04,Bengaluru,South,Home & Kitchen,2227.97,0,0,0,4819.91,29.8,2202.68,26,57927.28
2024-09-19,S01,Mumbai,West,Clothing,1778.01,0,0,0,7320.69,25.4,1696.88,51,90678.26
2024-09-19,S01,Mumbai,West,Electronics,14388.39,5,1,0,7571.5,24.3,14318.25,33,474816.86
2024-09-19,S01,Mumbai,West,Grocery,349.61,20,1,0,6051.45,32.2,476.56,87,30415.86
2024-09-19,S01,Mumbai,West,Home & Kitchen,2185.11,0,0,0,5744.47,23.8,1954.45,31,67738.43
2024-09-19,S02,Pune,West,Clothing,1701.03,0,0,0,5142.37,27.7,,31,52732.02
2024-09-19,S02,Pune,West,Electronics,14361.21,0,0,0,5257.65,28.5,14695.64,22,315946.64
2024-09-19,S02,Pune,West,Grocery,430.97,0,0,0,3536.61,27.1,442.81,39,16807.7
2024-09-19,S02,Pune,West,Home & Kitchen,2197.23,0,0,0,4741.48,26.6,2310.85,23,50536.18
2024-09-19,S03,Delhi,North,Clothing,1839.74,0,0,0,6403.13,27.3,1782.25,39,71749.86
2024-09-19,S03,Delhi,North,Electronics,14755.11,0,0,0,7728.56,28.4,14583.25,27,398387.99
2024-09-19,S03,Delhi,North,Grocery,442.22,5,1,0,8042.67,29.3,441.16,41,18130.93
2024-09-19,S03,Delhi,North,Home & Kitchen,2179.89,0,0,0,3211.53,24.6,2036.84,32,69756.32
2024-09-19,S04,Bengaluru,South,Clothing,1799.63,0,0,0,4433.74,26.9,1785.02,26,46790.39
2024-09-19,S04,Bengaluru,South,Electronics,10944.38,25,1,0,4489.38,28.5,15956.58,50,547219.14
2024-09-19,S04,Bengaluru,South,Grocery,449.87,0,0,0,5324.27,28.7,460.31,38,17095.13
2024-09-19,S04,Bengaluru,South,Home & Kitchen,2133.88,0,0,0,4379.16,31.1,2217.58,44,93890.88
2024-09-20,S01,Mumbai,West,Clothing,1795.53,0,0,0,2778.0,26.1,1984.27,29,52070.36
2024-09-20,S01,Mumbai,West,Electronics,15556.1,0,0,0,4197.78,27.4,15313.87,36,560019.68
2024-09-20,S01,Mumbai,West,Grocery,445.93,0,0,0,5821.31,27.2,464.16,52,23188.12
2024-09-20,S01,Mumbai,West,Home & Kitchen,2296.32,0,0,0,4984.24,26.2,2304.26,31,71185.96
2024-09-20,S02,Pune,West,Clothing,1860.3,0,0,0,4294.39,29.1,1793.81,16,29764.74
2024-09-20,S02,Pune,West,Electronics,15869.25,0,0,0,3035.06,28.1,14148.44,14,222169.5
2024-09-20,S02,Pune,West,Grocery,427.51,0,0,0,5797.21,30.0,497.59,43,18383.02
2024-09-20,S02,Pune,West,Home & Kitchen,2243.09,0,0,0,4292.98,27.6,2257.99,31,69535.85
2024-09-20,S03,Delhi,North,Clothing,1846.07,0,0,0,3665.21,24.9,,29,53535.91
2024-09-20,S03,Delhi,North,Electronics,14602.21,0,0,0,6681.16,29.5,16192.48,26,379657.35
2024-09-20,S03,Delhi,North,Grocery,355.41,20,1,0,7262.09,31.0,434.97,72,25589.42
2024-09-20,S03,Delhi,North,Home & Kitchen,1896.65,15,1,0,2096.45,23.9,2244.29,32,60692.71
2024-09-20,S04,Bengaluru,South,Clothing,1428.15,20,1,0,4849.46,29.5,1873.78,54,77119.84
2024-09-20,S04,Bengaluru,South,Electronics,14644.23,0,0,0,6984.67,26.3,15910.93,40,585769.28
2024-09-20,S04,Bengaluru,South,Grocery,479.84,0,0,0,5488.29,26.7,466.09,35,16794.27
2024-09-20,S04,Bengaluru,South,Home & Kitchen,2171.13,0,0,0,4817.3,32.5,2117.41,24,52107.02
2024-09-21,S01,Mumbai,West,Clothing,1886.11,0,0,0,3633.35,29.3,1797.8,34,64127.61
2024-09-21,S01,Mumbai,West,Electronics,14659.96,0,0,0,2641.21,31.1,14899.48,34,498438.61
2024-09-21,S01,Mumbai,West,Grocery,420.1,0,0,0,7440.2,31.0,463.14,58,24365.89
2024-09-21,S01,Mumbai,West,Home & Kitchen,2019.15,5,1,0,3854.44,28.7,2124.59,33,66631.83
2024-09-21,S02,Pune,West,Clothing,1871.99,0,0,0,3300.55,30.8,1767.47,33,61775.8
2024-09-21,S02,Pune,West,Electronics,14696.69,0,0,0,4499.21,27.1,15646.94,36,529080.82
2024-09-21,S02,Pune,West,Grocery,456.3,0,0,0,5869.75,24.5,483.54,51,23271.42
2024-09-21,S02,Pune,West,Home & Kitchen,2131.77,0,0,0,8239.84,22.7,2226.11,33,70348.54
2024-09-21,S03,Delhi,North,Clothing,1822.93,0,0,0,5092.04,30.5,1734.03,37,67448.3
2024-09-21,S03,Delhi,North,Electronics,14764.85,0,0,0,6274.31,27.1,15726.83,35,516769.71
2024-09-21,S03,Delhi,North,Grocery,439.63,0,0,0,5489.52,28.6,448.7,57,25059.16
2024-09-21,S03,Delhi,North,Home & Kitchen,1738.79,25,1,0,7362.91,25.6,2047.97,64,111282.71
2024-09-21,S04,Bengaluru,South,Clothing,1887.34,0,0,0,4579.93,26.7,1866.77,40,75493.52
2024-09-21,S04,Bengaluru,South,Electronics,15804.19,0,0,0,3809.55,26.9,14265.03,30,474125.64
2024-09-21,S04,Bengaluru,South,Grocery,435.3,0,0,0,4533.91,28.0,402.97,44,19153.39
2024-09-21,S04,Bengaluru,South,Home & Kitchen,2137.69,0,0,0,7316.7,26.3,2140.98,52,111159.78
2024-09-22,S01,Mumbai,West,Clothing,1776.08,0,0,0,9206.69,29.3,1925.76,61,108340.7
2024-09-22,S01,Mumbai,West,Electronics,15025.26,0,0,0,2927.08,27.1,14543.82,33,495833.73
2024-09-22,S01,Mumbai,West,Grocery,465.83,0,0,0,5278.48,24.7,429.9,53,24688.74
2024-09-22,S01,Mumbai,West,Home & Kitchen,2194.79,0,0,0,8327.16,24.2,2323.64,50,109739.7
2024-09-22,S02,Pune,West,Clothing,1562.3,10,1,0,8292.54,27.0,1948.77,53,82801.83
2024-09-22,S02,Pune,West,Electronics,15090.41,0,0,0,5835.14,27.0,15387.19,25,377260.17
2024-09-22,S02,Pune,West,Grocery,397.54,10,1,0,6381.24,28.5,452.63,66,26237.66
2024-09-22,S02,Pune,West,Home & Kitchen,2071.73,5,1,0,5169.03,27.4,2255.82,34,70438.75
2024-09-22,S03,Delhi,North,Clothing,1807.39,0,0,0,5675.46,27.8,1685.94,37,66873.28
2024-09-22,S03,Delhi,North,Electronics,11395.77,25,1,0,4695.51,32.3,16225.78,64,729329.06
2024-09-22,S03,Delhi,North,Grocery,456.48,0,0,0,5146.27,29.1,438.01,44,20084.98
2024-09-22,S03,Delhi,North,Home & Kitchen,2129.35,0,0,0,2471.25,25.9,2131.37,28,59621.74
2024-09-22,S04,Bengaluru,South,Clothing,1786.68,0,0,0,7423.91,30.8,1750.04,45,80400.82
2024-09-22,S04,Bengaluru,South,Electronics,14603.57,5,1,0,5941.31,29.8,14920.49,42,613349.73
2024-09-22,S04,Bengaluru,South,Grocery,449.75,0,0,0,3554.14,26.8,482.73,50,22487.43
2024-09-22,S04,Bengaluru,South,Home & Kitchen,2173.61,0,0,0,5344.14,29.4,2124.78,26,56513.97
2024-09-23,S01,Mumbai,West,Clothing,1774.51,0,0,0,4590.35,25.9,1880.43,32,56784.35
2024-09-23,S01,Mumbai,West,Electronics,14558.51,0,0,0,4202.18,28.2,14417.64,28,407638.3
2024-09-23,S01,Mumbai,West,Grocery,447.62,0,0,0,3635.66,27.4,469.91,48,21485.9
2024-09-23,S01,Mumbai,West,Home & Kitchen,2226.74,0,0,0,7062.11,24.5,2216.97,32,71255.74
2024-09-23,S02,Pune,West,Clothing,1863.44,0,0,0,4361.48,29.9,1884.66,38,70810.7
2024-09-23,S02,Pune,West,Electronics,15575.62,0,0,0,7693.45,28.7,16407.45,28,436117.46
2024-09-23,S02,Pune,West,Grocery,470.95,0,0,0,5046.31,28.8,444.87,30,14128.64
2024-09-23,S02,Pune,West,Home & Kitchen,2133.96,0,0,0,5878.44,29.2,2047.19,24,51215.03
2024-09-23,S03,Delhi,North,Clothing,1856.31,0,0,0,5203.45,27.1,1711.92,31,57545.68
2024-09-23,S03,Delhi,North,Electronics,13196.38,10,1,0,9431.99,28.5,14914.63,36,475069.58
2024-09-23,S03,Delhi,North,Grocery,452.5,5,1,0,5350.43,30.9,452.4,43,19457.36
2024-09-23,S03,Delhi,North,Home & Kitchen,2137.35,0,0,0,4797.41,27.1,2026.92,33,70532.43
2024-09-23,S04,Bengaluru,South,Clothing,1747.21,0,0,0,4464.1,30.9,1891.33,34,59405.29
2024-09-23,S04,Bengaluru,South,Electronics,15839.51,0,0,0,4565.65,,16068.7,30,475185.28
2024-09-23,S04,Bengaluru,South,Grocery,455.75,0,0,0,2877.51,28.3,437.39,38,17318.57
2024-09-23,S04,Bengaluru,South,Home & Kitchen,2237.39,0,0,0,2153.24,29.9,2273.91,25,55934.74
2024-09-24,S01,Mumbai,West,Clothing,1707.8,0,0,0,2163.51,29.4,1753.12,43,73435.31
2024-09-24,S01,Mumbai,West,Electronics,14073.18,5,1,0,3751.69,30.3,17003.82,32,450341.88
2024-09-24,S01,Mumbai,West,Grocery,459.05,0,0,0,2272.88,26.9,481.3,40,18361.86
2024-09-24,S01,Mumbai,West,Home & Kitchen,2206.61,0,0,0,5531.63,27.5,2138.17,43,94884.09
2024-09-24,S02,Pune,West,Clothing,1468.62,15,1,0,5409.41,27.6,1791.26,42,61681.98
2024-09-24,S02,Pune,West,Electronics,15712.95,0,0,0,2065.48,27.7,15277.14,16,251407.25
2024-09-24,S02,Pune,West,Grocery,447.92,0,0,0,5205.8,28.8,445.84,35,15677.09
2024-09-24,S02,Pune,West,Home & Kitchen,1942.58,15,1,0,6933.47,26.7,2145.19,31,60219.83
2024-09-24,S03,Delhi,North,Clothing,1792.73,0,0,0,4619.1,27.8,1756.86,18,32269.12
2024-09-24,S03,Delhi,North,Electronics,14471.06,0,0,0,8056.96,32.1,15080.09,28,405189.64
2024-09-24,S03,Delhi,North,Grocery,444.24,0,0,0,4470.9,26.9,448.25,36,15992.57
2024-09-24,S03,Delhi,North,Home & Kitchen,1701.0,25,1,0,6392.4,28.5,2210.46,48,81647.77
2024-09-24,S04,Bengaluru,South,Clothing,1705.14,0,0,0,5623.5,29.4,1693.46,38,64795.38
2024-09-24,S04,Bengaluru,South,Electronics,15275.82,0,0,0,4765.04,26.7,14724.06,22,336067.97
2024-09-24,S04,Bengaluru,South,Grocery,364.79,15,1,0,7557.44,26.2,436.37,57,20793.29
2024-09-24,S04,Bengaluru,South,Home & Kitchen,2159.09,0,0,0,3996.99,27.8,2140.28,26,56136.47
2024-09-25,S01,Mumbai,West,Clothing,1797.71,0,0,0,4126.17,28.9,1753.84,43,77301.66
2024-09-25,S01,Mumbai,West,Electronics,14882.05,0,0,0,5615.32,32.2,14802.39,25,372051.33
2024-09-25,S01,Mumbai,West,Grocery,456.43,0,0,0,6030.52,31.1,458.88,48,21908.82
2024-09-25,S01,Mumbai,West,Home & Kitchen,1969.81,10,1,0,4459.4,29.0,2015.44,43,84701.88
2024-09-25,S02,Pune,West,Clothing,1834.13,0,0,0,6577.82,30.0,1808.37,32,58692.21
2024-09-25,S02,Pune,West,Electronics,15211.42,0,0,0,5541.85,25.7,14687.28,29,441131.16
2024-09-25,S02,Pune,West,Grocery,336.48,25,1,0,4360.75,,436.49,62,20861.99
2024-09-25,S02,Pune,West,Home & Kitchen,2097.32,0,0,0,2466.78,29.1,2085.57,25,52432.96
2024-09-25,S03,Delhi,North,Clothing,1768.89,0,0,0,4260.5,31.0,1877.96,30,53066.72
2024-09-25,S03,Delhi,North,Electronics,13051.94,15,1,0,5316.64,26.1,13815.54,33,430714.14
2024-09-25,S03,Delhi,North,Grocery,434.69,0,0,0,2670.04,26.1,443.71,38,16518.23
2024-09-25,S03,Delhi,North,Home & Kitchen,2216.02,0,0,0,3396.32,27.2,2012.93,18,39888.39
2024-09-25,S04,Bengaluru,South,Clothing,1852.77,0,0,0,4125.03,25.7,2037.18,36,66699.78
2024-09-25,S04,Bengaluru,South,Electronics,13387.38,10,1,0,5773.44,26.0,15229.45,23,307909.76
2024-09-25,S04,Bengaluru,South,Grocery,369.17,15,1,0,5203.63,29.8,465.01,71,26210.81
2024-09-25,S04,Bengaluru,South,Home & Kitchen,2206.14,0,0,0,5473.73,26.7,2351.64,33,72802.66
2024-09-26,S01,Mumbai,West,Clothing,1835.47,0,0,0,846.69,31.0,1930.17,35,64241.51
2024-09-26,S01,Mumbai,West,Electronics,11005.02,25,1,0,5161.62,26.8,13907.26,47,517236.07
2024-09-26,S01,Mumbai,West,Grocery,457.42,0,0,0,3696.37,28.4,459.51,46,21041.43
2024-09-26,S01,Mumbai,West,Home & Kitchen,2223.67,0,0,0,4662.6,29.1,2439.23,41,91170.29
2024-09-26,S02,Pune,West,Clothing,1784.45,0,0,0,8081.22,26.4,1923.87,34,60671.29
2024-09-26,S02,Pune,West,Electronics,14687.47,0,0,0,3601.69,24.2,14530.17,23,337811.87
2024-09-26,S02,Pune,West,Grocery,460.62,0,0,0,3387.1,25.9,452.82,36,16582.26
2024-09-26,S02,Pune,West,Home & Kitchen,2224.58,0,0,0,7199.18,28.0,2242.28,30,66737.36
2024-09-26,S03,Delhi,North,Clothing,1716.07,0,0,0,4389.81,30.0,1669.76,27,46333.98
2024-09-26,S03,Delhi,North,Electronics,14937.83,0,0,0,5242.49,27.9,13815.4,27,403321.33
2024-09-26,S03,Delhi,North,Grocery,444.66,0,0,0,5754.77,29.3,453.39,43,19120.35
2024-09-26,S03,Delhi,North,Home & Kitchen,2191.33,0,0,0,4815.16,31.2,2190.78,25,54783.27
2024-09-26,S04,Bengaluru,South,Clothing,1876.27,0,0,0,6101.59,30.9,1679.37,22,41277.85
2024-09-26,S04,Bengaluru,South,Electronics,13464.25,15,1,0,5570.35,26.6,15403.54,37,498177.13
2024-09-26,S04,Bengaluru,South,Grocery,442.29,0,0,0,8883.24,27.3,451.85,47,20787.68
2024-09-26,S04,Bengaluru,South,Home & Kitchen,1887.38,15,1,0,4722.35,30.4,2357.19,47,88707.07
2024-09-27,S01,Mumbai,West,Clothing,1845.15,0,0,0,5361.38,29.1,1931.63,34,62735.26
2024-09-27,S01,Mumbai,West,Electronics,10839.77,25,1,0,10274.29,28.0,14476.33,52,563667.92
2024-09-27,S01,Mumbai,West,Grocery,449.9,0,0,0,6300.26,23.8,421.54,37,16646.12
2024-09-27,S01,Mumbai,West,Home & Kitchen,1816.98,20,1,0,4753.63,31.2,2288.36,46,83580.91
2024-09-27,S02,Pune,West,Clothing,1872.16,0,0,0,5377.0,29.5,1747.39,27,50548.26
2024-09-27,S02,Pune,West,Electronics,14647.73,0,0,0,5761.59,26.8,15035.52,20,292954.7
2024-09-27,S02,Pune,West,Grocery,427.43,0,0,0,5815.81,31.0,465.47,42,17951.89
2024-09-27,S02,Pune,West,Home & Kitchen,2000.24,10,1,0,7126.44,30.2,2087.25,21,42005.05
2024-09-27,S03,Delhi,North,Clothing,1822.97,0,0,0,3987.26,27.3,1712.33,34,61980.85
2024-09-27,S03,Delhi,North,Electronics,15345.6,0,0,0,6390.22,30.1,14890.09,21,322257.7
2024-09-27,S03,Delhi,North,Grocery,424.91,0,0,0,7047.24,25.6,434.65,45,19120.8
2024-09-27,S03,Delhi,North,Home & Kitchen,2247.46,0,0,0,5478.47,32.6,2270.26,29,65176.34
2024-09-27,S04,Bengaluru,South,Clothing,1735.08,0,0,0,6649.07,27.1,1867.08,36,62462.72
2024-09-27,S04,Bengaluru,South,Electronics,14181.67,0,0,0,4322.77,26.9,16056.71,22,311996.75
2024-09-27,S04,Bengaluru,South,Grocery,455.51,0,0,0,3677.8,25.5,488.09,44,20042.45
2024-09-27,S04,Bengaluru,South,Home & Kitchen,1762.85,15,1,0,4151.34,26.2,2206.06,42,74039.67
2024-09-28,S01,Mumbai,West,Clothing,1805.84,0,0,0,6214.68,30.1,1631.08,53,95709.72
2024-09-28,S01,Mumbai,West,Electronics,14363.92,0,0,0,2393.43,31.6,14961.32,35,502737.1
2024-09-28,S01,Mumbai,West,Grocery,455.24,0,0,0,7096.13,25.4,473.72,65,29590.67
2024-09-28,S01,Mumbai,West,Home & Kitchen,2301.36,0,0,0,5146.37,28.2,2294.94,35,80547.57
2024-09-28,S02,Pune,West,Clothing,1813.46,0,0,0,4794.5,27.8,1713.1,40,72538.25
2024-09-28,S02,Pune,West,Electronics,14741.3,0,0,0,5881.75,25.2,15414.66,37,545428.04
2024-09-28,S02,Pune,West,Grocery,363.65,20,1,0,5336.36,26.3,419.64,49,17818.65
2024-09-28,S02,Pune,West,Home & Kitchen,2218.21,0,0,0,5235.43,26.5,2209.01,28,62109.93
2024-09-28,S03,Delhi,North,Clothing,1837.38,0,0,0,5499.54,28.9,1872.48,45,82682.29
2024-09-28,S03,Delhi,North,Electronics,14900.87,0,0,0,2041.73,28.3,13967.86,28,417224.39
2024-09-28,S03,Delhi,North,Grocery,365.56,20,1,0,6529.27,26.4,430.6,83,30341.35
2024-09-28,S03,Delhi,North,Home & Kitchen,1713.74,25,1,0,5507.97,27.8,2221.98,53,90827.97
2024-09-28,S04,Bengaluru,South,Clothing,1373.5,25,1,0,,27.3,1911.92,82,112626.96
2024-09-28,S04,Bengaluru,South,Electronics,15359.95,0,0,0,4521.12,29.7,15500.84,32,491518.38
2024-09-28,S04,Bengaluru,South,Grocery,443.46,0,0,0,3868.85,27.6,466.19,50,22172.87
2024-09-28,S04,Bengaluru,South,Home & Kitchen,2087.55,0,0,0,6310.63,28.8,2369.65,29,60538.84
2024-09-29,S01,Mumbai,West,Clothing,1851.62,0,0,0,3632.51,29.0,1849.48,40,74064.6
2024-09-29,S01,Mumbai,West,Electronics,13947.11,0,0,0,5305.45,25.0,15410.0,37,516043.19
2024-09-29,S01,Mumbai,West,Grocery,437.02,0,0,0,2683.89,26.0,490.07,40,17480.91
2024-09-29,S01,Mumbai,West,Home & Kitchen,1761.73,20,1,0,6557.86,27.3,2400.07,62,109227.4
2024-09-29,S02,Pune,West,Clothing,1850.3,0,0,0,4991.52,25.6,1820.42,38,70311.37
2024-09-29,S02,Pune,West,Electronics,15850.17,0,0,0,4650.28,26.3,14816.47,24,380403.97
2024-09-29,S02,Pune,West,Grocery,445.06,0,0,0,5680.09,25.8,464.46,52,23143.34
2024-09-29,S02,Pune,West,Home & Kitchen,2045.24,0,0,0,6586.15,27.5,2181.9,38,77719.04
2024-09-29,S03,Delhi,North,Clothing,1706.91,0,0,0,7746.88,30.5,1767.88,60,102414.54
2024-09-29,S03,Delhi,North,Electronics,14742.71,0,0,0,6718.81,29.0,14357.09,37,545480.26
2024-09-29,S03,Delhi,North,Grocery,457.79,0,0,0,5024.93,31.0,423.15,47,21516.06
2024-09-29,S03,Delhi,North,Home & Kitchen,2044.37,10,1,0,6828.71,24.2,2251.13,39,79730.54
2024-09-29,S04,Bengaluru,South,Clothing,1461.47,20,1,0,7273.54,29.0,1816.21,68,99379.62
2024-09-29,S04,Bengaluru,South,Electronics,13857.04,0,0,0,4686.95,27.9,14817.39,29,401854.3
2024-09-29,S04,Bengaluru,South,Grocery,448.82,0,0,0,5504.18,27.8,484.7,48,21543.54
2024-09-29,S04,Bengaluru,South,Home & Kitchen,1626.28,25,1,0,5185.01,26.6,2359.41,52,84566.54
2024-09-30,S01,Mumbai,West,Clothing,1379.61,25,1,0,5152.7,30.0,1789.09,43,59323.44
2024-09-30,S01,Mumbai,West,Electronics,14524.64,0,0,0,3308.07,30.1,15416.1,30,435739.32
2024-09-30,S01,Mumbai,West,Grocery,434.19,0,0,0,5830.84,29.9,457.27,40,17367.56
2024-09-30,S01,Mumbai,West,Home & Kitchen,2146.15,0,0,0,4488.31,25.4,2224.65,34,72969.24
2024-09-30,S02,Pune,West,Clothing,1866.84,0,0,0,4316.69,27.7,1837.25,32,59738.84
2024-09-30,S02,Pune,West,Electronics,14827.58,0,0,0,5947.4,27.2,13897.31,21,311379.27
2024-09-30,S02,Pune,West,Grocery,463.86,0,0,0,7326.48,28.0,471.0,32,14843.58
2024-09-30,S02,Pune,West,Home & Kitchen,2066.49,0,0,0,4928.33,25.1,2266.0,23,47529.18
2024-09-30,S03,Delhi,North,Clothing,1413.48,20,1,0,6646.73,28.7,1782.06,49,69260.76
2024-09-30,S03,Delhi,North,Electronics,14215.55,0,0,0,6535.51,26.0,15032.45,28,398035.35
2024-09-30,S03,Delhi,North,Grocery,444.07,0,0,0,5898.62,24.6,409.77,39,17318.65
2024-09-30,S03,Delhi,North,Home & Kitchen,2156.66,0,0,0,4333.08,26.9,2224.84,36,77639.73
2024-09-30,S04,Bengaluru,South,Clothing,1799.04,0,0,0,4835.2,26.3,1707.02,32,57569.15
2024-09-30,S04,Bengaluru,South,Electronics,15677.81,0,0,0,3583.39,30.4,13527.45,20,313556.2
2024-09-30,S04,Bengaluru,South,Grocery,460.55,0,0,0,3465.83,27.0,440.62,37,17040.4
2024-09-30,S04,Bengaluru,South,Home & Kitchen,2141.19,0,0,0,3641.85,28.1,2243.98,29,62094.41
2024-10-01,S01,Mumbai,West,Clothing,1860.1,0,0,0,6385.48,21.4,1707.0,36,66963.58
2024-10-01,S01,Mumbai,West,Electronics,15282.37,0,0,0,4259.9,22.0,15507.46,35,534883.03
2024-10-01,S01,Mumbai,West,Grocery,448.64,0,0,0,6938.93,25.6,436.63,49,21983.12
2024-10-01,S01,Mumbai,West,Home & Kitchen,2301.28,0,0,0,2818.38,23.2,2348.76,29,66737.1
2024-10-01,S02,Pune,West,Clothing,1784.28,0,0,0,4466.23,26.6,1843.97,45,80292.79
2024-10-01,S02,Pune,West,Electronics,15145.63,0,0,0,6709.84,23.7,14445.74,25,378640.81
2024-10-01,S02,Pune,West,Grocery,441.27,0,0,0,4314.26,22.5,462.87,29,12796.79
2024-10-01,S02,Pune,West,Home & Kitchen,2207.73,0,0,0,6322.9,23.8,2068.37,44,97139.93
2024-10-01,S03,Delhi,North,Clothing,1840.55,0,0,0,5893.68,24.2,1766.27,32,58897.74
2024-10-01,S03,Delhi,North,Electronics,14491.53,0,0,0,4155.28,23.2,15954.26,36,521695.13
2024-10-01,S03,Delhi,North,Grocery,434.87,0,0,0,1822.31,24.6,434.71,38,16525.22
2024-10-01,S03,Delhi,North,Home & Kitchen,2231.99,0,0,0,4583.31,23.5,2190.0,28,62495.66
2024-10-01,S04,Bengaluru,South,Clothing,1737.93,0,0,0,5071.57,26.5,1730.32,23,39972.31
2024-10-01,S04,Bengaluru,South,Electronics,14537.56,0,0,0,2898.84,21.7,15527.66,34,494277.07
2024-10-01,S04,Bengaluru,South,Grocery,366.5,20,1,0,3317.83,20.8,477.6,54,19790.74
2024-10-01,S04,Bengaluru,South,Home & Kitchen,2227.18,0,0,0,3659.51,20.9,2102.41,16,35634.81
2024-10-02,S01,Mumbai,West,Clothing,1853.15,0,0,0,2374.68,23.8,1823.56,39,72272.94
2024-10-02,S01,Mumbai,West,Electronics,14280.68,0,0,0,5212.13,24.2,14516.35,20,285613.51
2024-10-02,S01,Mumbai,West,Grocery,440.82,0,0,0,6528.56,23.4,446.36,54,23804.44
2024-10-02,S01,Mumbai,West,Home & Kitchen,2128.88,0,0,0,8198.09,25.4,2147.36,42,89412.8
2024-10-02,S02,Pune,West,Clothing,1798.44,0,0,0,4474.27,22.0,1874.5,25,44960.98
2024-10-02,S02,Pune,West,Electronics,14530.31,0,0,0,4753.14,22.7,15013.52,27,392318.35
2024-10-02,S02,Pune,West,Grocery,452.39,0,0,0,4099.86,26.1,447.08,41,18547.87
2024-10-02,S02,Pune,West,Home & Kitchen,2139.07,0,0,0,2185.66,23.2,2249.69,22,47059.63
2024-10-02,S03,Delhi,North,Clothing,1344.18,25,1,0,7948.06,19.8,1973.93,65,87371.77
2024-10-02,S03,Delhi,North,Electronics,14607.31,0,0,0,1711.53,22.2,15007.38,24,350575.52
2024-10-02,S03,Delhi,North,Grocery,482.4,0,0,0,4239.23,21.1,462.12,60,28944.25
2024-10-02,S03,Delhi,North,Home & Kitchen,2277.65,0,0,0,3666.83,25.4,2192.47,36,81995.29
2024-10-02,S04,Bengaluru,South,Clothing,1825.56,0,0,0,5681.5,25.6,1708.0,37,67545.67
2024-10-02,S04,Bengaluru,South,Electronics,14862.21,0,0,0,4444.55,26.6,15129.27,27,401279.7
2024-10-02,S04,Bengaluru,South,Grocery,422.33,0,0,0,6023.04,23.7,400.03,66,27873.58
2024-10-02,S04,Bengaluru,South,Home & Kitchen,1741.68,20,1,0,8967.9,21.9,2240.31,45,78375.45
2024-10-03,S01,Mumbai,West,Clothing,1884.78,0,0,0,3017.64,23.9,1678.54,51,96123.72
2024-10-03,S01,Mumbai,West,Electronics,14384.34,0,0,0,1511.94,23.5,15255.33,28,402761.65
2024-10-03,S01,Mumbai,West,Grocery,469.24,0,0,0,1855.43,22.9,440.54,45,21115.97
2024-10-03,S01,Mumbai,West,Home & Kitchen,2318.18,0,0,0,5356.29,25.5,2281.13,39,90408.95
2024-10-03,S02,Pune,West,Clothing,1740.0,0,0,0,6366.09,21.0,1734.07,32,55679.88
2024-10-03,S02,Pune,West,Electronics,14479.65,0,0,0,2994.26,28.4,15555.21,28,405430.07
2024-10-03,S02,Pune,West,Grocery,445.15,0,0,0,4513.58,23.5,461.94,43,19141.62
2024-10-03,S02,Pune,West,Home & Kitchen,2157.57,0,0,0,6226.29,25.9,2082.36,34,73357.43
2024-10-03,S03,Delhi,North,Clothing,1802.98,0,0,0,4323.45,26.5,1850.43,41,73922.32
2024-10-03,S03,Delhi,North,Electronics,12101.14,20,1,0,6599.73,23.8,13979.76,33,399337.62
2024-10-03,S03,Delhi,North,Grocery,433.4,0,0,0,,24.8,445.55,50,21670.17
2024-10-03,S03,Delhi,North,Home & Kitchen,2183.91,0,0,0,4796.58,21.3,,31,67701.31
2024-10-03,S04,Bengaluru,South,Clothing,1869.42,0,0,0,5476.29,29.9,1799.55,42,78515.77
2024-10-03,S04,Bengaluru,South,Electronics,14564.85,0,0,0,3687.04,23.7,16331.9,24,349556.45
2024-10-03,S04,Bengaluru,South,Grocery,452.46,0,0,0,1722.65,24.3,448.11,45,20360.69
2024-10-03,S04,Bengaluru,South,Home & Kitchen,2247.32,0,0,0,3235.27,20.4,2224.83,30,67419.57
2024-10-04,S01,Mumbai,West,Clothing,1790.84,0,0,0,4657.83,23.5,1758.02,30,53725.1
2024-10-04,S01,Mumbai,West,Electronics,11854.43,25,1,0,6426.29,22.1,14342.96,48,569012.56
2024-10-04,S01,Mumbai,West,Grocery,455.06,0,0,0,3719.52,25.4,441.89,55,25028.54
2024-10-04,S01,Mumbai,West,Home & Kitchen,2288.71,0,0,0,5684.89,24.5,2130.69,35,80104.95
2024-10-04,S02,Pune,West,Clothing,1427.04,20,1,0,5841.29,24.8,1673.24,49,69924.91
2024-10-04,S02,Pune,West,Electronics,15011.88,0,0,0,7138.36,21.5,13885.63,25,375296.91
2024-10-04,S02,Pune,West,Grocery,455.57,0,0,0,5058.46,26.4,479.23,47,21411.98
2024-10-04,S02,Pune,West,Home & Kitchen,2171.98,0,0,0,5275.45,22.8,2093.92,29,62987.43
2024-10-04,S03,Delhi,North,Clothing,1756.82,5,1,0,2752.19,21.9,1822.68,31,54461.38
2024-10-04,S03,Delhi,North,Electronics,14950.96,0,0,0,3299.51,23.6,13633.65,31,463479.61
2024-10-04,S03,Delhi,North,Grocery,439.87,0,0,0,2439.85,27.7,450.27,59,25952.47
2024-10-04,S03,Delhi,North,Home & Kitchen,2227.69,0,0,0,5009.1,20.8,2079.9,22,49009.13
2024-10-04,S04,Bengaluru,South,Clothing,1405.65,25,1,0,6430.2,24.6,1871.28,63,88555.9
2024-10-04,S04,Bengaluru,South,Electronics,12976.5,15,1,0,5881.2,23.5,15431.81,34,441200.94
2024-10-04,S04,Bengaluru,South,Grocery,457.4,0,0,0,5305.74,24.8,419.76,43,19668.39
2024-10-04,S04,Bengaluru,South,Home & Kitchen,2233.03,0,0,0,4643.79,29.3,2140.45,28,62524.77
2024-10-05,S01,Mumbai,West,Clothing,1382.67,20,1,0,4645.8,24.9,1728.14,74,102317.66
2024-10-05,S01,Mumbai,West,Electronics,14713.58,0,0,0,7854.36,22.0,14535.27,33,485548.03
2024-10-05,S01,Mumbai,West,Grocery,440.33,0,0,0,3079.73,21.7,464.58,64,28180.96
2024-10-05,S01,Mumbai,West,Home & Kitchen,2298.3,0,0,0,4366.39,25.1,2144.58,40,91932.01
2024-10-05,S02,Pune,West,Clothing,1904.06,0,0,0,7038.97,20.6,1747.39,39,74258.42
2024-10-05,S02,Pune,West,Electronics,14853.87,0,0,0,6243.04,26.4,15198.81,32,475323.68
2024-10-05,S02,Pune,West,Grocery,446.61,0,0,0,5921.21,24.9,448.69,50,22330.48
2024-10-05,S02,Pune,West,Home & Kitchen,2130.5,0,0,0,5298.9,23.2,2184.31,36,76698.15
2024-10-05,S03,Delhi,North,Clothing,1794.16,0,0,0,5004.4,20.3,1817.77,43,77148.93
2024-10-05,S03,Delhi,North,Electronics,14538.52,0,0,0,2617.69,22.9,15089.93,33,479771.26
2024-10-05,S03,Delhi,North,Grocery,450.46,0,0,0,5240.74,22.0,,64,28829.48
2024-10-05,S03,Delhi,North,Home & Kitchen,2164.34,0,0,0,3614.23,24.5,2156.44,38,82244.73
2024-10-05,S04,Bengaluru,South,Clothing,1826.36,0,0,0,2791.39,23.7,1843.53,50,91317.83
2024-10-05,S04,Bengaluru,South,Electronics,11187.64,25,1,0,4079.54,23.5,14575.02,62,693633.38
2024-10-05,S04,Bengaluru,South,Grocery,448.9,0,0,0,5337.38,26.0,452.96,65,29178.37
2024-10-05,S04,Bengaluru,South,Home & Kitchen,2256.84,0,0,0,4733.16,21.1,2421.28,41,92530.27
2024-10-06,S01,Mumbai,West,Clothing,1835.84,0,0,0,4559.2,25.3,1755.02,45,82612.84
2024-10-06,S01,Mumbai,West,Electronics,15144.47,0,0,0,4319.84,24.6,14311.72,32,484623.06
2024-10-06,S01,Mumbai,West,Grocery,446.33,0,0,0,5785.21,24.9,456.29,67,29904.39
2024-10-06,S01,Mumbai,West,Home & Kitchen,2245.24,0,0,0,2656.98,26.6,2210.67,51,114507.03
2024-10-06,S02,Pune,West,Clothing,1840.81,0,0,0,4825.58,27.1,1852.37,41,75473.3
2024-10-06,S02,Pune,West,Electronics,14886.73,0,0,0,5845.63,23.7,15165.84,25,372168.31
2024-10-06,S02,Pune,West,Grocery,430.86,5,1,0,5948.9,23.2,450.53,48,20681.48
2024-10-06,S02,Pune,West,Home & Kitchen,1907.22,10,1,0,4483.89,22.6,2331.38,45,85824.75
2024-10-06,S03,Delhi,North,Clothing,1820.75,0,0,0,6282.44,20.4,1836.85,56,101962.13
2024-10-06,S03,Delhi,North,Electronics,13748.66,0,0,0,5556.06,25.3,14528.19,43,591192.56
2024-10-06,S03,Delhi,North,Grocery,461.62,0,0,0,2223.87,19.8,493.47,53,24465.91
2024-10-06,S03,Delhi,North,Home & Kitchen,2140.16,0,0,0,5643.42,22.9,2423.74,36,77045.74
2024-10-06,S04,Bengaluru,South,Clothing,1845.38,0,0,0,3147.47,28.0,1805.0,38,70124.44
2024-10-06,S04,Bengaluru,South,Electronics,15621.95,0,0,0,2161.35,28.5,14065.27,28,437414.61
2024-10-06,S04,Bengaluru,South,Grocery,457.09,0,0,0,6402.45,25.0,454.15,67,30625.29
2024-10-06,S04,Bengaluru,South,Home & Kitchen,2165.15,0,0,0,,25.8,2270.83,51,110422.67
2024-10-07,S01,Mumbai,West,Clothing,1381.61,25,1,0,3725.25,24.8,1793.57,70,96712.87
2024-10-07,S01,Mumbai,West,Electronics,15289.04,0,0,0,5389.71,26.0,14108.71,28,428093.2
2024-10-07,S01,Mumbai,West,Grocery,451.8,0,0,0,5619.99,24.7,472.59,62,28011.33
2024-10-07,S01,Mumbai,West,Home & Kitchen,2060.58,0,0,0,4875.05,24.2,2060.59,32,65938.42
2024-10-07,S02,Pune,West,Clothing,1743.59,0,0,0,4449.46,27.1,1717.03,24,41846.2
2024-10-07,S02,Pune,West,Electronics,14334.42,0,0,0,3963.55,22.7,14661.32,26,372694.88
2024-10-07,S02,Pune,West,Grocery,473.67,0,0,0,8117.82,26.2,497.98,43,20367.76
2024-10-07,S02,Pune,West,Home & Kitchen,2200.0,0,0,0,4671.76,24.1,2107.42,31,68199.89
2024-10-07,S03,Delhi,North,Clothing,1393.3,20,1,0,9618.54,22.3,1966.34,70,97531.33
2024-10-07,S03,Delhi,North,Electronics,15208.17,0,0,0,6976.93,21.9,15087.12,26,395412.52
2024-10-07,S03,Delhi,North,Grocery,447.97,0,0,0,6036.68,24.7,453.72,40,17918.63
2024-10-07,S03,Delhi,North,Home & Kitchen,2230.45,0,0,0,1301.79,22.9,2253.32,34,75835.42
2024-10-07,S04,Bengaluru,South,Clothing,1445.32,15,1,0,2887.79,20.3,1674.3,34,49140.92
2024-10-07,S04,Bengaluru,South,Electronics,14703.44,0,0,0,7181.92,23.0,14870.63,24,352882.54
2024-10-07,S04,Bengaluru,South,Grocery,460.39,0,0,0,5726.95,24.7,471.53,52,23940.19
2024-10-07,S04,Bengaluru,South,Home & Kitchen,2185.46,0,0,0,3730.89,,2068.95,31,67749.12
2024-10-08,S01,Mumbai,West,Clothing,1884.78,0,0,0,5321.47,23.6,1708.6,36,67852.07
2024-10-08,S01,Mumbai,West,Electronics,13768.32,10,1,0,7844.86,23.7,15798.16,48,660879.51
2024-10-08,S01,Mumbai,West,Grocery,449.08,0,0,0,953.16,23.5,458.35,50,22454.1
2024-10-08,S01,Mumbai,West,Home & Kitchen,1918.28,10,1,0,5418.2,26.7,,52,99750.36
2024-10-08,S02,Pune,West,Clothing,1888.1,0,0,0,6916.81,26.1,1625.95,32,60419.13
2024-10-08,S02,Pune,West,Electronics,14966.93,0,0,0,6478.15,25.2,14559.81,29,434040.99
2024-10-08,S02,Pune,West,Grocery,446.14,0,0,0,5631.27,22.7,456.91,55,24537.65
2024-10-08,S02,Pune,West,Home & Kitchen,2074.2,0,0,0,4627.82,28.0,2004.44,24,49780.77
2024-10-08,S03,Delhi,North,Clothing,1818.98,0,0,0,3529.68,25.0,1766.35,29,52750.53
2024-10-08,S03,Delhi,North,Electronics,15394.82,0,0,0,4671.6,19.7,14846.87,22,338686.12
2024-10-08,S03,Delhi,North,Grocery,450.48,0,0,0,5338.78,22.7,437.2,50,22523.87
2024-10-08,S03,Delhi,North,Home & Kitchen,2264.09,0,0,0,6623.0,22.2,2337.41,36,81507.33
2024-10-08,S04,Bengaluru,South,Clothing,1831.19,0,0,0,2898.3,24.5,1953.1,45,82403.34
2024-10-08,S04,Bengaluru,South,Electronics,13745.2,5,1,0,4861.38,28.1,15272.09,25,343629.93
2024-10-08,S04,Bengaluru,South,Grocery,408.94,10,1,0,11023.82,25.1,455.76,70,28626.03
2024-10-08,S04,Bengaluru,South,Home & Kitchen,2332.51,0,0,0,3685.41,19.2,2245.06,30,69975.43
2024-10-09,S01,Mumbai,West,Clothing,1869.19,0,0,0,4776.15,22.5,1941.59,48,89721.1
2024-10-09,S01,Mumbai,West,Electronics,14314.96,0,0,0,4754.07,24.1,15516.46,35,501023.55
2024-10-09,S01,Mumbai,West,Grocery,453.67,0,0,0,4548.75,24.8,430.56,46,20868.75
2024-10-09,S01,Mumbai,West,Home & Kitchen,2220.25,0,0,0,6064.3,22.5,2165.68,30,66607.64
2024-10-09,S02,Pune,West,Clothing,1821.01,0,0,0,5032.33,24.0,1812.98,32,58272.2
2024-10-09,S02,Pune,West,Electronics,15697.17,0,0,0,8063.64,23.1,14447.76,23,361034.95
2024-10-09,S02,Pune,West,Grocery,455.44,0,0,0,6171.24,23.4,427.34,36,16395.74
2024-10-09,S02,Pune,West,Home & Kitchen,2166.62,0,0,0,3291.31,17.0,2096.02,26,56332.04
2024-10-09,S03,Delhi,North,Clothing,1727.7,0,0,0,6649.68,26.3,1815.18,37,63925.0
2024-10-09,S03,Delhi,North,Electronics,15434.11,0,0,0,6777.71,22.9,14947.17,24,370418.59
2024-10-09,S03,Delhi,North,Grocery,458.26,0,0,0,4713.71,23.6,426.22,47,21538.31
2024-10-09,S03,Delhi,North,Home & Kitchen,2253.6,0,0,0,2873.78,23.2,2237.44,27,60847.09
2024-10-09,S04,Bengaluru,South,Clothing,1831.97,0,0,0,5690.15,23.7,1784.24,44,80606.56
2024-10-09,S04,Bengaluru,South,Electronics,14788.12,0,0,0,1664.36,25.7,15078.53,23,340126.74
2024-10-09,S04,Bengaluru,South,Grocery,426.27,5,1,0,,22.9,433.59,43,18329.48
2024-10-09,S04,Bengaluru,South,Home & Kitchen,2130.84,0,0,0,6160.44,24.5,2206.21,44,93756.94
2024-10-10,S01,Mumbai,West,Clothing,1905.06,0,0,0,5823.79,26.2,1844.4,39,74297.16
2024-10-10,S01,Mumbai,West,Electronics,14896.02,0,0,0,4128.56,25.1,15732.5,33,491568.76
2024-10-10,S01,Mumbai,West,Grocery,450.93,0,0,0,6201.08,24.2,438.73,64,28859.32
2024-10-10,S01,Mumbai,West,Home & Kitchen,1616.56,25,1,0,7630.94,23.9,1981.37,67,108309.22
2024-10-10,S02,Pune,West,Clothing,1844.84,0,0,0,4810.35,27.3,1748.96,28,51655.6
2024-10-10,S02,Pune,West,Electronics,14616.13,0,0,0,4818.03,22.4,15105.6,27,394635.59
2024-10-10,S02,Pune,West,Grocery,480.87,0,0,0,4944.71,25.1,469.64,43,20677.29
2024-10-10,S02,Pune,West,Home & Kitchen,2155.95,0,0,0,5537.45,23.9,2157.63,23,49586.86
2024-10-10,S03,Delhi,North,Clothing,1470.48,15,1,0,6469.83,24.7,1802.62,60,88228.73
2024-10-10,S03,Delhi,North,Electronics,14565.84,0,0,0,5996.2,28.3,15901.18,31,451541.05
2024-10-10,S03,Delhi,North,Grocery,493.28,0,0,0,6142.15,24.7,488.55,44,21704.18
2024-10-10,S03,Delhi,North,Home & Kitchen,2115.0,0,0,0,6560.64,24.4,2119.49,33,69795.13
2024-10-10,S04,Bengaluru,South,Clothing,1780.99,0,0,0,4470.47,26.5,1765.79,35,62334.63
2024-10-10,S04,Bengaluru,South,Electronics,15737.07,0,0,0,6114.93,21.8,14053.41,26,409163.75
2024-10-10,S04,Bengaluru,South,Grocery,453.4,0,0,0,3013.16,25.9,439.74,38,17229.08
2024-10-10,S04,Bengaluru,South,Home & Kitchen,2244.1,0,0,0,8669.05,29.2,2248.85,41,92008.26
2024-10-11,S01,Mumbai,West,Clothing,1833.47,0,0,0,5300.6,24.7,1961.51,33,60504.58
2024-10-11,S01,Mumbai,West,Electronics,11417.44,20,1,0,1903.67,22.1,15029.48,43,490949.84
2024-10-11,S01,Mumbai,West,Grocery,366.54,15,1,0,6266.36,25.0,437.34,61,22359.08
2024-10-11,S01,Mumbai,West,Home & Kitchen,2179.19,0,0,0,6147.54,23.0,2149.66,32,69734.13
2024-10-11,S02,Pune,West,Clothing,1461.19,20,1,0,6060.41,26.7,,46,67214.78
2024-10-11,S02,Pune,West,Electronics,15403.85,0,0,0,5141.74,27.6,15845.11,31,477519.22
2024-10-11,S02,Pune,West,Grocery,455.26,0,0,0,6517.75,24.5,459.04,50,22763.15
2024-10-11,S02,Pune,West,Home & Kitchen,2198.44,0,0,0,7359.77,26.3,2405.6,22,48365.61
2024-10-11,S03,Delhi,North,Clothing,1418.25,20,1,0,5300.12,27.5,1881.31,50,70912.58
2024-10-11,S03,Delhi,North,Electronics,15462.07,0,0,0,2940.22,25.0,15790.22,24,371089.67
2024-10-11,S03,Delhi,North,Grocery,442.18,0,0,0,5220.55,25.1,418.46,38,16802.88
2024-10-11,S03,Delhi,North,Home & Kitchen,2290.01,0,0,0,5930.73,19.2,2166.49,36,82440.19
2024-10-11,S04,Bengaluru,South,Clothing,1803.5,0,0,0,4052.29,30.2,1820.76,39,70336.51
2024-10-11,S04,Bengaluru,South,Electronics,15469.36,0,0,0,4261.98,22.1,12909.88,18,278448.54
2024-10-11,S04,Bengaluru,South,Grocery,418.58,0,0,0,9136.42,23.8,454.64,55,23022.14
2024-10-11,S04,Bengaluru,South,Home & Kitchen,2266.74,0,0,0,4098.67,22.4,2182.0,26,58935.18
2024-10-12,S01,Mumbai,West,Clothing,1812.36,0,0,0,5310.04,,1785.59,61,110553.7
2024-10-12,S01,Mumbai,West,Electronics,16100.84,0,0,0,5961.49,25.5,15582.61,48,772840.47
2024-10-12,S01,Mumbai,West,Grocery,420.96,0,0,0,5219.4,21.3,445.8,76,31993.17
2024-10-12,S01,Mumbai,West,Home & Kitchen,2240.45,0,0,0,6482.41,25.6,2162.04,50,112022.27
2024-10-12,S02,Pune,West,Clothing,1822.67,0,0,0,7199.97,22.9,1806.7,35,63793.34
2024-10-12,S02,Pune,West,Electronics,13441.04,0,0,0,,19.6,15898.34,39,524200.42
2024-10-12,S02,Pune,West,Grocery,417.14,0,0,0,4692.09,22.7,435.25,66,27531.15
2024-10-12,S02,Pune,West,Home & Kitchen,2357.55,0,0,0,2868.07,23.0,2242.72,35,82514.38
2024-10-12,S03,Delhi,North,Clothing,1829.64,0,0,0,3431.02,23.2,1953.44,46,84163.29
2024-10-12,S03,Delhi,North,Electronics,15254.71,0,0,0,4168.82,22.3,15276.63,39,594933.54
2024-10-12,S03,Delhi,North,Grocery,443.12,0,0,0,5713.08,25.1,432.12,62,27473.2
2024-10-12,S03,Delhi,North,Home & Kitchen,2241.81,0,0,0,6518.89,24.0,2008.35,40,89672.54
2024-10-12,S04,Bengaluru,South,Clothing,1770.22,0,0,0,7703.89,22.7,1650.76,46,81430.25
2024-10-12,S04,Bengaluru,South,Electronics,15520.53,0,0,0,4897.9,24.4,14282.27,33,512177.43
2024-10-12,S04,Bengaluru,South,Grocery,469.05,0,0,0,5156.44,23.6,435.55,58,27204.78
2024-10-12,S04,Bengaluru,South,Home & Kitchen,2008.17,10,1,0,4797.6,27.7,2061.83,63,126514.66
2024-10-13,S01,Mumbai,West,Clothing,1725.21,0,0,0,2830.54,23.6,1750.61,58,100062.23
2024-10-13,S01,Mumbai,West,Electronics,14282.31,0,0,0,4830.25,25.6,13679.03,39,557009.94
2024-10-13,S01,Mumbai,West,Grocery,444.96,0,0,0,4452.51,25.2,490.38,63,28032.25
2024-10-13,S01,Mumbai,West,Home & Kitchen,2079.34,5,1,0,9246.6,22.0,2293.81,76,158030.04
2024-10-13,S02,Pune,West,Clothing,1692.12,0,0,0,5459.12,26.9,1765.24,33,55840.07
2024-10-13,S02,Pune,West,Electronics,14638.94,0,0,0,3920.69,,14157.01,31,453807.28
2024-10-13,S02,Pune,West,Grocery,441.01,0,0,0,4033.66,20.9,425.16,44,19404.24
2024-10-13,S02,Pune,West,Home & Kitchen,2135.19,0,0,0,5735.37,25.1,2117.14,39,83272.47
2024-10-13,S03,Delhi,North,Clothing,1352.13,25,1,0,4948.98,23.5,1747.06,86,116282.79
2024-10-13,S03,Delhi,North,Electronics,15252.55,0,0,0,6618.9,24.9,14328.61,32,488081.55
2024-10-13,S03,Delhi,North,Grocery,448.55,0,0,0,5425.32,23.9,432.13,58,26015.72
2024-10-13,S03,Delhi,North,Home & Kitchen,1708.46,25,1,0,3972.88,25.4,2351.19,69,117884.06
2024-10-13,S04,Bengaluru,South,Clothing,1714.92,0,0,0,6803.65,26.3,1794.78,55,94320.74
2024-10-13,S04,Bengaluru,South,Electronics,14752.01,0,0,0,5175.78,24.2,13170.56,21,309792.11
2024-10-13,S04,Bengaluru,South,Grocery,374.29,20,1,0,4430.38,21.5,476.88,88,32937.48
2024-10-13,S04,Bengaluru,South,Home & Kitchen,2259.04,0,0,0,8677.65,27.9,2317.13,36,81325.51
2024-10-14,S01,Mumbai,West,Clothing,1816.64,0,0,0,5738.89,20.5,1958.26,48,87198.59
2024-10-14,S01,Mumbai,West,Electronics,14528.47,0,0,0,3480.97,29.2,15647.32,28,406797.21
2024-10-14,S01,Mumbai,West,Grocery,457.57,0,0,0,3411.59,26.1,493.99,55,25166.17
2024-10-14,S01,Mumbai,West,Home & Kitchen,2119.54,0,0,0,5584.78,23.4,2231.37,34,72064.52
2024-10-14,S02,Pune,West,Clothing,1859.78,0,0,0,6874.23,22.2,1950.84,38,70671.48
2024-10-14,S02,Pune,West,Electronics,14140.32,0,0,0,3388.15,24.4,14859.77,19,268666.16
2024-10-14,S02,Pune,West,Grocery,433.75,0,0,0,6358.02,24.0,455.37,41,17783.72
2024-10-14,S02,Pune,West,Home & Kitchen,2226.82,0,0,0,4369.34,26.4,2184.46,32,71258.25
2024-10-14,S03,Delhi,North,Clothing,1581.64,10,1,0,,20.3,1840.78,56,88571.93
2024-10-14,S03,Delhi,North,Electronics,13253.2,10,1,0,4987.93,23.7,14586.56,42,556634.34
2024-10-14,S03,Delhi,North,Grocery,459.17,0,0,0,3709.99,24.9,449.22,49,22499.16
2024-10-14,S03,Delhi,North,Home & Kitchen,1928.08,10,1,0,5633.53,24.9,2298.5,42,80979.42
2024-10-14,S04,Bengaluru,South,Clothing,1832.01,0,0,0,2615.08,26.8,1781.2,27,49464.14
2024-10-14,S04,Bengaluru,South,Electronics,14406.13,0,0,0,6380.26,23.2,14263.82,32,460996.31
2024-10-14,S04,Bengaluru,South,Grocery,466.9,0,0,0,2630.1,24.9,441.66,40,18676.14
2024-10-14,S04,Bengaluru,South,Home & Kitchen,2200.01,0,0,0,4410.45,21.9,2398.22,37,81400.53
2024-10-15,S01,Mumbai,West,Clothing,1770.16,0,0,0,4503.7,24.1,1747.97,45,79657.42
2024-10-15,S01,Mumbai,West,Electronics,14531.73,0,0,0,5189.9,23.2,15132.84,42,610332.64
2024-10-15,S01,Mumbai,West,Grocery,445.11,0,0,0,4974.42,24.6,468.82,60,26706.48
2024-10-15,S01,Mumbai,West,Home & Kitchen,2258.45,0,0,0,6648.82,20.3,2359.22,37,83562.78
2024-10-15,S02,Pune,West,Clothing,1678.27,0,0,0,4648.06,23.6,1808.0,24,40278.38
2024-10-15,S02,Pune,West,Electronics,14000.66,10,1,0,6235.48,26.8,13354.87,31,434020.54
2024-10-15,S02,Pune,West,Grocery,462.45,0,0,0,4914.07,22.5,448.65,35,16185.63
2024-10-15,S02,Pune,West,Home & Kitchen,2214.57,0,0,0,4196.13,23.4,2372.81,32,70866.32
2024-10-15,S03,Delhi,North,Clothing,1847.38,0,0,0,6834.15,22.8,1815.86,49,90521.82
2024-10-15,S03,Delhi,North,Electronics,14940.27,0,0,0,6228.66,24.8,15572.44,27,403387.22
2024-10-15,S03,Delhi,North,Grocery,484.09,0,0,0,7352.39,23.6,457.99,53,25656.77
2024-10-15,S03,Delhi,North,Home & Kitchen,2259.33,0,0,0,5440.74,28.2,2107.99,44,99410.3
2024-10-15,S04,Bengaluru,South,Clothing,1900.91,0,0,0,3697.99,26.6,1784.59,36,68432.64
2024-10-15,S04,Bengaluru,South,Electronics,15639.72,0,0,0,5321.3,22.9,15181.12,30,469191.57
2024-10-15,S04,Bengaluru,South,Grocery,451.73,0,0,0,4530.72,24.7,473.14,41,18520.94
2024-10-15,S04,Bengaluru,South,Home & Kitchen,2231.88,0,0,0,4469.45,20.5,2154.66,39,87043.24
2024-10-16,S01,Mumbai,West,Clothing,1811.42,0,0,0,4750.1,23.6,1783.95,41,74268.28
2024-10-16,S01,Mumbai,West,Electronics,14326.5,0,0,0,4124.48,23.1,15470.33,25,358162.57
2024-10-16,S01,Mumbai,West,Grocery,396.69,15,1,0,6093.77,25.2,452.67,91,36098.75
2024-10-16,S01,Mumbai,West,Home & Kitchen,2233.98,0,0,0,5740.79,25.2,2257.21,25,55849.59
2024-10-16,S02,Pune,West,Clothing,1854.86,0,0,0,6634.11,20.4,1852.75,33,61210.49
2024-10-16,S02,Pune,West,Electronics,15395.45,0,0,0,4488.83,23.2,15081.89,27,415677.15
2024-10-16,S02,Pune,West,Grocery,448.73,0,0,0,5367.9,24.1,422.0,45,20193.0
2024-10-16,S02,Pune,West,Home & Kitchen,2236.95,0,0,0,5112.15,22.7,2173.56,23,51449.92
2024-10-16,S03,Delhi,North,Clothing,1817.21,0,0,0,913.64,19.9,1674.65,31,56333.59
2024-10-16,S03,Delhi,North,Electronics,15824.18,0,0,0,4384.78,25.8,15976.05,30,474725.49
2024-10-16,S03,Delhi,North,Grocery,358.8,20,1,0,8242.33,23.3,451.54,80,28704.35
2024-10-16,S03,Delhi,North,Home & Kitchen,2021.5,10,1,0,6770.32,23.1,2284.07,42,84903.01
2024-10-16,S04,Bengaluru,South,Clothing,1313.85,25,1,0,4292.63,24.5,1909.84,73,95910.87
2024-10-16,S04,Bengaluru,South,Electronics,14380.11,0,0,0,2762.11,27.1,16084.58,35,503303.86
2024-10-16,S04,Bengaluru,South,Grocery,434.83,5,1,0,4598.22,25.5,434.83,46,20002.19
2024-10-16,S04,Bengaluru,South,Home & Kitchen,2214.68,0,0,0,5270.16,22.4,2185.14,32,70869.92
2024-10-17,S01,Mumbai,West,Clothing,1352.21,25,1,0,7886.88,22.9,1864.8,88,118994.28
2024-10-17,S01,Mumbai,West,Electronics,15608.67,0,0,0,4207.36,25.5,15285.02,29,452651.35
2024-10-17,S01,Mumbai,West,Grocery,449.37,0,0,0,5922.88,23.8,419.36,45,20221.52
2024-10-17,S01,Mumbai,West,Home & Kitchen,2183.57,0,0,0,2149.95,26.5,2139.06,26,56772.72
2024-10-17,S02,Pune,West,Clothing,1805.38,0,0,0,5356.53,24.3,1798.45,37,66798.93
2024-10-17,S02,Pune,West,Electronics,14534.55,0,0,0,5559.2,29.3,15448.24,18,261621.9
2024-10-17,S02,Pune,West,Grocery,464.36,0,0,0,6472.82,23.2,448.01,48,22289.16
2024-10-17,S02,Pune,West,Home & Kitchen,2185.92,0,0,0,5134.88,25.9,2174.88,32,69949.53
2024-10-17,S03,Delhi,North,Clothing,1856.43,0,0,0,5768.71,21.3,1887.31,32,59405.86
2024-10-17,S03,Delhi,North,Electronics,15754.81,0,0,0,6081.88,24.4,14044.71,25,393870.18
2024-10-17,S03,Delhi,North,Grocery,457.49,0,0,0,5643.06,24.0,441.8,47,21501.94
2024-10-17,S03,Delhi,North,Home & Kitchen,2120.48,0,0,0,6260.22,23.8,2274.2,33,69976.0
2024-10-17,S04,Bengaluru,South,Clothing,1803.05,0,0,0,5093.55,25.4,1687.48,22,39667.1
2024-10-17,S04,Bengaluru,South,Electronics,15002.74,0,0,0,3068.65,24.3,13164.28,20,300054.86
2024-10-17,S04,Bengaluru,South,Grocery,451.89,0,0,0,3845.24,21.2,464.1,34,15364.33
2024-10-17,S04,Bengaluru,South,Home & Kitchen,2107.05,0,0,0,5610.24,26.2,2324.31,34,71639.84
2024-10-18,S01,Mumbai,West,Clothing,1825.47,0,0,0,3920.85,27.2,1688.6,43,78495.37
2024-10-18,S01,Mumbai,West,Electronics,16090.1,0,0,0,5909.44,25.6,14259.71,30,482703.05
2024-10-18,S01,Mumbai,West,Grocery,468.32,0,0,0,6044.75,25.8,454.95,51,23884.43
2024-10-18,S01,Mumbai,West,Home & Kitchen,2246.94,0,0,0,4768.22,25.8,2193.58,29,65161.36
2024-10-18,S02,Pune,West,Clothing,1845.12,0,0,0,6323.86,23.4,1746.22,31,57198.57
2024-10-18,S02,Pune,West,Electronics,15130.17,0,0,0,3662.15,25.5,16178.22,33,499295.77
2024-10-18,S02,Pune,West,Grocery,458.26,0,0,0,5208.48,22.6,446.59,40,18330.24
2024-10-18,S02,Pune,West,Home & Kitchen,2295.14,0,0,0,5277.02,25.0,2155.4,23,52788.13
2024-10-18,S03,Delhi,North,Clothing,1664.31,5,1,0,4967.62,25.3,1940.71,58,96529.69
2024-10-18,S03,Delhi,North,Electronics,14978.27,0,0,0,5643.66,24.2,16145.65,29,434369.92
2024-10-18,S03,Delhi,North,Grocery,420.85,0,0,0,5225.55,25.2,418.56,48,20200.9
2024-10-18,S03,Delhi,North,Home & Kitchen,2233.18,0,0,0,5977.02,26.5,2208.5,36,80394.53
2024-10-18,S04,Bengaluru,South,Clothing,1381.85,20,1,0,3675.26,22.1,1796.52,61,84292.81
2024-10-18,S04,Bengaluru,South,Electronics,14700.69,0,0,0,2708.14,24.9,14231.05,23,338115.77
2024-10-18,S04,Bengaluru,South,Grocery,454.36,0,0,0,1889.82,25.4,445.31,43,19537.27
2024-10-18,S04,Bengaluru,South,Home & Kitchen,2185.63,0,0,0,5370.13,20.0,2148.04,32,69940.15
2024-10-19,S01,Mumbai,West,Clothing,1435.8,20,1,0,8432.13,21.7,1864.02,57,81840.33
2024-10-19,S01,Mumbai,West,Electronics,14785.91,0,0,0,2992.43,22.9,13876.47,29,428791.47
2024-10-19,S01,Mumbai,West,Grocery,465.55,0,0,0,5128.79,24.1,432.22,69,32123.0
2024-10-19,S01,Mumbai,West,Home & Kitchen,2206.27,0,0,0,3698.43,25.6,2161.71,45,99282.29
2024-10-19,S02,Pune,West,Clothing,1808.55,0,0,0,6449.97,23.1,1756.11,41,74150.7
2024-10-19,S02,Pune,West,Electronics,15540.77,0,0,0,4748.67,19.3,13660.16,26,404060.0
2024-10-19,S02,Pune,West,Grocery,458.2,0,0,0,4776.13,23.5,448.6,61,27950.06
2024-10-19,S02,Pune,West,Home & Kitchen,2245.23,0,0,0,3303.7,23.9,2276.57,32,71847.35
2024-10-19,S03,Delhi,North,Clothing,1877.45,0,0,0,4279.71,20.6,1873.77,45,84485.32
2024-10-19,S03,Delhi,North,Electronics,15086.26,0,0,0,4627.56,27.0,14415.19,34,512932.93
2024-10-19,S03,Delhi,North,Grocery,450.87,0,0,0,6125.5,22.7,491.77,66,29757.57
2024-10-19,S03,Delhi,North,Home & Kitchen,2136.11,0,0,0,5713.64,24.1,2252.38,53,113213.99
2024-10-19,S04,Bengaluru,South,Clothing,1811.36,0,0,0,3978.35,27.5,1744.54,43,77888.65
2024-10-19,S04,Bengaluru,South,Electronics,15033.93,0,0,0,4116.99,24.2,15296.49,25,375848.23
2024-10-19,S04,Bengaluru,South,Grocery,468.47,0,0,0,4446.72,23.6,476.27,57,26702.65
2024-10-19,S04,Bengaluru,South,Home & Kitchen,2099.72,0,0,0,6442.87,25.0,2294.35,44,92387.62
2024-10-20,S01,Mumbai,West,Clothing,1850.49,0,0,0,7166.71,25.4,1852.5,48,88823.57
2024-10-20,S01,Mumbai,West,Electronics,14405.81,0,0,0,6570.97,23.2,14465.96,44,633855.62
2024-10-20,S01,Mumbai,West,Grocery,464.19,0,0,0,6642.36,21.7,486.69,72,33421.85
2024-10-20,S01,Mumbai,West,Home & Kitchen,2287.87,0,0,0,5347.15,25.7,2253.68,44,100666.27
2024-10-20,S02,Pune,West,Clothing,1856.36,0,0,0,3587.57,23.7,1897.29,37,68685.42
2024-10-20,S02,Pune,West,Electronics,15610.74,0,0,0,3569.7,21.1,14183.96,26,405879.14
2024-10-20,S02,Pune,West,Grocery,433.49,0,0,0,4196.91,23.9,461.06,49,21240.78
2024-10-20,S02,Pune,West,Home & Kitchen,1909.34,15,1,0,7961.86,25.2,2142.21,55,105013.57
2024-10-20,S03,Delhi,North,Clothing,1791.15,5,1,0,6749.71,20.8,1743.11,38,68063.8
2024-10-20,S03,Delhi,North,Electronics,14012.25,0,0,0,6039.58,25.1,15501.59,41,574502.4
2024-10-20,S03,Delhi,North,Grocery,337.36,25,1,0,8268.28,24.4,455.96,111,37446.65
2024-10-20,S03,Delhi,North,Home & Kitchen,2205.23,0,0,0,5737.05,27.0,2262.7,42,92619.51
2024-10-20,S04,Bengaluru,South,Clothing,1764.67,0,0,0,5626.41,21.8,1780.58,47,82939.32
2024-10-20,S04,Bengaluru,South,Electronics,14230.86,0,0,0,5447.32,24.1,14662.09,34,483849.12
2024-10-20,S04,Bengaluru,South,Grocery,426.1,0,0,0,5644.84,22.2,493.09,79,33661.97
2024-10-20,S04,Bengaluru,South,Home & Kitchen,2241.74,0,0,0,2905.66,24.2,2192.68,34,76219.24
2024-10-21,S01,Mumbai,West,Clothing,1652.95,0,0,0,6129.18,28.4,1914.24,46,76035.68
2024-10-21,S01,Mumbai,West,Electronics,13993.38,0,0,0,2903.47,25.1,15423.69,34,475775.04
2024-10-21,S01,Mumbai,West,Grocery,433.75,0,0,0,4437.61,25.6,413.86,52,22555.13
2024-10-21,S01,Mumbai,West,Home & Kitchen,2209.98,0,0,0,3813.48,25.4,2206.58,35,77349.29
2024-10-21,S02,Pune,West,Clothing,1800.87,0,0,0,5107.94,22.8,1867.3,34,61229.65
2024-10-21,S02,Pune,West,Electronics,14817.39,0,0,0,5281.36,24.5,15108.1,30,444521.83
2024-10-21,S02,Pune,West,Grocery,456.82,0,0,0,,25.4,410.36,41,18729.46
2024-10-21,S02,Pune,West,Home & Kitchen,2106.66,0,0,0,5121.71,25.9,2295.95,29,61093.13
2024-10-21,S03,Delhi,North,Clothing,1849.23,0,0,0,7881.64,20.5,1677.89,54,99858.31
2024-10-21,S03,Delhi,North,Electronics,15541.78,0,0,0,1760.19,24.4,17100.79,25,388544.54
2024-10-21,S03,Delhi,North,Grocery,463.76,0,0,0,7856.08,23.1,462.77,50,23187.91
2024-10-21,S03,Delhi,North,Home & Kitchen,2357.24,0,0,0,6025.63,25.6,2242.3,32,75431.54
2024-10-21,S04,Bengaluru,South,Clothing,1791.52,0,0,0,4799.49,22.1,1874.86,48,85992.74
2024-10-21,S04,Bengaluru,South,Electronics,15382.81,0,0,0,3644.77,28.3,15121.97,29,446101.6
2024-10-21,S04,Bengaluru,South,Grocery,455.93,0,0,0,3494.53,23.1,454.71,55,25076.14
2024-10-21,S04,Bengaluru,South,Home & Kitchen,2214.72,0,0,0,4657.71,22.7,,31,68656.4
2024-10-22,S01,Mumbai,West,Clothing,1810.26,0,0,0,3529.07,26.2,1880.1,39,70600.13
2024-10-22,S01,Mumbai,West,Electronics,14890.15,0,0,0,4005.95,22.3,15517.57,29,431814.38
2024-10-22,S01,Mumbai,West,Grocery,450.23,0,0,0,2833.96,20.7,458.65,63,28364.58
2024-10-22,S01,Mumbai,West,Home & Kitchen,2287.38,0,0,0,5908.52,25.2,2130.86,40,91495.17
2024-10-22,S02,Pune,West,Clothing,1815.17,0,0,0,6435.8,24.1,1666.02,33,59900.61
2024-10-22,S02,Pune,West,Electronics,14006.01,0,0,0,2551.51,21.7,13786.21,24,336144.35
2024-10-22,S02,Pune,West,Grocery,468.45,0,0,0,4487.41,24.8,424.98,47,22017.1
2024-10-22,S02,Pune,West,Home & Kitchen,1654.77,25,1,0,7068.89,23.9,2316.9,54,89357.52
2024-10-22,S03,Delhi,North,Clothing,1552.39,15,1,0,4707.87,25.6,1857.7,46,71410.09
2024-10-22,S03,Delhi,North,Electronics,13801.98,10,1,0,4045.79,24.1,13807.72,35,483069.3
2024-10-22,S03,Delhi,North,Grocery,443.02,0,0,0,4187.74,22.5,434.79,51,22593.82
2024-10-22,S03,Delhi,North,Home & Kitchen,2112.22,5,1,0,6035.73,24.3,2216.63,28,59142.07
2024-10-22,S04,Bengaluru,South,Clothing,1852.73,0,0,0,3034.86,23.4,1788.42,36,66698.39
2024-10-22,S04,Bengaluru,South,Electronics,15616.73,0,0,0,3846.1,25.1,15282.92,25,390418.17
2024-10-22,S04,Bengaluru,South,Grocery,438.75,0,0,0,4348.36,22.4,492.81,40,17549.87
2024-10-22,S04,Bengaluru,South,Home & Kitchen,2262.9,0,0,0,6630.54,23.0,2136.39,33,74675.83
2024-10-23,S01,Mumbai,West,Clothing,1678.44,10,1,0,2064.67,23.9,1917.0,48,80565.17
2024-10-23,S01,Mumbai,West,Electronics,14857.64,0,0,0,7884.42,23.2,13974.04,33,490301.97
2024-10-23,S01,Mumbai,West,Grocery,373.21,20,1,0,6858.7,24.6,430.33,72,26870.83
2024-10-23,S01,Mumbai,West,Home & Kitchen,2076.34,0,0,0,6471.54,25.4,2200.95,40,83053.56
2024-10-23,S02,Pune,West,Clothing,1457.49,20,1,0,8009.67,26.6,1687.63,53,77246.74
2024-10-23,S02,Pune,West,Electronics,14595.66,0,0,0,5227.37,,15129.16,33,481656.68
2024-10-23,S02,Pune,West,Grocery,430.46,0,0,0,4923.35,28.2,439.04,50,21523.21
2024-10-23,S02,Pune,West,Home & Kitchen,1949.71,10,1,0,8186.28,24.6,2267.48,37,72139.44
2024-10-23,S03,Delhi,North,Clothing,1826.81,0,0,0,4856.57,27.3,1702.85,36,65765.07
2024-10-23,S03,Delhi,North,Electronics,14397.52,5,1,0,5165.47,22.9,15378.9,27,388732.99
2024-10-23,S03,Delhi,North,Grocery,433.5,0,0,0,6568.73,26.1,443.32,46,19940.89
2024-10-23,S03,Delhi,North,Home & Kitchen,2196.78,0,0,0,6718.82,24.0,2209.43,38,83477.45
2024-10-23,S04,Bengaluru,South,Clothing,1542.84,15,1,0,6182.86,22.9,1775.29,32,49370.72
2024-10-23,S04,Bengaluru,South,Electronics,15470.12,0,0,0,3783.83,29.3,14691.14,31,479573.7
2024-10-23,S04,Bengaluru,South,Grocery,434.45,0,0,0,4273.06,24.7,446.59,41,17812.34
2024-10-23,S04,Bengaluru,South,Home & Kitchen,2124.91,0,0,0,1553.88,23.6,2195.39,22,46747.94
2024-10-24,S01,Mumbai,West,Clothing,1520.79,20,1,0,7941.9,21.7,1790.06,67,101892.67
2024-10-24,S01,Mumbai,West,Electronics,14706.92,0,0,0,6691.03,24.2,14264.18,26,382379.84
2024-10-24,S01,Mumbai,West,Grocery,453.68,0,0,0,5189.57,23.2,449.79,44,19961.77
2024-10-24,S01,Mumbai,West,Home & Kitchen,2230.31,0,0,0,6805.36,22.7,2250.73,33,73600.18
2024-10-24,S02,Pune,West,Clothing,1901.45,0,0,0,6880.15,21.9,1692.62,44,83663.65
2024-10-24,S02,Pune,West,Electronics,11508.57,25,1,0,5498.29,23.1,15467.25,33,379782.94
2024-10-24,S02,Pune,West,Grocery,445.72,0,0,0,5430.36,24.3,479.84,49,21840.21
2024-10-24,S02,Pune,West,Home & Kitchen,2143.13,0,0,0,2118.32,25.0,2175.34,27,57864.56
2024-10-24,S03,Delhi,North,Clothing,1817.86,0,0,0,2636.78,23.9,1711.82,33,59989.25
2024-10-24,S03,Delhi,North,Electronics,14728.92,0,0,0,6759.05,21.5,14764.54,21,309307.41
2024-10-24,S03,Delhi,North,Grocery,339.83,25,1,0,5843.04,24.7,476.39,81,27525.87
2024-10-24,S03,Delhi,North,Home & Kitchen,2106.33,0,0,0,4884.55,23.5,2137.6,27,56870.88
2024-10-24,S04,Bengaluru,South,Clothing,1792.9,0,0,0,5194.18,24.9,1588.56,35,62751.39
2024-10-24,S04,Bengaluru,South,Electronics,14499.26,0,0,0,3987.39,25.6,15903.52,30,434977.89
2024-10-24,S04,Bengaluru,South,Grocery,448.29,0,0,0,5136.54,23.1,454.51,48,21517.75
2024-10-24,S04,Bengaluru,South,Home & Kitchen,2206.52,0,0,0,3025.18,24.2,2203.83,26,57369.49
2024-10-25,S01,Mumbai,West,Clothing,1839.53,0,0,0,5167.08,21.3,1722.36,36,66222.93
2024-10-25,S01,Mumbai,West,Electronics,13589.66,10,1,0,6175.69,26.0,14457.57,43,584355.25
2024-10-25,S01,Mumbai,West,Grocery,343.11,25,1,0,6894.48,23.1,464.99,87,29850.82
2024-10-25,S01,Mumbai,West,Home & Kitchen,2173.74,0,0,0,7428.89,23.6,2089.29,43,93470.87
2024-10-25,S02,Pune,West,Clothing,1374.31,25,1,0,6188.51,25.7,1895.41,61,83832.98
2024-10-25,S02,Pune,West,Electronics,15944.5,0,0,0,5271.45,21.6,14039.03,25,398612.56
2024-10-25,S02,Pune,West,Grocery,341.09,25,1,0,6509.01,22.7,503.28,79,26945.99
2024-10-25,S02,Pune,West,Home & Kitchen,2158.65,0,0,0,5945.69,23.1,2046.17,28,60442.29
2024-10-25,S03,Delhi,North,Clothing,1466.97,15,1,0,6789.3,25.9,1818.84,60,88018.32
2024-10-25,S03,Delhi,North,Electronics,15029.89,0,0,0,2830.74,25.3,15335.43,23,345687.41
2024-10-25,S03,Delhi,North,Grocery,428.95,0,0,0,2586.26,24.8,400.38,33,14155.43
2024-10-25,S03,Delhi,North,Home & Kitchen,1889.93,15,1,0,2955.64,23.9,2299.92,42,79376.97
2024-10-25,S04,Bengaluru,South,Clothing,1486.73,15,1,0,6386.44,23.4,1870.61,50,74336.55
2024-10-25,S04,Bengaluru,South,Electronics,15195.41,0,0,0,5885.36,22.7,16821.73,30,455862.35
2024-10-25,S04,Bengaluru,South,Grocery,433.09,0,0,0,7511.82,23.8,447.62,44,19055.86
2024-10-25,S04,Bengaluru,South,Home & Kitchen,2208.76,0,0,0,6061.03,27.3,2074.01,27,59636.55
2024-10-26,S01,Mumbai,West,Clothing,1512.79,20,1,0,4658.64,23.2,1989.9,75,113459.02
2024-10-26,S01,Mumbai,West,Electronics,15177.83,0,0,0,3589.2,22.8,14732.02,45,683002.26
2024-10-26,S01,Mumbai,West,Grocery,431.26,0,0,0,3103.32,24.3,472.99,76,32776.03
2024-10-26,S01,Mumbai,West,Home & Kitchen,2143.3,0,0,0,2485.96,24.1,2234.87,38,81445.5
2024-10-26,S02,Pune,West,Clothing,1728.89,0,0,0,7310.31,24.4,1644.18,33,57053.37
2024-10-26,S02,Pune,West,Electronics,13478.0,10,1,0,3025.92,22.1,15099.44,35,471729.94
2024-10-26,S02,Pune,West,Grocery,451.32,0,0,0,6520.55,23.7,450.11,68,30689.98
2024-10-26,S02,Pune,West,Home & Kitchen,2196.31,0,0,0,4753.73,26.4,2175.36,34,74674.52
2024-10-26,S03,Delhi,North,Clothing,1767.67,0,0,0,3965.0,21.7,1866.23,39,68939.23
2024-10-26,S03,Delhi,North,Electronics,15659.59,0,0,0,4947.97,26.6,14535.77,40,626383.56
2024-10-26,S03,Delhi,North,Grocery,439.15,0,0,0,6257.1,22.1,467.18,62,27227.29
2024-10-26,S03,Delhi,North,Home & Kitchen,2194.31,0,0,0,6868.07,22.3,2417.96,43,94355.53
2024-10-26,S04,Bengaluru,South,Clothing,1836.92,0,0,0,2888.57,22.3,1653.92,39,71639.77
2024-10-26,S04,Bengaluru,South,Electronics,14922.92,0,0,0,4437.9,26.5,14199.6,45,671531.4
2024-10-26,S04,Bengaluru,South,Grocery,433.06,0,0,0,5316.17,23.1,427.44,33,14291.04
2024-10-26,S04,Bengaluru,South,Home & Kitchen,2332.77,0,0,0,5124.16,23.2,2221.6,32,74648.71
2024-10-27,S01,Mumbai,West,Clothing,1809.12,0,0,0,6760.34,22.6,1662.6,42,75983.15
2024-10-27,S01,Mumbai,West,Electronics,15145.39,0,0,0,4206.09,20.3,13978.46,29,439216.24
2024-10-27,S01,Mumbai,West,Grocery,475.9,0,0,0,7686.19,22.6,448.63,66,31409.64
2024-10-27,S01,Mumbai,West,Home & Kitchen,2276.46,0,0,0,3201.5,23.3,2026.34,53,120652.44
2024-10-27,S02,Pune,West,Clothing,1504.11,15,1,0,4817.03,24.7,1870.78,61,91750.91
2024-10-27,S02,Pune,West,Electronics,14726.93,0,0,0,5982.07,25.7,14090.84,37,544896.42
2024-10-27,S02,Pune,West,Grocery,375.52,20,1,0,5874.33,25.1,451.02,80,30041.21
2024-10-27,S02,Pune,West,Home & Kitchen,1895.62,15,1,0,7833.98,21.9,2126.46,45,85303.1
2024-10-27,S03,Delhi,North,Clothing,1794.38,0,0,0,7364.08,26.5,1769.75,58,104074.17
2024-10-27,S03,Delhi,North,Electronics,14404.73,5,1,0,6571.38,24.9,13140.4,29,417737.3
2024-10-27,S03,Delhi,North,Grocery,450.74,0,0,0,7201.01,23.5,444.44,65,29298.26
2024-10-27,S03,Delhi,North,Home & Kitchen,2071.66,0,0,0,5702.03,25.4,2076.81,42,87009.7
2024-10-27,S04,Bengaluru,South,Clothing,1739.33,0,0,0,6471.39,21.8,1757.63,56,97402.68
2024-10-27,S04,Bengaluru,South,Electronics,14999.7,0,0,0,6535.71,23.8,15695.19,45,674986.72
2024-10-27,S04,Bengaluru,South,Grocery,427.57,0,0,0,3264.92,23.7,482.95,64,27364.47
2024-10-27,S04,Bengaluru,South,Home & Kitchen,2187.21,0,0,0,4029.59,23.8,1957.32,24,52492.92
2024-10-28,S01,Mumbai,West,Clothing,1800.15,0,0,0,3707.66,22.6,1671.61,37,66605.72
2024-10-28,S01,Mumbai,West,Electronics,14857.74,0,0,0,5109.91,20.2,13933.46,29,430874.57
2024-10-28,S01,Mumbai,West,Grocery,439.32,0,0,0,6065.75,25.0,467.13,67,29434.2
2024-10-28,S01,Mumbai,West,Home & Kitchen,2258.68,0,0,0,9391.72,20.9,2321.61,46,103899.27
2024-10-28,S02,Pune,West,Clothing,1832.29,0,0,0,2757.85,23.9,1835.85,30,54968.77
2024-10-28,S02,Pune,West,Electronics,16079.71,0,0,0,4551.89,20.0,16031.57,20,321594.25
2024-10-28,S02,Pune,West,Grocery,459.83,0,0,0,7064.58,26.0,395.02,38,17473.72
2024-10-28,S02,Pune,West,Home & Kitchen,2264.79,0,0,0,3798.0,23.7,2114.31,34,77002.72
2024-10-28,S03,Delhi,North,Clothing,1657.14,5,1,0,6648.58,22.6,1781.4,52,86171.35
2024-10-28,S03,Delhi,North,Electronics,16184.25,0,0,0,5371.31,25.1,14434.64,21,339869.26
2024-10-28,S03,Delhi,North,Grocery,417.64,0,0,0,6459.54,25.2,459.36,68,28399.81
2024-10-28,S03,Delhi,North,Home & Kitchen,2132.35,0,0,0,4776.55,27.8,2203.78,34,72499.79
2024-10-28,S04,Bengaluru,South,Clothing,1871.27,0,0,0,4254.0,26.4,1722.92,28,52395.64
2024-10-28,S04,Bengaluru,South,Electronics,15746.72,0,0,0,4080.01,27.0,16580.87,24,377921.23
2024-10-28,S04,Bengaluru,South,Grocery,443.49,0,0,0,4814.14,21.7,453.54,50,22174.63
2024-10-28,S04,Bengaluru,South,Home & Kitchen,2055.46,5,1,0,6565.74,25.2,2273.99,32,65774.61
2024-10-29,S01,Mumbai,West,Clothing,1828.59,0,0,0,4363.77,23.3,1850.86,43,78629.3
2024-10-29,S01,Mumbai,West,Electronics,14504.27,0,0,0,5056.28,21.5,14383.62,21,304589.67
2024-10-29,S01,Mumbai,West,Grocery,423.08,0,0,0,4568.0,24.1,435.09,47,19884.54
2024-10-29,S01,Mumbai,West,Home & Kitchen,2067.57,0,0,0,6514.29,21.5,2257.99,34,70297.47
2024-10-29,S02,Pune,West,Clothing,1868.03,0,0,0,4583.58,22.6,1813.21,27,50436.71
2024-10-29,S02,Pune,West,Electronics,15182.58,0,0,0,5325.67,26.1,15154.98,31,470659.97
2024-10-29,S02,Pune,West,Grocery,341.61,25,1,0,5552.24,26.7,470.35,80,27328.93
2024-10-29,S02,Pune,West,Home & Kitchen,2261.69,0,0,0,6403.02,25.5,2173.67,17,38448.73
2024-10-29,S03,Delhi,North,Clothing,1877.48,0,0,0,4575.14,25.3,1789.93,34,63834.41
2024-10-29,S03,Delhi,North,Electronics,12292.13,20,1,0,5822.54,22.2,15260.25,42,516269.53
2024-10-29,S03,Delhi,North,Grocery,446.55,0,0,0,4746.36,24.7,487.46,40,17861.92
2024-10-29,S03,Delhi,North,Home & Kitchen,2263.12,0,0,0,5171.1,20.4,2128.11,21,47525.51
2024-10-29,S04,Bengaluru,South,Clothing,1805.65,0,0,0,3273.06,25.1,1594.69,32,57780.82
2024-10-29,S04,Bengaluru,South,Electronics,12583.55,15,1,0,5910.24,22.6,16085.37,42,528509.09
2024-10-29,S04,Bengaluru,South,Grocery,457.18,0,0,0,5536.43,20.0,440.57,40,18287.15
2024-10-29,S04,Bengaluru,South,Home & Kitchen,2202.11,0,0,0,5658.76,22.0,2285.06,35,77073.89
2024-10-30,S01,Mumbai,West,Clothing,1799.83,0,0,0,5787.34,23.8,1946.25,52,93591.03
2024-10-30,S01,Mumbai,West,Electronics,15299.62,0,0,0,4863.69,21.4,15064.69,32,489588.0
2024-10-30,S01,Mumbai,West,Grocery,445.26,0,0,0,3596.82,22.8,455.52,56,24934.55
2024-10-30,S01,Mumbai,West,Home & Kitchen,2247.22,0,0,0,5336.67,24.5,2379.22,33,74158.35
2024-10-30,S02,Pune,West,Clothing,1320.75,25,1,0,8152.52,24.9,1757.43,56,73962.1
2024-10-30,S02,Pune,West,Electronics,14447.5,0,0,0,2194.89,26.1,14519.95,30,433425.13
2024-10-30,S02,Pune,West,Grocery,391.88,15,1,0,6667.37,22.0,460.12,48,18810.33
2024-10-30,S02,Pune,West,Home & Kitchen,2219.32,0,0,0,3417.49,21.9,2252.72,21,46605.67
2024-10-30,S03,Delhi,North,Clothing,1827.02,0,0,0,4585.57,23.9,1717.55,34,62118.65
2024-10-30,S03,Delhi,North,Electronics,14586.55,0,0,0,4069.12,22.8,16011.91,41,598048.62
2024-10-30,S03,Delhi,North,Grocery,471.34,0,0,0,5581.29,29.1,439.25,40,18853.46
2024-10-30,S03,Delhi,North,Home & Kitchen,2289.6,0,0,0,7260.55,26.4,2260.55,34,77846.28
2024-10-30,S04,Bengaluru,South,Clothing,1744.02,0,0,0,5105.14,21.4,1812.51,33,57552.79
2024-10-30,S04,Bengaluru,South,Electronics,15305.69,0,0,0,4592.76,20.8,14483.21,28,428559.44
2024-10-30,S04,Bengaluru,South,Grocery,461.14,0,0,0,3164.52,29.3,433.93,52,23979.42
2024-10-30,S04,Bengaluru,South,Home & Kitchen,1962.66,15,1,0,4399.79,27.2,2115.93,37,72618.25
2024-10-31,S01,Mumbai,West,Clothing,1757.75,0,0,1,3329.6,,1817.06,60,105465.16
2024-10-31,S01,Mumbai,West,Electronics,15005.63,0,0,1,4953.75,23.7,14114.55,41,615230.88
2024-10-31,S01,Mumbai,West,Grocery,375.26,10,1,1,7938.88,26.7,472.55,101,37901.57
2024-10-31,S01,Mumbai,West,Home & Kitchen,2239.21,0,0,1,5048.06,25.8,2077.17,37,82850.91
2024-10-31,S02,Pune,West,Clothing,1920.95,0,0,1,3370.69,25.0,1906.98,33,63391.46
2024-10-31,S02,Pune,West,Electronics,14946.49,0,0,1,3135.9,23.3,14071.39,17,254090.36
2024-10-31,S02,Pune,West,Grocery,460.32,0,0,1,4724.34,26.6,,51,23476.21
2024-10-31,S02,Pune,West,Home & Kitchen,2203.67,0,0,1,5603.32,25.7,2131.49,47,103572.54
2024-10-31,S03,Delhi,North,Clothing,1706.62,10,1,1,6656.51,20.2,1765.79,77,131409.9
2024-10-31,S03,Delhi,North,Electronics,11852.11,20,1,1,5555.99,21.4,15304.15,61,722978.8
2024-10-31,S03,Delhi,North,Grocery,428.25,0,0,1,6048.28,24.4,389.2,65,27836.38
2024-10-31,S03,Delhi,North,Home & Kitchen,2209.25,0,0,1,5150.09,24.5,2246.92,42,92788.47
2024-10-31,S04,Bengaluru,South,Clothing,1718.1,0,0,1,5993.82,25.3,1762.04,46,79032.37
2024-10-31,S04,Bengaluru,South,Electronics,14214.72,0,0,1,5317.77,24.2,14753.87,33,469085.64
2024-10-31,S04,Bengaluru,South,Grocery,476.7,0,0,1,3626.32,24.1,492.61,75,35752.67
2024-10-31,S04,Bengaluru,South,Home & Kitchen,2256.63,0,0,1,4885.06,22.3,2206.29,42,94778.41
2024-11-01,S01,Mumbai,West,Clothing,1772.18,0,0,1,4835.78,17.5,1889.94,59,104558.44
2024-11-01,S01,Mumbai,West,Electronics,13089.8,15,1,1,5614.12,17.6,14913.15,60,785387.81
2024-11-01,S01,Mumbai,West,Grocery,435.35,0,0,1,3347.35,20.4,457.47,61,26556.4
2024-11-01,S01,Mumbai,West,Home & Kitchen,2152.28,0,0,1,4914.71,20.0,2324.68,45,96852.48
2024-11-01,S02,Pune,West,Clothing,1809.48,0,0,1,2795.21,18.4,1810.21,48,86855.17
2024-11-01,S02,Pune,West,Electronics,12359.97,20,1,1,5297.72,17.2,15291.86,58,716878.49
2024-11-01,S02,Pune,West,Grocery,450.55,0,0,1,8139.71,19.9,421.96,55,24780.49
2024-11-01,S02,Pune,West,Home & Kitchen,2178.58,0,0,1,5426.39,20.4,2048.77,27,58821.76
2024-11-01,S03,Delhi,North,Clothing,1474.13,20,1,1,7243.97,18.2,1654.43,69,101715.25
2024-11-01,S03,Delhi,North,Electronics,12478.5,15,1,1,7754.58,19.5,16104.57,61,761188.39
2024-11-01,S03,Delhi,North,Grocery,352.62,20,1,1,7031.33,18.7,425.44,95,33498.82
2024-11-01,S03,Delhi,North,Home & Kitchen,2271.13,0,0,1,7278.58,22.1,2214.82,43,97658.43
2024-11-01,S04,Bengaluru,South,Clothing,1782.07,0,0,1,5894.43,19.4,1846.21,48,85539.35
2024-11-01,S04,Bengaluru,South,Electronics,15032.38,0,0,1,5690.56,22.9,13700.57,34,511101.08
2024-11-01,S04,Bengaluru,South,Grocery,422.31,5,1,1,4319.46,25.9,446.78,50,21115.4
2024-11-01,S04,Bengaluru,South,Home & Kitchen,2243.08,0,0,1,3236.14,20.9,2151.65,36,80750.91
2024-11-02,S01,Mumbai,West,Clothing,1739.94,0,0,0,6633.71,18.6,1620.38,34,59158.09
2024-11-02,S01,Mumbai,West,Electronics,15355.53,0,0,0,2837.03,18.6,15793.91,28,429954.95
2024-11-02,S01,Mumbai,West,Grocery,484.54,0,0,0,8392.05,21.3,438.09,60,29072.39
2024-11-02,S01,Mumbai,West,Home & Kitchen,2144.87,0,0,0,2099.38,25.5,2302.94,38,81505.06
2024-11-02,S02,Pune,West,Clothing,1822.71,0,0,0,2419.24,17.3,1670.02,39,71085.71
2024-11-02,S02,Pune,West,Electronics,14968.33,0,0,0,7063.25,21.1,16018.45,23,344271.63
2024-11-02,S02,Pune,West,Grocery,445.21,0,0,0,4474.04,18.1,494.55,47,20924.87
2024-11-02,S02,Pune,West,Home & Kitchen,2183.66,0,0,0,4766.87,22.7,2094.54,45,98264.65
2024-11-02,S03,Delhi,North,Clothing,1724.58,0,0,0,3246.75,20.3,1866.19,51,87953.45
2024-11-02,S03,Delhi,North,Electronics,15385.97,0,0,0,3967.54,22.0,14629.92,31,476964.98
2024-11-02,S03,Delhi,North,Grocery,457.94,0,0,0,6845.12,19.1,450.29,54,24728.99
2024-11-02,S03,Delhi,North,Home & Kitchen,1985.97,10,1,0,6849.0,18.8,2134.94,53,105256.52
2024-11-02,S04,Bengaluru,South,Clothing,1780.51,0,0,0,6930.7,16.8,1849.0,37,65879.03
2024-11-02,S04,Bengaluru,South,Electronics,15418.93,0,0,0,4932.52,18.7,14572.53,31,477986.74
2024-11-02,S04,Bengaluru,South,Grocery,437.73,5,1,0,5662.45,19.8,446.55,46,20135.61
2024-11-02,S04,Bengaluru,South,Home & Kitchen,2184.61,0,0,0,6729.82,19.5,2156.2,34,74276.83
2024-11-03,S01,Mumbai,West,Clothing,1645.68,10,1,0,6380.0,19.7,1755.04,67,110260.5
2024-11-03,S01,Mumbai,West,Electronics,14360.21,0,0,0,4225.23,18.5,14023.67,43,617488.9
2024-11-03,S01,Mumbai,West,Grocery,444.87,0,0,0,4080.19,22.8,443.72,45,20019.13
2024-11-03,S01,Mumbai,West,Home & Kitchen,2095.02,0,0,0,3841.51,18.2,2179.95,46,96371.01
2024-11-03,S02,Pune,West,Clothing,1732.28,0,0,0,6103.92,20.2,1690.98,52,90078.56
2024-11-03,S02,Pune,West,Electronics,15357.46,0,0,0,5790.91,19.0,14421.37,28,430008.94
2024-11-03,S02,Pune,West,Grocery,347.53,25,1,0,5531.64,19.6,484.21,87,30234.84
2024-11-03,S02,Pune,West,Home & Kitchen,2148.5,0,0,0,3451.87,21.2,2385.94,38,81643.02
2024-11-03,S03,Delhi,North,Clothing,1870.58,0,0,0,4777.1,16.3,2050.94,53,99140.57
2024-11-03,S03,Delhi,North,Electronics,15519.1,0,0,0,1760.99,18.6,14568.91,21,325901.06
2024-11-03,S03,Delhi,North,Grocery,461.01,0,0,0,6414.48,18.3,487.1,60,27660.5
2024-11-03,S03,Delhi,North,Home & Kitchen,1939.08,10,1,0,5346.9,19.6,2147.97,42,81441.16
2024-11-03,S04,Bengaluru,South,Clothing,1824.55,0,0,0,4047.43,17.5,1855.36,36,65683.67
2024-11-03,S04,Bengaluru,South,Electronics,14932.4,0,0,0,8936.92,21.2,14595.25,45,671957.87
2024-11-03,S04,Bengaluru,South,Grocery,452.43,0,0,0,4436.22,19.9,473.11,51,23074.0
2024-11-03,S04,Bengaluru,South,Home & Kitchen,2185.46,0,0,0,2659.21,20.0,2171.71,28,61192.87
2024-11-04,S01,Mumbai,West,Clothing,1800.62,0,0,0,6871.14,19.6,1631.34,34,61220.92
2024-11-04,S01,Mumbai,West,Electronics,14354.6,0,0,0,6371.94,19.1,14845.17,38,545474.8
2024-11-04,S01,Mumbai,West,Grocery,323.04,25,1,0,9096.91,22.8,472.85,116,37473.06
2024-11-04,S01,Mumbai,West,Home & Kitchen,2177.72,0,0,0,4832.23,20.9,2158.57,43,93642.08
2024-11-04,S02,Pune,West,Clothing,1860.24,0,0,0,2828.59,21.5,1651.97,22,40925.19
2024-11-04,S02,Pune,West,Electronics,10708.31,25,1,0,6233.78,17.0,14670.27,36,385499.16
2024-11-04,S02,Pune,West,Grocery,439.97,0,0,0,5172.11,22.4,456.62,43,18918.64
2024-11-04,S02,Pune,West,Home & Kitchen,2171.72,0,0,0,4446.95,19.7,2260.36,30,65151.65
2024-11-04,S03,Delhi,North,Clothing,1775.66,0,0,0,4996.01,20.6,,42,74577.92
2024-11-04,S03,Delhi,North,Electronics,15772.33,0,0,0,5699.26,19.9,15257.31,23,362763.57
2024-11-04,S03,Delhi,North,Grocery,450.78,0,0,0,4131.76,18.7,441.27,38,17129.73
2024-11-04,S03,Delhi,North,Home & Kitchen,2349.71,0,0,0,3035.39,22.5,2116.33,23,54043.25
2024-11-04,S04,Bengaluru,South,Clothing,1744.5,0,0,0,2570.79,22.0,1845.63,26,45357.13
2024-11-04,S04,Bengaluru,South,Electronics,15276.66,0,0,0,7189.57,18.7,15343.14,32,488853.27
2024-11-04,S04,Bengaluru,South,Grocery,452.04,0,0,0,2472.88,19.4,484.83,37,16725.37
2024-11-04,S04,Bengaluru,South,Home & Kitchen,2298.46,0,0,0,4806.16,24.0,2184.57,30,68953.75
2024-11-05,S01,Mumbai,West,Clothing,1780.54,0,0,0,6700.4,23.7,1870.24,36,64099.6
2024-11-05,S01,Mumbai,West,Electronics,14660.01,0,0,0,2947.5,22.6,15768.57,30,439800.2
2024-11-05,S01,Mumbai,West,Grocery,337.76,25,1,0,5667.95,21.2,425.43,82,27696.0
2024-11-05,S01,Mumbai,West,Home & Kitchen,2188.29,0,0,0,3926.21,22.6,2080.63,38,83154.86
2024-11-05,S02,Pune,West,Clothing,1775.93,0,0,0,5823.55,22.0,1908.03,34,60381.54
2024-11-05,S02,Pune,West,Electronics,13636.89,5,1,0,4336.25,23.8,14435.89,39,531838.73
2024-11-05,S02,Pune,West,Grocery,404.12,10,1,0,5519.81,20.9,472.32,43,17377.24
2024-11-05,S02,Pune,West,Home & Kitchen,2223.35,0,0,0,6384.3,20.5,2094.65,22,48913.76
2024-11-05,S03,Delhi,North,Clothing,1873.68,0,0,0,5317.55,17.2,1907.2,44,82442.13
2024-11-05,S03,Delhi,North,Electronics,14850.43,0,0,0,7243.76,,14718.75,36,534615.6
2024-11-05,S03,Delhi,North,Grocery,447.49,0,0,0,5039.72,20.2,484.83,51,22821.74
2024-11-05,S03,Delhi,North,Home & Kitchen,2111.25,0,0,0,5137.06,19.9,2010.63,38,80227.46
2024-11-05,S04,Bengaluru,South,Clothing,1842.45,0,0,0,4508.53,22.7,1844.37,40,73698.14
2024-11-05,S04,Bengaluru,South,Electronics,14635.24,0,0,0,4093.34,21.9,14147.83,29,424422.09
2024-11-05,S04,Bengaluru,South,Grocery,455.05,0,0,0,4127.89,21.1,438.43,32,14561.46
2024-11-05,S04,Bengaluru,South,Home & Kitchen,2172.35,0,0,0,6189.49,20.5,2142.89,25,54308.67
2024-11-06,S01,Mumbai,West,Clothing,1769.4,0,0,0,5011.61,20.5,1660.75,24,42465.58
2024-11-06,S01,Mumbai,West,Electronics,14524.68,0,0,0,4715.67,21.3,14686.3,19,275968.93
2024-11-06,S01,Mumbai,West,Grocery,437.88,0,0,0,7371.12,19.4,428.75,41,17953.07
2024-11-06,S01,Mumbai,West,Home & Kitchen,1802.08,20,1,0,4946.76,22.1,2051.96,54,97312.4
2024-11-06,S02,Pune,West,Clothing,1759.72,0,0,0,4507.87,22.4,1928.18,35,61590.28
2024-11-06,S02,Pune,West,Electronics,14669.31,0,0,0,3340.6,18.2,16166.62,32,469418.07
2024-11-06,S02,Pune,West,Grocery,434.38,0,0,0,5471.73,,451.15,39,16940.98
2024-11-06,S02,Pune,West,Home & Kitchen,2301.66,0,0,0,7231.66,20.5,2341.79,30,69049.9
2024-11-06,S03,Delhi,North,Clothing,1881.44,0,0,0,6958.76,21.1,1776.45,42,79020.34
2024-11-06,S03,Delhi,North,Electronics,15210.6,0,0,0,3423.17,22.4,15841.88,34,517160.53
2024-11-06,S03,Delhi,North,Grocery,472.32,0,0,0,4242.84,19.1,397.7,38,17948.22
2024-11-06,S03,Delhi,North,Home & Kitchen,2232.39,0,0,0,6971.2,21.6,2335.21,30,66971.57
2024-11-06,S04,Bengaluru,South,Clothing,1663.19,0,0,0,759.19,21.4,,31,51558.79
2024-11-06,S04,Bengaluru,South,Electronics,14790.19,0,0,0,6932.15,19.3,15054.14,21,310594.09
2024-11-06,S04,Bengaluru,South,Grocery,460.82,0,0,0,4946.65,20.2,464.07,46,21197.54
2024-11-06,S04,Bengaluru,South,Home & Kitchen,2167.14,0,0,0,8001.98,18.6,2228.16,33,71515.78
2024-11-07,S01,Mumbai,West,Clothing,1827.27,0,0,0,1494.89,16.8,1685.0,40,73090.92
2024-11-07,S01,Mumbai,West,Electronics,15339.86,0,0,0,3770.37,20.0,14569.75,32,490875.63
2024-11-07,S01,Mumbai,West,Grocery,461.67,0,0,0,3897.7,17.1,463.54,43,19851.85
2024-11-07,S01,Mumbai,West,Home & Kitchen,2217.78,0,0,0,8838.1,21.3,2117.36,52,115324.51
2024-11-07,S02,Pune,West,Clothing,1782.87,0,0,0,3844.1,20.7,1897.76,32,57051.89
2024-11-07,S02,Pune,West,Electronics,14873.01,0,0,0,5414.98,17.1,13568.52,28,416444.36
2024-11-07,S02,Pune,West,Grocery,459.88,0,0,0,6843.63,17.6,468.47,44,20234.62
2024-11-07,S02,Pune,West,Home & Kitchen,2190.12,0,0,0,7931.24,24.0,2173.6,23,50372.71
2024-11-07,S03,Delhi,North,Clothing,1872.99,0,0,0,2861.71,17.3,1678.82,45,84284.61
2024-11-07,S03,Delhi,North,Electronics,13239.76,15,1,0,8449.35,16.7,13945.81,43,569309.68
2024-11-07,S03,Delhi,North,Grocery,452.87,0,0,0,5241.84,,438.67,49,22190.73
2024-11-07,S03,Delhi,North,Home & Kitchen,2161.5,0,0,0,4147.25,18.8,2273.55,25,54037.54
2024-11-07,S04,Bengaluru,South,Clothing,1804.42,0,0,0,3749.54,18.5,1832.29,23,41501.57
2024-11-07,S04,Bengaluru,South,Electronics,14939.4,0,0,0,6769.57,20.5,15156.24,31,463121.34
2024-11-07,S04,Bengaluru,South,Grocery,456.45,0,0,0,6609.11,17.3,464.03,35,15975.91
2024-11-07,S04,Bengaluru,South,Home & Kitchen,2089.18,0,0,0,4711.36,18.1,2366.13,29,60586.34
2024-11-08,S01,Mumbai,West,Clothing,1473.72,20,1,0,4009.61,20.8,1846.26,62,91370.35
2024-11-08,S01,Mumbai,West,Electronics,15158.09,0,0,0,5167.03,19.1,15872.62,23,348636.06
2024-11-08,S01,Mumbai,West,Grocery,437.99,0,0,0,5028.25,20.4,440.12,51,22337.55
2024-11-08,S01,Mumbai,West,Home & Kitchen,1917.04,10,1,0,5547.02,22.1,2061.86,42,80515.74
2024-11-08,S02,Pune,West,Clothing,1874.67,0,0,0,3501.92,19.5,1787.12,26,48741.42
2024-11-08,S02,Pune,West,Electronics,13635.25,10,1,0,7261.24,20.6,15964.19,28,381786.98
2024-11-08,S02,Pune,West,Grocery,466.64,0,0,0,5220.96,17.5,420.59,39,18198.92
2024-11-08,S02,Pune,West,Home & Kitchen,2039.36,5,1,0,6948.23,20.2,2450.58,28,57102.03
2024-11-08,S03,Delhi,North,Clothing,1857.96,0,0,0,6433.89,20.9,2002.61,42,78034.46
2024-11-08,S03,Delhi,North,Electronics,15697.43,0,0,0,5781.0,19.0,15647.02,30,470922.75
2024-11-08,S03,Delhi,North,Grocery,435.72,0,0,0,2196.72,21.8,,48,20914.62
2024-11-08,S03,Delhi,North,Home & Kitchen,2190.7,0,0,0,5549.87,19.6,2341.93,26,56958.27
2024-11-08,S04,Bengaluru,South,Clothing,1760.89,0,0,0,4497.74,21.0,1819.31,27,47544.16
2024-11-08,S04,Bengaluru,South,Electronics,11066.91,25,1,0,3579.7,19.3,,42,464810.22
2024-11-08,S04,Bengaluru,South,Grocery,444.66,0,0,0,3011.93,17.9,446.07,42,18675.55
2024-11-08,S04,Bengaluru,South,Home & Kitchen,2097.21,0,0,0,9125.6,22.5,2251.1,36,75499.62
2024-11-09,S01,Mumbai,West,Clothing,1738.95,0,0,0,6145.0,21.1,1895.56,52,90425.52
2024-11-09,S01,Mumbai,West,Electronics,12395.71,20,1,0,5300.46,19.1,,43,533015.37
2024-11-09,S01,Mumbai,West,Grocery,453.65,0,0,0,6207.12,22.2,417.31,57,25858.33
2024-11-09,S01,Mumbai,West,Home & Kitchen,2215.77,0,0,0,5417.18,20.1,2375.53,49,108572.52
2024-11-09,S02,Pune,West,Clothing,1825.15,0,0,0,5309.44,20.0,1671.63,35,63880.25
2024-11-09,S02,Pune,West,Electronics,15286.54,0,0,0,5313.46,19.9,14717.1,31,473882.81
2024-11-09,S02,Pune,West,Grocery,437.37,0,0,0,5276.4,18.5,398.84,53,23180.62
2024-11-09,S02,Pune,West,Home & Kitchen,2263.97,0,0,0,5377.14,19.7,2228.83,27,61127.21
2024-11-09,S03,Delhi,North,Clothing,1823.4,0,0,0,5546.59,21.6,1723.89,50,91170.14
2024-11-09,S03,Delhi,North,Electronics,11557.01,20,1,0,3918.54,18.5,15906.02,53,612521.55
2024-11-09,S03,Delhi,North,Grocery,451.62,0,0,0,7892.38,21.7,471.24,51,23032.72
2024-11-09,S03,Delhi,North,Home & Kitchen,2309.32,0,0,0,7302.58,21.0,2161.63,37,85444.96
2024-11-09,S04,Bengaluru,South,Clothing,1714.73,5,1,0,5111.9,21.0,1784.95,50,85736.68
2024-11-09,S04,Bengaluru,South,Electronics,15404.27,0,0,0,1783.34,18.5,15628.76,43,662383.72
2024-11-09,S04,Bengaluru,South,Grocery,457.89,0,0,0,3620.85,17.6,441.4,58,26557.74
2024-11-09,S04,Bengaluru,South,Home & Kitchen,2275.05,0,0,0,3295.39,20.9,2179.11,42,95552.16
2024-11-10,S01,Mumbai,West,Clothing,1384.37,20,1,0,3209.55,19.7,1785.69,76,105212.27
2024-11-10,S01,Mumbai,West,Electronics,15178.42,0,0,0,7216.09,20.7,15828.37,47,713385.7
2024-11-10,S01,Mumbai,West,Grocery,434.51,0,0,0,5993.12,20.7,480.39,65,28243.46
2024-11-10,S01,Mumbai,West,Home & Kitchen,2074.07,5,1,0,6436.57,23.3,2034.77,43,89185.07
2024-11-10,S02,Pune,West,Clothing,1751.99,0,0,0,3868.76,17.5,1705.14,51,89351.46
2024-11-10,S02,Pune,West,Electronics,16109.75,0,0,0,7564.34,23.0,14946.29,24,386634.03
2024-11-10,S02,Pune,West,Grocery,447.92,0,0,0,4656.28,20.2,421.44,49,21948.18
2024-11-10,S02,Pune,West,Home & Kitchen,2067.84,0,0,0,5673.39,19.6,2262.21,32,66170.9
2024-11-10,S03,Delhi,North,Clothing,1799.44,0,0,0,4253.3,19.7,1885.24,45,80974.91
2024-11-10,S03,Delhi,North,Electronics,15279.05,0,0,0,3944.41,18.2,15273.82,35,534766.88
2024-11-10,S03,Delhi,North,Grocery,448.18,0,0,0,3830.48,19.5,406.03,59,26442.55
2024-11-10,S03,Delhi,North,Home & Kitchen,2207.42,0,0,0,2340.71,20.8,2253.9,25,55185.44
2024-11-10,S04,Bengaluru,South,Clothing,1865.04,0,0,0,5764.37,15.0,1823.2,51,95117.02
2024-11-10,S04,Bengaluru,South,Electronics,15491.91,0,0,0,5280.62,16.2,14660.98,29,449265.37
2024-11-10,S04,Bengaluru,South,Grocery,441.51,0,0,0,3294.23,20.2,436.33,56,24724.38
2024-11-10,S04,Bengaluru,South,Home & Kitchen,1653.03,20,1,0,7058.54,19.0,2334.5,59,97528.96
2024-11-11,S01,Mumbai,West,Clothing,1851.54,0,0,0,4509.96,17.6,1851.32,47,87022.55
2024-11-11,S01,Mumbai,West,Electronics,11320.42,25,1,0,6911.85,21.2,15321.72,56,633943.48
2024-11-11,S01,Mumbai,West,Grocery,485.09,0,0,0,6651.14,13.1,425.26,50,24254.34
2024-11-11,S01,Mumbai,West,Home & Kitchen,2138.3,0,0,0,5884.19,,2216.38,38,81255.46
2024-11-11,S02,Pune,West,Clothing,1771.36,0,0,0,4992.54,18.6,1711.0,39,69083.02
2024-11-11,S02,Pune,West,Electronics,14667.65,0,0,0,3976.31,19.2,14744.52,26,381358.89
2024-11-11,S02,Pune,West,Grocery,443.52,0,0,0,4242.39,17.7,431.85,32,14192.61
2024-11-11,S02,Pune,West,Home & Kitchen,2268.85,0,0,0,7892.78,20.4,2292.1,34,77140.83
2024-11-11,S03,Delhi,North,Clothing,1901.8,0,0,0,6209.43,19.8,1819.45,36,68464.63
2024-11-11,S03,Delhi,North,Electronics,14463.13,0,0,0,3878.7,19.2,15684.54,35,506209.69
2024-11-11,S03,Delhi,North,Grocery,444.08,0,0,0,4230.27,21.8,431.1,41,18207.21
2024-11-11,S03,Delhi,North,Home & Kitchen,2183.09,0,0,0,5596.33,21.7,2106.76,36,78591.37
2024-11-11,S04,Bengaluru,South,Clothing,1848.82,0,0,0,4968.07,21.2,1846.78,32,59162.35
2024-11-11,S04,Bengaluru,South,Electronics,15291.45,0,0,0,4759.34,17.4,15244.1,26,397577.71
2024-11-11,S04,Bengaluru,South,Grocery,457.93,0,0,0,2539.99,20.3,473.4,38,17401.25
2024-11-11,S04,Bengaluru,South,Home & Kitchen,2306.29,0,0,0,3951.9,22.2,2326.36,29,66882.31
2024-11-12,S01,Mumbai,West,Clothing,1725.74,0,0,0,5507.72,23.5,1848.4,33,56949.51
2024-11-12,S01,Mumbai,West,Electronics,15539.88,0,0,0,3032.3,18.2,14742.87,35,543895.74
2024-11-12,S01,Mumbai,West,Grocery,456.8,0,0,0,4268.79,21.7,445.51,51,23296.74
2024-11-12,S01,Mumbai,West,Home & Kitchen,2095.09,0,0,0,4284.08,18.3,2247.93,32,67042.96
2024-11-12,S02,Pune,West,Clothing,1876.12,0,0,0,5602.11,19.9,1795.89,33,61911.85
2024-11-12,S02,Pune,West,Electronics,14858.7,0,0,0,5269.05,19.3,15179.7,33,490337.26
2024-11-12,S02,Pune,West,Grocery,464.52,0,0,0,5144.79,19.1,435.52,35,16258.09
2024-11-12,S02,Pune,West,Home & Kitchen,1789.62,15,1,0,6937.12,17.7,2363.46,43,76953.56
2024-11-12,S03,Delhi,North,Clothing,1814.71,0,0,0,4425.32,23.0,1906.85,31,56255.97
2024-11-12,S03,Delhi,North,Electronics,14729.2,0,0,0,5253.55,16.1,14513.11,24,353500.92
2024-11-12,S03,Delhi,North,Grocery,427.3,0,0,0,5124.12,22.0,446.89,51,21792.49
2024-11-12,S03,Delhi,North,Home & Kitchen,2168.41,0,0,0,5831.07,19.3,2137.34,38,82399.53
2024-11-12,S04,Bengaluru,South,Clothing,1818.02,0,0,0,5671.28,20.4,1844.16,39,70902.74
2024-11-12,S04,Bengaluru,South,Electronics,13860.79,0,0,0,1240.79,19.4,14025.73,31,429684.38
2024-11-12,S04,Bengaluru,South,Grocery,451.57,0,0,0,1029.39,20.2,455.69,40,18062.79
2024-11-12,S04,Bengaluru,South,Home & Kitchen,2183.12,0,0,0,7459.14,18.4,2297.0,26,56761.03
2024-11-13,S01,Mumbai,West,Clothing,1829.56,0,0,0,7204.36,17.9,1780.61,40,73182.57
2024-11-13,S01,Mumbai,West,Electronics,13690.24,10,1,0,7208.21,20.1,15359.77,35,479158.39
2024-11-13,S01,Mumbai,West,Grocery,448.04,0,0,0,5127.21,21.9,436.06,52,23297.85
2024-11-13,S01,Mumbai,West,Home & Kitchen,2241.24,0,0,0,6870.47,20.6,2239.32,24,53789.69
2024-11-13,S02,Pune,West,Clothing,1787.24,0,0,0,5918.99,19.5,1924.87,38,67914.95
2024-11-13,S02,Pune,West,Electronics,14680.21,0,0,0,2460.24,20.7,14452.65,17,249563.49
2024-11-13,S02,Pune,West,Grocery,469.13,0,0,0,5011.4,22.8,460.08,33,15481.26
2024-11-13,S02,Pune,West,Home & Kitchen,1794.7,20,1,0,6156.97,19.2,2151.71,33,59225.03
2024-11-13,S03,Delhi,North,Clothing,1779.19,0,0,0,2281.47,18.4,1793.96,41,72946.99
2024-11-13,S03,Delhi,North,Electronics,14411.94,0,0,0,4728.08,19.3,14376.44,23,331474.72
2024-11-13,S03,Delhi,North,Grocery,449.9,0,0,0,2933.46,23.2,435.06,37,16646.46
2024-11-13,S03,Delhi,North,Home & Kitchen,2241.55,0,0,0,5534.13,20.0,2425.43,37,82937.27
2024-11-13,S04,Bengaluru,South,Clothing,1871.74,0,0,0,5421.59,24.7,1783.83,35,65510.83
2024-11-13,S04,Bengaluru,South,Electronics,14856.86,0,0,0,5152.03,20.9,14416.14,22,326850.89
2024-11-13,S04,Bengaluru,South,Grocery,424.77,0,0,0,5664.62,18.5,451.79,56,23787.33
2024-11-13,S04,Bengaluru,South,Home & Kitchen,2224.32,0,0,0,4867.03,18.2,2245.77,34,75627.03
2024-11-14,S01,Mumbai,West,Clothing,1604.22,15,1,0,4964.96,21.3,1701.48,51,81815.02
2024-11-14,S01,Mumbai,West,Electronics,15030.65,0,0,0,3838.02,15.9,15240.34,32,480980.65
2024-11-14,S01,Mumbai,West,Grocery,446.05,0,0,0,6872.58,19.4,443.3,55,24532.48
2024-11-14,S01,Mumbai,West,Home & Kitchen,2229.46,0,0,0,5665.34,16.9,2248.98,35,78031.18
2024-11-14,S02,Pune,West,Clothing,1830.26,0,0,0,6401.48,20.2,1924.52,35,64059.18
2024-11-14,S02,Pune,West,Electronics,15485.72,0,0,0,5316.57,20.4,15793.79,29,449086.02
2024-11-14,S02,Pune,West,Grocery,443.53,0,0,0,6759.89,23.2,444.21,43,19071.89
2024-11-14,S02,Pune,West,Home & Kitchen,2060.15,5,1,0,5504.45,18.0,2353.95,37,76225.52
2024-11-14,S03,Delhi,North,Clothing,1823.86,0,0,0,500.0,18.9,1695.25,22,40124.99
2024-11-14,S03,Delhi,North,Electronics,14720.58,0,0,0,6658.35,20.1,15264.15,24,353293.81
2024-11-14,S03,Delhi,North,Grocery,457.86,0,0,0,4496.92,18.9,476.31,50,22893.2
2024-11-14,S03,Delhi,North,Home & Kitchen,2141.96,0,0,0,2444.08,21.9,2158.95,22,47123.19
2024-11-14,S04,Bengaluru,South,Clothing,1873.94,0,0,0,2773.36,24.0,1990.98,36,67461.9
2024-11-14,S04,Bengaluru,South,Electronics,15378.94,0,0,0,5030.65,23.7,15720.23,23,353715.71
2024-11-14,S04,Bengaluru,South,Grocery,448.13,0,0,0,5174.75,17.6,,37,16580.87
2024-11-14,S04,Bengaluru,South,Home & Kitchen,2270.09,0,0,0,3453.18,19.7,2247.08,21,47671.87
2024-11-15,S01,Mumbai,West,Clothing,1887.44,0,0,0,4034.77,20.4,1850.84,39,73610.11
2024-11-15,S01,Mumbai,West,Electronics,15666.2,0,0,0,4134.51,20.4,15765.66,31,485652.32
2024-11-15,S01,Mumbai,West,Grocery,442.53,0,0,0,3942.12,22.0,430.1,35,15488.42
2024-11-15,S01,Mumbai,West,Home & Kitchen,2236.75,0,0,0,3069.25,23.0,2304.1,45,100653.6
2024-11-15,S02,Pune,West,Clothing,1659.13,10,1,0,6296.51,17.3,1756.05,47,77979.12
2024-11-15,S02,Pune,West,Electronics,15510.28,0,0,0,7204.06,20.5,15824.25,16,248164.44
2024-11-15,S02,Pune,West,Grocery,408.27,0,0,0,3561.38,23.1,449.36,51,20821.73
2024-11-15,S02,Pune,West,Home & Kitchen,2221.18,0,0,0,4760.31,18.2,2131.38,30,66635.4
2024-11-15,S03,Delhi,North,Clothing,1862.04,0,0,0,3175.38,21.3,1740.18,36,67033.33
2024-11-15,S03,Delhi,North,Electronics,14347.63,0,0,0,6274.06,17.9,14458.33,28,401733.75
2024-11-15,S03,Delhi,North,Grocery,391.11,15,1,0,6303.49,20.0,450.29,69,26986.7
2024-11-15,S03,Delhi,North,Home & Kitchen,1658.02,25,1,0,4633.33,22.9,2304.21,65,107771.01
2024-11-15,S04,Bengaluru,South,Clothing,1882.93,0,0,0,5902.21,19.8,1937.82,48,90380.55
2024-11-15,S04,Bengaluru,South,Electronics,13433.75,10,1,0,4857.22,19.0,13746.74,26,349277.4
2024-11-15,S04,Bengaluru,South,Grocery,462.58,0,0,0,5615.44,22.3,473.42,46,21278.63
2024-11-15,S04,Bengaluru,South,Home & Kitchen,2160.23,0,0,0,,19.4,2273.26,35,75608.15
2024-11-16,S01,Mumbai,West,Clothing,1563.87,15,1,0,5905.6,21.2,1855.18,61,95395.97
2024-11-16,S01,Mumbai,West,Electronics,15051.83,0,0,0,5470.73,21.5,14588.74,47,707436.08
2024-11-16,S01,Mumbai,West,Grocery,439.73,0,0,0,5858.81,21.3,466.07,70,30780.94
2024-11-16,S01,Mumbai,West,Home & Kitchen,1613.95,25,1,0,5806.49,20.4,2150.95,80,129116.15
2024-11-16,S02,Pune,West,Clothing,1615.39,0,0,0,3424.86,17.7,1598.71,34,54923.11
2024-11-16,S02,Pune,West,Electronics,11098.92,25,1,0,4125.28,20.5,14262.44,66,732528.47
2024-11-16,S02,Pune,West,Grocery,465.56,0,0,0,7181.8,16.4,423.35,40,18622.51
2024-11-16,S02,Pune,West,Home & Kitchen,2337.49,0,0,0,5579.6,21.6,2160.24,33,77137.1
2024-11-16,S03,Delhi,North,Clothing,1860.05,0,0,0,4183.73,20.8,2011.7,33,61381.6
2024-11-16,S03,Delhi,North,Electronics,14468.12,0,0,0,2682.07,19.0,15225.38,25,361703.06
2024-11-16,S03,Delhi,North,Grocery,450.15,0,0,0,7472.98,18.5,417.5,56,25208.41
2024-11-16,S03,Delhi,North,Home & Kitchen,1646.68,25,1,0,2245.51,18.3,2227.63,75,123500.66
2024-11-16,S04,Bengaluru,South,Clothing,1767.16,0,0,0,4190.46,20.9,1726.2,45,79522.01
2024-11-16,S04,Bengaluru,South,Electronics,14899.79,0,0,0,7328.1,18.7,15564.49,29,432093.92
2024-11-16,S04,Bengaluru,South,Grocery,448.29,0,0,0,5392.39,20.4,457.14,53,23759.5
2024-11-16,S04,Bengaluru,South,Home & Kitchen,2239.53,0,0,0,4342.36,16.5,2329.13,38,85102.08
2024-11-17,S01,Mumbai,West,Clothing,1562.53,15,1,0,6631.64,23.4,1880.46,70,109377.4
2024-11-17,S01,Mumbai,West,Electronics,14863.05,0,0,0,4262.38,19.4,15030.9,41,609384.92
2024-11-17,S01,Mumbai,West,Grocery,439.36,0,0,0,4671.26,18.6,452.49,57,25043.33
2024-11-17,S01,Mumbai,West,Home & Kitchen,2211.29,0,0,0,4741.78,22.7,2209.63,47,103930.69
2024-11-17,S02,Pune,West,Clothing,1868.28,0,0,0,5698.59,21.6,1694.97,30,56048.31
2024-11-17,S02,Pune,West,Electronics,15929.59,0,0,0,6263.2,20.3,15500.6,34,541605.91
2024-11-17,S02,Pune,West,Grocery,450.61,0,0,0,4779.78,,421.4,45,20277.4
2024-11-17,S02,Pune,West,Home & Kitchen,2144.71,0,0,0,3872.84,20.1,2200.98,31,66485.91
2024-11-17,S03,Delhi,North,Clothing,1741.35,0,0,0,5257.55,19.5,1828.77,49,85326.18
2024-11-17,S03,Delhi,North,Electronics,14592.94,0,0,0,2871.56,20.0,15226.2,36,525345.92
2024-11-17,S03,Delhi,North,Grocery,450.48,0,0,0,5213.13,25.3,460.37,66,29731.68
2024-11-17,S03,Delhi,North,Home & Kitchen,2152.79,0,0,0,3023.5,22.4,2046.56,30,64583.76
2024-11-17,S04,Bengaluru,South,Clothing,1840.24,0,0,0,5322.76,20.2,1799.23,40,73609.54
2024-11-17,S04,Bengaluru,South,Electronics,15420.83,0,0,0,4625.42,17.4,14754.4,36,555150.01
2024-11-17,S04,Bengaluru,South,Grocery,453.09,0,0,0,4331.71,21.1,430.46,55,24920.01
2024-11-17,S04,Bengaluru,South,Home & Kitchen,2132.44,0,0,0,3051.22,19.0,2124.9,36,76768.0
2024-11-18,S01,Mumbai,West,Clothing,1921.6,0,0,0,4768.63,21.1,1828.09,43,82628.93
2024-11-18,S01,Mumbai,West,Electronics,14622.98,0,0,0,6339.28,23.6,14953.86,35,511804.28
2024-11-18,S01,Mumbai,West,Grocery,425.39,10,1,0,6370.57,22.5,472.13,70,29777.42
2024-11-18,S01,Mumbai,West,Home & Kitchen,1581.92,25,1,0,5607.3,19.8,2167.71,51,80677.89
2024-11-18,S02,Pune,West,Clothing,1315.48,25,1,0,7181.17,18.3,1906.97,55,72351.39
2024-11-18,S02,Pune,West,Electronics,14681.0,0,0,0,7161.56,19.2,,28,411067.87
2024-11-18,S02,Pune,West,Grocery,450.66,0,0,0,5222.8,20.2,450.92,49,22082.38
2024-11-18,S02,Pune,West,Home & Kitchen,2133.96,0,0,0,4060.34,18.5,2301.25,33,70420.8
2024-11-18,S03,Delhi,North,Clothing,1858.34,0,0,0,5895.95,17.6,1995.97,37,68758.45
2024-11-18,S03,Delhi,North,Electronics,15136.39,0,0,0,5921.42,20.2,14949.44,36,544910.18
2024-11-18,S03,Delhi,North,Grocery,442.44,0,0,0,4391.54,19.6,461.56,44,19467.39
2024-11-18,S03,Delhi,North,Home & Kitchen,2109.93,0,0,0,6265.55,18.5,2185.2,42,88616.97
2024-11-18,S04,Bengaluru,South,Clothing,1841.39,0,0,0,5692.62,19.1,,29,53400.35
2024-11-18,S04,Bengaluru,South,Electronics,15443.93,0,0,0,4369.07,21.7,13476.08,22,339766.51
2024-11-18,S04,Bengaluru,South,Grocery,443.54,0,0,0,4028.14,21.9,442.2,40,17741.5
2024-11-18,S04,Bengaluru,South,Home & Kitchen,2157.7,0,0,0,4518.13,21.1,2184.4,21,45311.72
2024-11-19,S01,Mumbai,West,Clothing,1673.94,0,0,0,6573.9,18.9,1694.84,44,73653.48
2024-11-19,S01,Mumbai,West,Electronics,15316.36,0,0,0,3838.23,18.2,15528.11,34,520756.29
2024-11-19,S01,Mumbai,West,Grocery,442.54,0,0,0,5126.83,17.5,436.29,55,24339.68
2024-11-19,S01,Mumbai,West,Home & Kitchen,2134.89,0,0,0,5763.95,16.3,2343.28,35,74720.99
2024-11-19,S02,Pune,West,Clothing,1780.53,0,0,0,,18.6,1820.85,31,55196.38
2024-11-19,S02,Pune,West,Electronics,15463.46,0,0,0,3965.43,21.7,,30,463903.89
2024-11-19,S02,Pune,West,Grocery,463.01,0,0,0,3402.75,20.2,437.8,45,20835.46
2024-11-19,S02,Pune,West,Home & Kitchen,2205.16,0,0,0,4904.27,19.7,2163.68,26,57334.21
2024-11-19,S03,Delhi,North,Clothing,1837.22,0,0,0,4612.92,21.9,1766.92,27,49605.05
2024-11-19,S03,Delhi,North,Electronics,15015.25,0,0,0,4226.85,16.7,15211.72,33,495503.31
2024-11-19,S03,Delhi,North,Grocery,463.07,0,0,0,3311.55,22.6,424.14,41,18985.77
2024-11-19,S03,Delhi,North,Home & Kitchen,2206.7,0,0,0,4505.02,20.4,2241.56,32,70614.37
2024-11-19,S04,Bengaluru,South,Clothing,1800.45,0,0,0,3806.97,17.3,1720.21,41,73818.34
2024-11-19,S04,Bengaluru,South,Electronics,15269.34,0,0,0,4961.63,21.1,14666.4,21,320656.1
2024-11-19,S04,Bengaluru,South,Grocery,446.3,0,0,0,6583.39,15.9,467.13,54,24100.25
2024-11-19,S04,Bengaluru,South,Home & Kitchen,1783.11,20,1,0,7816.38,19.2,2299.87,66,117685.11
2024-11-20,S01,Mumbai,West,Clothing,1774.93,0,0,0,3801.28,22.2,1862.13,50,88746.29
2024-11-20,S01,Mumbai,West,Electronics,15556.67,0,0,0,4071.58,20.4,14231.12,19,295576.78
2024-11-20,S01,Mumbai,West,Grocery,358.06,15,1,0,4581.09,19.9,497.99,60,21483.9
2024-11-20,S01,Mumbai,West,Home & Kitchen,2202.23,0,0,0,5952.09,25.3,2430.99,42,92493.51
2024-11-20,S02,Pune,West,Clothing,1883.12,0,0,0,4568.15,20.2,1767.99,42,79091.18
2024-11-20,S02,Pune,West,Electronics,15654.54,0,0,0,5700.41,19.3,16143.86,18,281781.63
2024-11-20,S02,Pune,West,Grocery,445.09,0,0,0,5842.91,22.1,450.1,52,23144.46
2024-11-20,S02,Pune,West,Home & Kitchen,2300.67,0,0,0,4322.13,19.5,2381.58,28,64418.81
2024-11-20,S03,Delhi,North,Clothing,1781.34,0,0,0,2884.85,17.5,1864.24,43,76597.82
2024-11-20,S03,Delhi,North,Electronics,14260.19,0,0,0,4737.69,21.4,15476.02,35,499106.8
2024-11-20,S03,Delhi,North,Grocery,433.95,0,0,0,8207.46,20.3,429.95,49,21263.42
2024-11-20,S03,Delhi,North,Home & Kitchen,2179.87,0,0,0,6228.87,20.6,2278.07,36,78475.23
2024-11-20,S04,Bengaluru,South,Clothing,1855.78,0,0,0,3963.46,18.7,1688.73,36,66808.21
2024-11-20,S04,Bengaluru,South,Electronics,14330.21,0,0,0,2916.92,20.9,15550.65,34,487226.99
2024-11-20,S04,Bengaluru,South,Grocery,462.81,0,0,0,5956.97,20.1,410.39,44,20363.44
2024-11-20,S04,Bengaluru,South,Home & Kitchen,2227.49,0,0,0,4776.24,19.9,2212.04,23,51232.34
2024-11-21,S01,Mumbai,West,Clothing,1845.82,0,0,0,5180.24,18.7,1799.88,28,51682.92
2024-11-21,S01,Mumbai,West,Electronics,14977.24,0,0,0,4015.44,19.9,15762.73,24,359453.66
2024-11-21,S01,Mumbai,West,Grocery,434.26,0,0,0,4608.96,19.7,407.15,53,23015.75
2024-11-21,S01,Mumbai,West,Home & Kitchen,2217.32,0,0,0,5774.98,20.3,2068.67,26,57650.2
2024-11-21,S02,Pune,West,Clothing,1596.41,15,1,0,10455.32,18.1,1761.72,52,83013.52
2024-11-21,S02,Pune,West,Electronics,14387.29,0,0,0,7369.45,21.6,14494.47,33,474780.54
2024-11-21,S02,Pune,West,Grocery,441.49,0,0,0,3559.29,21.4,462.25,39,17218.16
2024-11-21,S02,Pune,West,Home & Kitchen,2211.82,0,0,0,5894.73,20.1,2345.91,24,53083.8
2024-11-21,S03,Delhi,North,Clothing,1755.48,0,0,0,4429.23,24.6,1684.45,30,52664.41
2024-11-21,S03,Delhi,North,Electronics,16233.63,0,0,0,5819.84,21.4,14924.98,40,649345.08
2024-11-21,S03,Delhi,North,Grocery,442.97,0,0,0,5115.04,21.8,433.99,43,19047.54
2024-11-21,S03,Delhi,North,Home & Kitchen,2219.21,0,0,0,6146.82,19.0,2003.43,29,64357.1
2024-11-21,S04,Bengaluru,South,Clothing,1531.65,15,1,0,6060.77,19.1,2040.82,48,73519.21
2024-11-21,S04,Bengaluru,South,Electronics,14496.46,0,0,0,3587.15,20.7,16730.16,29,420397.32
2024-11-21,S04,Bengaluru,South,Grocery,444.18,0,0,0,4801.52,22.2,449.22,60,26650.95
2024-11-21,S04,Bengaluru,South,Home & Kitchen,2223.84,0,0,0,4410.91,17.9,2210.25,25,55595.89
2024-11-22,S01,Mumbai,West,Clothing,1781.79,0,0,0,5667.82,20.3,1756.55,35,62362.53
2024-11-22,S01,Mumbai,West,Electronics,15588.56,0,0,0,4151.54,19.8,15349.75,25,389714.05
2024-11-22,S01,Mumbai,West,Grocery,462.52,0,0,0,5217.4,18.3,414.33,41,18963.5
2024-11-22,S01,Mumbai,West,Home & Kitchen,2092.5,0,0,0,5508.37,18.0,1976.58,26,54404.95
2024-11-22,S02,Pune,West,Clothing,1826.61,0,0,0,3060.42,22.2,1732.42,19,34705.59
2024-11-22,S02,Pune,West,Electronics,12207.95,20,1,0,6414.86,22.8,15694.91,41,500525.85
2024-11-22,S02,Pune,West,Grocery,445.2,0,0,0,5560.09,,486.89,43,19143.51
2024-11-22,S02,Pune,West,Home & Kitchen,2202.94,0,0,0,6010.89,17.0,2204.36,30,66088.34
2024-11-22,S03,Delhi,North,Clothing,1501.78,20,1,0,5607.13,17.6,1802.68,60,90106.79
2024-11-22,S03,Delhi,North,Electronics,14780.16,0,0,0,6287.71,18.5,14642.35,32,472965.24
2024-11-22,S03,Delhi,North,Grocery,439.12,0,0,0,5123.63,20.0,480.75,61,26786.37
2024-11-22,S03,Delhi,North,Home & Kitchen,2061.34,0,0,0,3314.56,19.6,2093.81,32,65962.98
2024-11-22,S04,Bengaluru,South,Clothing,1719.56,0,0,0,4277.73,22.4,1756.21,30,51586.87
2024-11-22,S04,Bengaluru,South,Electronics,15176.98,0,0,0,734.15,19.3,16399.24,28,424955.32
2024-11-22,S04,Bengaluru,South,Grocery,434.46,0,0,0,3494.49,,468.81,45,19550.83
2024-11-22,S04,Bengaluru,South,Home & Kitchen,2297.51,0,0,0,4995.24,20.6,2296.28,29,66627.7
2024-11-23,S01,Mumbai,West,Clothing,1866.95,0,0,0,4399.65,17.4,1773.48,48,89613.51
2024-11-23,S01,Mumbai,West,Electronics,14113.49,0,0,0,6648.79,19.8,14012.31,39,550426.24
2024-11-23,S01,Mumbai,West,Grocery,446.59,0,0,0,4845.91,20.6,489.44,89,39746.83
2024-11-23,S01,Mumbai,West,Home & Kitchen,2130.2,0,0,0,5128.46,22.3,2262.6,32,68166.47
2024-11-23,S02,Pune,West,Clothing,1839.34,0,0,0,5740.51,17.5,1691.66,29,53340.74
2024-11-23,S02,Pune,West,Electronics,13773.73,0,0,0,6180.07,18.6,15342.84,42,578496.63
2024-11-23,S02,Pune,West,Grocery,456.6,0,0,0,5413.55,18.8,449.54,47,21460.33
2024-11-23,S02,Pune,West,Home & Kitchen,2211.16,0,0,0,5393.77,17.8,2093.73,23,50856.66
2024-11-23,S03,Delhi,North,Clothing,1882.56,0,0,0,7606.33,17.8,2000.08,52,97892.97
2024-11-23,S03,Delhi,North,Electronics,14401.83,0,0,0,3149.92,23.4,15617.0,45,648082.42
2024-11-23,S03,Delhi,North,Grocery,358.79,20,1,0,3531.34,21.8,448.01,79,28344.69
2024-11-23,S03,Delhi,North,Home & Kitchen,2174.14,0,0,0,5253.91,16.5,2234.15,36,78269.0
2024-11-23,S04,Bengaluru,South,Clothing,1868.55,0,0,0,7579.74,20.4,1618.19,46,85953.45
2024-11-23,S04,Bengaluru,South,Electronics,14063.91,0,0,0,5540.49,22.7,,32,450045.01
2024-11-23,S04,Bengaluru,South,Grocery,420.57,0,0,0,5133.93,17.7,455.59,65,27336.86
2024-11-23,S04,Bengaluru,South,Home & Kitchen,2194.91,0,0,0,1391.57,21.0,2096.86,33,72431.96
2024-11-24,S01,Mumbai,West,Clothing,1797.87,0,0,0,6259.56,17.9,1737.88,57,102478.87
2024-11-24,S01,Mumbai,West,Electronics,14975.05,0,0,0,5943.19,20.2,15906.2,38,569051.75
2024-11-24,S01,Mumbai,West,Grocery,448.19,0,0,0,7359.1,22.6,460.67,70,31373.29
2024-11-24,S01,Mumbai,West,Home & Kitchen,2175.88,0,0,0,1773.19,24.1,2317.74,43,93563.02
2024-11-24,S02,Pune,West,Clothing,1852.81,0,0,0,6569.05,20.0,1986.49,49,90787.69
2024-11-24,S02,Pune,West,Electronics,15370.9,0,0,0,2339.08,24.8,14854.48,25,384272.39
2024-11-24,S02,Pune,West,Grocery,461.87,0,0,0,4511.57,19.3,490.8,55,25402.63
2024-11-24,S02,Pune,West,Home & Kitchen,2133.69,0,0,0,5734.84,17.1,2310.12,29,61877.06
2024-11-24,S03,Delhi,North,Clothing,1884.77,0,0,0,5835.26,20.7,1729.46,42,79160.24
2024-11-24,S03,Delhi,North,Electronics,14499.04,5,1,0,2001.1,20.9,15204.96,32,463969.34
2024-11-24,S03,Delhi,North,Grocery,374.18,20,1,0,6944.53,20.6,400.29,71,26566.64
2024-11-24,S03,Delhi,North,Home & Kitchen,1695.54,25,1,0,3144.73,,2096.51,52,88168.11
2024-11-24,S04,Bengaluru,South,Clothing,1766.95,0,0,0,5015.21,18.9,,48,84813.67
2024-11-24,S04,Bengaluru,South,Electronics,15737.91,0,0,0,6335.29,18.4,15599.35,35,550826.7
2024-11-24,S04,Bengaluru,South,Grocery,417.73,5,1,0,6342.11,17.7,466.62,61,25481.7
2024-11-24,S04,Bengaluru,South,Home & Kitchen,2306.13,0,0,0,9289.75,22.8,2304.37,49,113000.58
2024-11-25,S01,Mumbai,West,Clothing,1807.11,0,0,0,5223.44,20.1,1880.0,39,70477.45
2024-11-25,S01,Mumbai,West,Electronics,14981.96,0,0,0,7564.92,21.7,16675.57,33,494404.59
2024-11-25,S01,Mumbai,West,Grocery,465.79,0,0,0,6514.93,22.5,457.68,55,25618.59
2024-11-25,S01,Mumbai,West,Home & Kitchen,2263.26,0,0,0,6166.84,19.6,2415.27,34,76950.92
2024-11-25,S02,Pune,West,Clothing,1877.23,0,0,0,4488.1,18.5,1954.66,34,63825.68
2024-11-25,S02,Pune,West,Electronics,14504.28,0,0,0,5895.7,18.6,15275.55,26,377111.21
2024-11-25,S02,Pune,West,Grocery,472.05,0,0,0,1902.09,17.3,459.14,36,16993.71
2024-11-25,S02,Pune,West,Home & Kitchen,2211.83,0,0,0,5176.39,,1969.48,23,50872.07
2024-11-25,S03,Delhi,North,Clothing,1383.5,20,1,0,3018.37,21.1,1737.87,56,77475.88
2024-11-25,S03,Delhi,North,Electronics,14997.94,0,0,0,4830.28,20.6,15338.31,28,419942.35
2024-11-25,S03,Delhi,North,Grocery,433.97,0,0,0,4117.89,23.4,422.92,58,25170.02
2024-11-25,S03,Delhi,North,Home & Kitchen,2095.58,0,0,0,5412.07,19.4,2334.08,26,54485.15
2024-11-25,S04,Bengaluru,South,Clothing,1705.22,0,0,0,3256.49,18.5,1761.39,39,66503.63
2024-11-25,S04,Bengaluru,South,Electronics,15061.26,0,0,0,5384.28,19.1,14664.15,30,451837.91
2024-11-25,S04,Bengaluru,South,Grocery,435.17,0,0,0,4054.71,16.9,403.05,37,16101.18
2024-11-25,S04,Bengaluru,South,Home & Kitchen,2203.98,0,0,0,4915.74,19.4,2099.94,29,63915.45
2024-11-26,S01,Mumbai,West,Clothing,1785.17,0,0,0,6183.27,20.7,1672.37,34,60695.7
2024-11-26,S01,Mumbai,West,Electronics,14672.85,0,0,0,8401.47,22.8,15751.38,30,440185.58
2024-11-26,S01,Mumbai,West,Grocery,439.51,0,0,0,5434.97,21.4,459.7,47,20656.89
2024-11-26,S01,Mumbai,West,Home & Kitchen,2039.02,5,1,0,6879.04,19.8,2281.17,46,93794.85
2024-11-26,S02,Pune,West,Clothing,1413.08,25,1,0,5696.67,20.3,1726.03,54,76306.07
2024-11-26,S02,Pune,West,Electronics,15255.36,0,0,0,5775.86,18.6,15186.31,31,472916.2
2024-11-26,S02,Pune,West,Grocery,455.45,0,0,0,8240.94,22.0,465.51,45,20495.06
2024-11-26,S02,Pune,West,Home & Kitchen,2174.07,0,0,0,500.0,18.6,2281.54,26,56525.9
2024-11-26,S03,Delhi,North,Clothing,1788.68,0,0,0,4527.44,18.1,1874.48,38,67969.87
2024-11-26,S03,Delhi,North,Electronics,14634.31,0,0,0,3717.74,21.4,15436.93,26,380492.11
2024-11-26,S03,Delhi,North,Grocery,340.33,25,1,0,8649.01,20.6,466.11,92,31310.13
2024-11-26,S03,Delhi,North,Home & Kitchen,2328.15,0,0,0,5635.59,19.9,2193.15,23,53547.42
2024-11-26,S04,Bengaluru,South,Clothing,1972.25,0,0,0,8127.2,20.9,1872.8,28,55222.89
2024-11-26,S04,Bengaluru,South,Electronics,14683.18,0,0,0,5267.62,18.0,14541.43,21,308346.7
2024-11-26,S04,Bengaluru,South,Grocery,429.94,0,0,0,5354.92,21.1,420.74,41,17627.39
2024-11-26,S04,Bengaluru,South,Home & Kitchen,2239.81,0,0,0,6445.29,19.5,2160.01,41,91832.22
2024-11-27,S01,Mumbai,West,Clothing,1594.61,10,1,0,6349.39,16.6,1710.59,43,68568.06
2024-11-27,S01,Mumbai,West,Electronics,16072.74,0,0,0,3453.92,20.0,16070.24,24,385745.7
2024-11-27,S01,Mumbai,West,Grocery,458.54,0,0,0,3855.28,16.6,462.85,38,17424.43
2024-11-27,S01,Mumbai,West,Home & Kitchen,2209.28,0,0,0,3522.86,20.5,2353.54,29,64069.06
2024-11-27,S02,Pune,West,Clothing,1805.82,0,0,0,4397.8,19.0,1642.15,30,54174.48
2024-11-27,S02,Pune,West,Electronics,15339.74,0,0,0,3010.68,21.1,14131.24,22,337474.39
2024-11-27,S02,Pune,West,Grocery,448.05,0,0,0,3418.71,22.9,473.69,44,19714.09
2024-11-27,S02,Pune,West,Home & Kitchen,2287.28,0,0,0,3686.2,17.9,2109.38,22,50320.21
2024-11-27,S03,Delhi,North,Clothing,1803.08,0,0,0,6044.73,23.4,1810.32,31,55895.35
2024-11-27,S03,Delhi,North,Electronics,15175.78,0,0,0,5099.38,17.9,15111.41,27,409745.97
2024-11-27,S03,Delhi,North,Grocery,454.07,0,0,0,5696.58,18.6,440.82,38,17254.69
2024-11-27,S03,Delhi,North,Home & Kitchen,2228.36,0,0,0,4658.87,18.9,2253.52,35,77992.66
2024-11-27,S04,Bengaluru,South,Clothing,1741.57,0,0,0,5526.85,19.4,,33,57471.97
2024-11-27,S04,Bengaluru,South,Electronics,14760.8,0,0,0,4824.63,19.7,15754.48,27,398541.68
2024-11-27,S04,Bengaluru,South,Grocery,326.63,25,1,0,7035.42,20.3,470.17,80,26130.5
2024-11-27,S04,Bengaluru,South,Home & Kitchen,2248.37,0,0,0,7241.91,21.3,2027.62,26,58457.7
2024-11-28,S01,Mumbai,West,Clothing,1770.46,0,0,0,5564.61,21.0,1770.41,36,63736.42
2024-11-28,S01,Mumbai,West,Electronics,14970.21,0,0,0,5105.63,21.6,15064.03,34,508987.25
2024-11-28,S01,Mumbai,West,Grocery,440.98,0,0,0,3763.97,17.3,456.74,43,18962.29
2024-11-28,S01,Mumbai,West,Home & Kitchen,2216.2,0,0,0,5420.87,17.8,2382.61,51,113025.99
2024-11-28,S02,Pune,West,Clothing,1760.18,0,0,0,5000.33,20.0,1815.21,25,44004.6
2024-11-28,S02,Pune,West,Electronics,15504.06,0,0,0,3553.51,20.9,14544.96,21,325585.31
2024-11-28,S02,Pune,West,Grocery,461.96,0,0,0,5409.12,20.0,466.19,46,21250.32
2024-11-28,S02,Pune,West,Home & Kitchen,2252.67,0,0,0,6061.02,21.5,2338.19,30,67580.02
2024-11-28,S03,Delhi,North,Clothing,1881.13,0,0,0,5031.5,20.7,1970.65,35,65839.68
2024-11-28,S03,Delhi,North,Electronics,14697.41,0,0,0,4867.08,19.3,14741.85,27,396830.17
2024-11-28,S03,Delhi,North,Grocery,371.44,15,1,0,6225.01,21.0,422.38,66,24514.87
2024-11-28,S03,Delhi,North,Home & Kitchen,2195.03,0,0,0,2476.85,21.5,2342.54,28,61460.71
2024-11-28,S04,Bengaluru,South,Clothing,1467.6,20,1,0,5933.05,17.9,1672.98,38,55768.84
2024-11-28,S04,Bengaluru,South,Electronics,15543.16,0,0,0,7210.22,18.4,15170.38,35,544010.67
2024-11-28,S04,Bengaluru,South,Grocery,436.63,0,0,0,5649.31,17.5,459.08,45,19648.29
2024-11-28,S04,Bengaluru,South,Home & Kitchen,2166.67,0,0,0,3383.66,19.7,2149.57,26,56333.34
2024-11-29,S01,Mumbai,West,Clothing,1814.64,0,0,0,4051.41,18.4,1945.24,45,81658.93
2024-11-29,S01,Mumbai,West,Electronics,14816.52,0,0,0,3235.7,18.6,13753.87,31,459312.16
2024-11-29,S01,Mumbai,West,Grocery,457.77,0,0,0,7960.72,20.3,428.27,49,22430.94
2024-11-29,S01,Mumbai,West,Home & Kitchen,2183.52,0,0,0,5971.91,18.6,2361.13,28,61138.57
2024-11-29,S02,Pune,West,Clothing,1786.22,0,0,0,6349.24,22.4,1786.73,29,51800.43
2024-11-29,S02,Pune,West,Electronics,15400.6,0,0,0,5906.0,20.1,14216.06,25,385014.92
2024-11-29,S02,Pune,West,Grocery,327.67,25,1,0,4686.35,20.6,431.96,67,21953.62
2024-11-29,S02,Pune,West,Home & Kitchen,2112.63,0,0,0,3741.77,23.7,2047.56,26,54928.47
2024-11-29,S03,Delhi,North,Clothing,1843.61,0,0,0,2564.32,19.5,1778.32,20,36872.19
2024-11-29,S03,Delhi,North,Electronics,14866.94,0,0,0,3536.88,21.2,14537.37,30,446008.16
2024-11-29,S03,Delhi,North,Grocery,447.4,0,0,0,3015.8,20.0,441.49,38,17001.2
2024-11-29,S03,Delhi,North,Home & Kitchen,1658.6,25,1,0,3322.14,20.4,2066.39,50,82930.04
2024-11-29,S04,Bengaluru,South,Clothing,1568.52,10,1,0,8732.16,18.1,1535.49,42,65877.86
2024-11-29,S04,Bengaluru,South,Electronics,14433.16,0,0,0,4722.5,18.7,15173.22,33,476294.31
2024-11-29,S04,Bengaluru,South,Grocery,435.72,0,0,0,6430.37,16.3,444.03,49,21350.21
2024-11-29,S04,Bengaluru,South,Home & Kitchen,1771.1,20,1,0,3690.94,21.3,2262.88,38,67301.83
2024-11-30,S01,Mumbai,West,Clothing,1758.17,0,0,0,4053.84,22.6,1894.89,47,82634.15
2024-11-30,S01,Mumbai,West,Electronics,15011.68,0,0,0,3833.59,21.5,13616.91,33,495385.54
2024-11-30,S01,Mumbai,West,Grocery,422.48,5,1,0,4182.21,19.9,468.41,65,27461.44
2024-11-30,S01,Mumbai,West,Home & Kitchen,2217.69,0,0,0,6756.87,23.6,2296.93,51,113102.16
2024-11-30,S02,Pune,West,Clothing,1806.87,0,0,0,4702.69,18.6,1856.53,32,57819.8
2024-11-30,S02,Pune,West,Electronics,15025.15,0,0,0,4545.93,21.6,14792.54,27,405679.12
2024-11-30,S02,Pune,West,Grocery,469.16,0,0,0,6572.01,20.0,474.37,50,23458.09
2024-11-30,S02,Pune,West,Home & Kitchen,2181.31,0,0,0,6283.12,21.7,2127.16,33,71983.34
2024-11-30,S03,Delhi,North,Clothing,1787.91,0,0,0,6227.6,20.8,1806.19,55,98335.19
2024-11-30,S03,Delhi,North,Electronics,14093.58,10,1,0,9756.35,18.4,14933.66,46,648304.58
2024-11-30,S03,Delhi,North,Grocery,437.89,0,0,0,4852.71,18.0,472.08,72,31528.35
2024-11-30,S03,Delhi,North,Home & Kitchen,2148.06,0,0,0,8813.94,17.7,2250.87,54,115995.3
2024-11-30,S04,Bengaluru,South,Clothing,1777.13,0,0,0,5462.2,23.5,1843.9,54,95964.98
2024-11-30,S04,Bengaluru,South,Electronics,14134.65,0,0,0,6284.81,17.6,13741.95,30,424039.56
2024-11-30,S04,Bengaluru,South,Grocery,374.94,20,1,0,7532.18,18.2,456.24,86,32244.71
2024-11-30,S04,Bengaluru,South,Home & Kitchen,2104.14,0,0,0,7386.32,21.5,2221.14,43,90477.95
2024-12-01,S01,Mumbai,West,Clothing,1851.47,0,0,0,6836.59,16.4,1652.32,47,87019.23
2024-12-01,S01,Mumbai,West,Electronics,14098.73,0,0,0,4054.88,15.5,15191.31,33,465258.22
2024-12-01,S01,Mumbai,West,Grocery,379.73,15,1,0,6204.95,16.1,464.87,99,37593.09
2024-12-01,S01,Mumbai,West,Home & Kitchen,2111.24,0,0,0,5765.45,16.8,2058.96,41,86560.66
2024-12-01,S02,Pune,West,Clothing,1797.13,0,0,0,9665.89,15.7,1876.91,49,88059.58
2024-12-01,S02,Pune,West,Electronics,14087.35,5,1,0,8001.49,17.6,16008.78,35,493057.12
2024-12-01,S02,Pune,West,Grocery,452.85,0,0,0,4430.77,17.3,441.58,46,20831.27
2024-12-01,S02,Pune,West,Home & Kitchen,2234.85,0,0,0,6367.44,15.9,2248.2,34,75984.8
2024-12-01,S03,Delhi,North,Clothing,1356.56,25,1,0,6654.23,19.5,1828.52,77,104455.17
2024-12-01,S03,Delhi,North,Electronics,12044.48,20,1,0,6030.6,16.4,15361.31,68,819024.38
2024-12-01,S03,Delhi,North,Grocery,383.66,15,1,0,5615.13,17.8,498.96,98,37598.24
2024-12-01,S03,Delhi,North,Home & Kitchen,2298.0,0,0,0,5932.09,16.8,2214.82,38,87323.87
2024-12-01,S04,Bengaluru,South,Clothing,1762.24,0,0,0,4877.44,16.8,1805.33,44,77538.43
2024-12-01,S04,Bengaluru,South,Electronics,13825.38,5,1,0,7358.09,15.2,14275.28,38,525364.61
2024-12-01,S04,Bengaluru,South,Grocery,427.72,0,0,0,6548.16,19.2,463.59,69,29512.93
2024-12-01,S04,Bengaluru,South,Home & Kitchen,2207.15,0,0,0,3766.85,14.9,2173.27,29,64007.23
2024-12-02,S01,Mumbai,West,Clothing,1835.27,0,0,0,5953.27,14.8,1921.62,32,58728.77
2024-12-02,S01,Mumbai,West,Electronics,14658.06,0,0,0,3414.27,19.3,14556.02,35,513032.08
2024-12-02,S01,Mumbai,West,Grocery,461.07,0,0,0,5541.42,20.9,482.14,52,23975.73
2024-12-02,S01,Mumbai,West,Home & Kitchen,2156.72,0,0,0,5482.4,15.4,2199.08,38,81955.29
2024-12-02,S02,Pune,West,Clothing,1745.34,0,0,0,4320.89,16.4,1694.7,39,68068.26
2024-12-02,S02,Pune,West,Electronics,14966.52,0,0,0,5466.09,21.2,15435.77,28,419062.69
2024-12-02,S02,Pune,West,Grocery,446.91,0,0,0,3872.04,19.3,456.79,42,18770.33
2024-12-02,S02,Pune,West,Home & Kitchen,2135.22,0,0,0,4601.76,17.5,2266.18,26,55515.7
2024-12-02,S03,Delhi,North,Clothing,1838.54,0,0,0,4764.5,20.3,1703.18,35,64349.07
2024-12-02,S03,Delhi,North,Electronics,13748.72,10,1,0,4967.24,18.3,15396.31,27,371215.4
2024-12-02,S03,Delhi,North,Grocery,358.72,20,1,0,6221.34,15.8,448.7,69,24751.89
2024-12-02,S03,Delhi,North,Home & Kitchen,2216.11,0,0,0,4581.74,15.0,2218.17,33,73131.49
2024-12-02,S04,Bengaluru,South,Clothing,1396.97,20,1,0,3121.35,19.3,1908.42,71,99184.65
2024-12-02,S04,Bengaluru,South,Electronics,15132.91,0,0,0,2872.76,13.9,14324.51,25,378322.68
2024-12-02,S04,Bengaluru,South,Grocery,457.8,0,0,0,4192.62,14.6,439.08,41,18769.76
2024-12-02,S04,Bengaluru,South,Home & Kitchen,2204.63,0,0,0,4407.25,14.8,2248.14,26,57320.34
2024-12-03,S01,Mumbai,West,Clothing,1859.37,0,0,0,3465.55,17.2,1921.45,30,55781.05
2024-12-03,S01,Mumbai,West,Electronics,11581.84,25,1,0,4106.6,21.5,14314.07,51,590674.02
2024-12-03,S01,Mumbai,West,Grocery,460.1,0,0,0,4533.01,17.3,489.7,50,23004.92
2024-12-03,S01,Mumbai,West,Home & Kitchen,2294.67,0,0,0,6420.16,16.2,2233.0,35,80313.37
2024-12-03,S02,Pune,West,Clothing,1732.41,5,1,0,8479.53,20.0,1915.22,38,65831.49
2024-12-03,S02,Pune,West,Electronics,14497.8,0,0,0,5084.68,17.0,13925.56,25,362444.98
2024-12-03,S02,Pune,West,Grocery,436.93,0,0,0,5892.74,13.5,452.99,31,13544.88
2024-12-03,S02,Pune,West,Home & Kitchen,2128.77,0,0,0,4114.18,16.9,2131.13,25,53219.2
2024-12-03,S03,Delhi,North,Clothing,1840.37,0,0,0,3790.45,17.5,1683.12,36,66253.5
2024-12-03,S03,Delhi,North,Electronics,14765.04,0,0,0,5152.15,17.7,15107.93,32,472481.37
2024-12-03,S03,Delhi,North,Grocery,470.31,0,0,0,2044.94,16.6,461.02,49,23045.43
2024-12-03,S03,Delhi,North,Home & Kitchen,2208.68,0,0,0,6439.87,17.1,2175.39,39,86138.41
2024-12-03,S04,Bengaluru,South,Clothing,1846.83,0,0,0,1563.47,13.5,1742.55,32,59098.57
2024-12-03,S04,Bengaluru,South,Electronics,15720.92,0,0,0,5920.32,17.8,15384.51,21,330139.22
2024-12-03,S04,Bengaluru,South,Grocery,457.23,0,0,0,6169.98,13.5,434.42,38,17374.62
2024-12-03,S04,Bengaluru,South,Home & Kitchen,2235.49,0,0,0,3852.25,15.9,2249.54,26,58122.79
2024-12-04,S01,Mumbai,West,Clothing,1304.28,25,1,0,6325.55,15.2,1694.34,54,70431.04
2024-12-04,S01,Mumbai,West,Electronics,14716.97,0,0,0,4783.57,16.8,14952.94,36,529811.09
2024-12-04,S01,Mumbai,West,Grocery,358.21,20,1,0,4196.03,18.2,457.44,70,25074.94
2024-12-04,S01,Mumbai,West,Home & Kitchen,2299.31,0,0,0,4540.19,19.2,2189.02,31,71278.75
2024-12-04,S02,Pune,West,Clothing,1715.34,0,0,0,5815.89,16.9,1768.22,29,49744.84
2024-12-04,S02,Pune,West,Electronics,14904.74,0,0,0,4744.33,15.4,14794.97,22,327904.29
2024-12-04,S02,Pune,West,Grocery,435.54,5,1,0,3710.48,18.0,475.74,52,22648.11
2024-12-04,S02,Pune,West,Home & Kitchen,1952.56,10,1,0,6017.26,15.9,2163.47,32,62481.87
2024-12-04,S03,Delhi,North,Clothing,1607.14,15,1,0,7823.99,14.5,1674.92,47,75535.38
2024-12-04,S03,Delhi,North,Electronics,15068.94,0,0,0,5794.82,17.1,15264.14,24,361654.58
2024-12-04,S03,Delhi,North,Grocery,439.67,0,0,0,3635.65,17.2,447.75,29,12750.38
2024-12-04,S03,Delhi,North,Home & Kitchen,2270.49,0,0,0,7207.46,18.4,2217.52,29,65844.23
2024-12-04,S04,Bengaluru,South,Clothing,1922.65,0,0,0,6830.69,19.4,1775.33,37,71138.03
2024-12-04,S04,Bengaluru,South,Electronics,15547.77,0,0,0,3263.12,15.3,15548.91,30,466432.97
2024-12-04,S04,Bengaluru,South,Grocery,458.3,0,0,0,5720.62,16.7,420.0,48,21998.45
2024-12-04,S04,Bengaluru,South,Home & Kitchen,2191.83,0,0,0,500.0,13.6,2082.1,24,52603.89
2024-12-05,S01,Mumbai,West,Clothing,1451.99,15,1,0,1727.2,19.6,1573.07,43,62435.74
2024-12-05,S01,Mumbai,West,Electronics,14627.01,0,0,0,3174.92,12.7,15461.69,22,321794.14
2024-12-05,S01,Mumbai,West,Grocery,443.63,0,0,0,3822.66,19.0,422.38,55,24399.82
2024-12-05,S01,Mumbai,West,Home & Kitchen,2255.63,0,0,0,5618.0,13.1,2195.81,34,76691.51
2024-12-05,S02,Pune,West,Clothing,1804.61,0,0,0,5162.71,19.5,1854.71,32,57747.55
2024-12-05,S02,Pune,West,Electronics,14869.19,0,0,0,5439.02,16.0,15175.22,22,327122.11
2024-12-05,S02,Pune,West,Grocery,334.66,25,1,0,5256.1,17.1,458.84,68,22756.8
2024-12-05,S02,Pune,West,Home & Kitchen,2222.73,0,0,0,4933.98,19.7,2304.79,22,48900.13
2024-12-05,S03,Delhi,North,Clothing,1878.65,0,0,0,2279.01,14.6,1502.29,26,48844.96
2024-12-05,S03,Delhi,North,Electronics,14653.13,0,0,0,4051.19,17.2,14171.52,21,307715.81
2024-12-05,S03,Delhi,North,Grocery,447.68,0,0,0,4256.18,13.0,454.93,53,23726.96
2024-12-05,S03,Delhi,North,Home & Kitchen,2229.87,0,0,0,6815.8,17.5,1878.17,31,69126.03
2024-12-05,S04,Bengaluru,South,Clothing,1800.31,0,0,0,5448.95,18.6,1751.03,39,70212.24
2024-12-05,S04,Bengaluru,South,Electronics,14803.63,0,0,0,4093.15,20.3,16301.58,26,384894.37
2024-12-05,S04,Bengaluru,South,Grocery,449.36,0,0,0,6216.62,14.5,482.75,41,18423.58
2024-12-05,S04,Bengaluru,South,Home & Kitchen,2317.81,0,0,0,4651.61,20.8,2320.45,33,76487.79
2024-12-06,S01,Mumbai,West,Clothing,1799.77,0,0,0,4139.09,17.1,1793.5,39,70191.18
2024-12-06,S01,Mumbai,West,Electronics,15589.29,0,0,0,6263.19,16.0,13910.43,33,514446.46
2024-12-06,S01,Mumbai,West,Grocery,471.59,0,0,0,4180.24,17.2,489.88,47,22164.66
2024-12-06,S01,Mumbai,West,Home & Kitchen,2272.63,0,0,0,4068.33,17.6,2372.4,30,68178.78
2024-12-06,S02,Pune,West,Clothing,1808.07,0,0,0,7206.14,16.7,1776.47,33,59666.41
2024-12-06,S02,Pune,West,Electronics,14645.3,0,0,0,6204.4,18.0,15558.07,37,541876.16
2024-12-06,S02,Pune,West,Grocery,448.73,0,0,0,6035.37,15.6,418.81,49,21987.63
2024-12-06,S02,Pune,West,Home & Kitchen,2268.45,0,0,0,5940.5,21.1,2310.75,18,40832.14
2024-12-06,S03,Delhi,North,Clothing,1867.34,0,0,0,2668.58,14.2,1792.35,34,63489.62
2024-12-06,S03,Delhi,North,Electronics,14633.21,0,0,0,8480.38,16.7,14651.69,30,438996.38
2024-12-06,S03,Delhi,North,Grocery,444.96,0,0,0,5750.31,16.2,429.19,61,27142.32
2024-12-06,S03,Delhi,North,Home & Kitchen,2159.44,0,0,0,4709.76,17.9,2336.86,36,77740.0
2024-12-06,S04,Bengaluru,South,Clothing,1704.11,0,0,0,4698.44,18.9,1744.39,35,59643.78
2024-12-06,S04,Bengaluru,South,Electronics,15127.4,0,0,0,4664.59,19.0,14294.19,19,287420.51
2024-12-06,S04,Bengaluru,South,Grocery,467.08,0,0,0,5178.9,20.3,451.65,53,24755.45
2024-12-06,S04,Bengaluru,South,Home & Kitchen,2087.9,0,0,0,4880.07,14.5,2263.75,34,70988.72
2024-12-07,S01,Mumbai,West,Clothing,1956.54,0,0,0,6441.54,16.8,1901.02,42,82174.48
2024-12-07,S01,Mumbai,West,Electronics,15603.11,0,0,0,3623.37,19.5,14663.34,34,530505.89
2024-12-07,S01,Mumbai,West,Grocery,457.96,0,0,0,3935.76,22.3,427.09,63,28851.23
2024-12-07,S01,Mumbai,West,Home & Kitchen,2079.49,0,0,0,6665.45,22.0,2116.75,39,81100.11
2024-12-07,S02,Pune,West,Clothing,1806.22,0,0,0,2599.89,19.5,1883.02,35,63217.8
2024-12-07,S02,Pune,West,Electronics,10662.35,25,1,0,6960.93,18.0,14511.92,42,447818.59
2024-12-07,S02,Pune,West,Grocery,384.69,10,1,0,8712.32,16.1,497.06,75,28852.12
2024-12-07,S02,Pune,West,Home & Kitchen,2215.32,0,0,0,1488.33,14.1,,24,53167.61
2024-12-07,S03,Delhi,North,Clothing,1758.73,0,0,0,3897.76,15.8,1682.94,41,72108.05
2024-12-07,S03,Delhi,North,Electronics,14814.43,0,0,0,2716.12,18.8,15503.18,31,459247.37
2024-12-07,S03,Delhi,North,Grocery,374.65,20,1,0,2525.28,18.9,482.51,70,26225.68
2024-12-07,S03,Delhi,North,Home & Kitchen,2202.08,0,0,0,4499.19,19.2,2053.02,32,70466.58
2024-12-07,S04,Bengaluru,South,Clothing,1743.56,0,0,0,,13.9,1834.05,42,73229.38
2024-12-07,S04,Bengaluru,South,Electronics,15156.58,0,0,0,6814.41,17.2,16319.39,26,394071.1
2024-12-07,S04,Bengaluru,South,Grocery,360.01,20,1,0,6872.61,17.2,484.26,87,31320.57
2024-12-07,S04,Bengaluru,South,Home & Kitchen,1697.96,20,1,0,7915.91,19.4,2040.78,52,88293.78
2024-12-08,S01,Mumbai,West,Clothing,1494.7,20,1,0,5774.74,18.3,1943.21,67,100144.91
2024-12-08,S01,Mumbai,West,Electronics,15232.65,0,0,0,9214.35,18.2,16132.4,47,715934.35
2024-12-08,S01,Mumbai,West,Grocery,444.72,0,0,0,6991.58,15.2,457.6,60,26683.18
2024-12-08,S01,Mumbai,West,Home & Kitchen,2137.39,0,0,0,2585.43,21.1,2287.9,42,89770.22
2024-12-08,S02,Pune,West,Clothing,1845.97,0,0,0,5637.77,17.9,1587.39,47,86760.38
2024-12-08,S02,Pune,West,Electronics,14425.38,0,0,0,4365.49,17.5,14071.93,29,418335.98
2024-12-08,S02,Pune,West,Grocery,444.13,0,0,0,3556.38,20.7,468.79,40,17765.27
2024-12-08,S02,Pune,West,Home & Kitchen,2244.39,5,1,0,4678.68,20.0,2133.22,36,80797.99
2024-12-08,S03,Delhi,North,Clothing,1762.04,0,0,0,5453.36,17.1,1751.49,39,68719.73
2024-12-08,S03,Delhi,North,Electronics,11749.98,20,1,0,3384.49,21.3,14374.91,50,587498.86
2024-12-08,S03,Delhi,North,Grocery,443.35,0,0,0,7072.58,16.7,439.69,56,24827.79
2024-12-08,S03,Delhi,North,Home & Kitchen,2241.76,0,0,0,6193.82,15.4,2395.2,39,87428.57
2024-12-08,S04,Bengaluru,South,Clothing,1754.88,0,0,0,5459.84,17.1,1758.34,45,78969.7
2024-12-08,S04,Bengaluru,South,Electronics,15099.73,0,0,0,3861.87,18.2,14804.79,35,528490.72
2024-12-08,S04,Bengaluru,South,Grocery,447.15,0,0,0,3469.51,16.1,419.87,59,26381.93
2024-12-08,S04,Bengaluru,South,Home & Kitchen,2136.84,0,0,0,4310.27,15.0,2378.37,38,81199.95
2024-12-09,S01,Mumbai,West,Clothing,1770.06,0,0,0,5176.87,15.1,,34,60182.04
2024-12-09,S01,Mumbai,West,Electronics,14795.2,0,0,0,4322.92,17.6,14193.53,27,399470.32
2024-12-09,S01,Mumbai,West,Grocery,441.18,0,0,0,4986.31,15.9,444.22,56,24706.27
2024-12-09,S01,Mumbai,West,Home & Kitchen,2070.49,5,1,0,7470.13,18.2,2234.81,31,64185.31
2024-12-09,S02,Pune,West,Clothing,1562.98,15,1,0,4710.52,18.2,1866.45,32,50015.49
2024-12-09,S02,Pune,West,Electronics,13582.45,0,0,0,6859.16,15.4,,26,353143.69
2024-12-09,S02,Pune,West,Grocery,442.33,0,0,0,4082.66,14.4,437.61,49,21673.94
2024-12-09,S02,Pune,West,Home & Kitchen,2155.33,0,0,0,3481.41,15.9,2049.41,27,58194.01
2024-12-09,S03,Delhi,North,Clothing,1746.5,0,0,0,2953.87,17.5,1891.81,35,61127.49
2024-12-09,S03,Delhi,North,Electronics,14693.76,5,1,0,3121.2,17.7,15105.96,19,279181.47
2024-12-09,S03,Delhi,North,Grocery,328.48,25,1,0,8235.54,13.3,425.26,85,27920.54
2024-12-09,S03,Delhi,North,Home & Kitchen,2208.16,0,0,0,4646.86,16.2,2095.57,26,57412.14
2024-12-09,S04,Bengaluru,South,Clothing,1805.46,0,0,0,5952.19,15.4,1647.9,54,97494.65
2024-12-09,S04,Bengaluru,South,Electronics,14113.78,0,0,0,5432.95,18.8,15059.27,23,324616.98
2024-12-09,S04,Bengaluru,South,Grocery,465.74,0,0,0,5702.48,16.1,452.93,45,20958.44
2024-12-09,S04,Bengaluru,South,Home & Kitchen,2197.35,0,0,0,4068.42,19.2,2169.45,20,43947.02
2024-12-10,S01,Mumbai,West,Clothing,1822.92,0,0,0,500.0,14.5,1957.68,33,60156.48
2024-12-10,S01,Mumbai,West,Electronics,14892.24,0,0,0,5108.03,19.1,15652.32,36,536120.57
2024-12-10,S01,Mumbai,West,Grocery,463.84,0,0,0,4214.3,15.2,440.31,39,18089.61
2024-12-10,S01,Mumbai,West,Home & Kitchen,2359.43,0,0,0,5026.56,19.7,2105.67,38,89658.43
2024-12-10,S02,Pune,West,Clothing,1920.02,0,0,0,4346.02,14.2,1725.13,19,36480.47
2024-12-10,S02,Pune,West,Electronics,14861.45,0,0,0,5986.54,19.3,15426.77,28,416120.72
2024-12-10,S02,Pune,West,Grocery,364.52,20,1,0,6633.85,16.7,424.41,56,20413.15
2024-12-10,S02,Pune,West,Home & Kitchen,2023.98,10,1,0,1467.06,16.5,,29,58695.33
2024-12-10,S03,Delhi,North,Clothing,1458.28,20,1,0,,19.3,1714.87,60,87496.82
2024-12-10,S03,Delhi,North,Electronics,15260.61,0,0,0,5005.84,19.6,15038.67,35,534121.41
2024-12-10,S03,Delhi,North,Grocery,439.52,0,0,0,3508.39,16.9,432.69,36,15822.88
2024-12-10,S03,Delhi,North,Home & Kitchen,2115.37,0,0,0,6797.98,13.5,2090.79,34,71922.64
2024-12-10,S04,Bengaluru,South,Clothing,1510.89,15,1,0,4600.0,14.7,1917.6,58,87631.77
2024-12-10,S04,Bengaluru,South,Electronics,11144.1,25,1,0,3114.56,16.1,14912.33,48,534916.6
2024-12-10,S04,Bengaluru,South,Grocery,447.65,0,0,0,6824.27,15.7,423.23,36,16115.57
2024-12-10,S04,Bengaluru,South,Home & Kitchen,2148.56,0,0,0,5795.9,19.4,2083.39,27,58011.14
2024-12-11,S01,Mumbai,West,Clothing,1839.29,0,0,0,4411.62,17.9,1599.49,38,69893.01
2024-12-11,S01,Mumbai,West,Electronics,14638.13,0,0,0,3056.99,18.0,14636.45,28,409867.71
2024-12-11,S01,Mumbai,West,Grocery,451.56,0,0,0,5160.44,20.2,467.2,44,19868.55
2024-12-11,S01,Mumbai,West,Home & Kitchen,2179.34,0,0,0,6448.08,19.7,2081.57,43,93711.47
2024-12-11,S02,Pune,West,Clothing,1772.04,0,0,0,4275.5,13.9,1806.61,24,42529.05
2024-12-11,S02,Pune,West,Electronics,15162.22,0,0,0,5577.85,20.9,15176.13,16,242595.59
2024-12-11,S02,Pune,West,Grocery,446.39,0,0,0,2003.87,20.3,471.36,31,13837.99
2024-12-11,S02,Pune,West,Home & Kitchen,2126.8,0,0,0,4257.78,17.6,2289.39,34,72311.19
2024-12-11,S03,Delhi,North,Clothing,1774.64,0,0,0,4487.96,12.9,1862.08,43,76309.66
2024-12-11,S03,Delhi,North,Electronics,13968.46,0,0,0,5709.43,16.2,14914.6,23,321274.69
2024-12-11,S03,Delhi,North,Grocery,439.3,0,0,0,8703.55,18.0,464.96,68,29872.49
2024-12-11,S03,Delhi,North,Home & Kitchen,2296.66,0,0,0,5168.14,16.3,2244.56,27,62009.87
2024-12-11,S04,Bengaluru,South,Clothing,1914.24,0,0,0,5289.38,13.3,1819.28,28,53598.8
2024-12-11,S04,Bengaluru,South,Electronics,13820.02,10,1,0,5587.15,16.7,15190.08,38,525160.7
2024-12-11,S04,Bengaluru,South,Grocery,428.52,0,0,0,7475.15,15.9,489.58,53,22711.76
2024-12-11,S04,Bengaluru,South,Home & Kitchen,2016.54,5,1,0,7598.27,13.6,2059.57,45,90744.3
2024-12-12,S01,Mumbai,West,Clothing,1726.11,0,0,0,5507.41,14.9,1766.88,37,63865.96
2024-12-12,S01,Mumbai,West,Electronics,14552.35,0,0,0,7559.14,19.5,15409.35,37,538437.03
2024-12-12,S01,Mumbai,West,Grocery,447.79,0,0,0,6001.93,18.7,455.5,48,21494.02
2024-12-12,S01,Mumbai,West,Home & Kitchen,2249.16,0,0,0,3829.18,16.8,2012.86,30,67474.91
2024-12-12,S02,Pune,West,Clothing,1815.08,0,0,0,3554.26,19.2,1912.02,36,65343.02
2024-12-12,S02,Pune,West,Electronics,13792.85,0,0,0,5137.55,17.1,14336.49,26,358613.98
2024-12-12,S02,Pune,West,Grocery,414.24,0,0,0,7036.44,,427.07,38,15741.13
2024-12-12,S02,Pune,West,Home & Kitchen,2306.32,0,0,0,2750.6,20.2,2216.65,22,50739.14
2024-12-12,S03,Delhi,North,Clothing,1832.17,0,0,0,5514.77,17.1,1657.78,35,64125.84
2024-12-12,S03,Delhi,North,Electronics,15775.88,0,0,0,4504.31,15.7,15509.09,29,457500.59
2024-12-12,S03,Delhi,North,Grocery,442.15,0,0,0,5357.52,16.5,434.27,42,18570.44
2024-12-12,S03,Delhi,North,Home & Kitchen,2214.83,0,0,0,6190.23,15.8,2229.86,33,73089.28
2024-12-12,S04,Bengaluru,South,Clothing,1525.54,15,1,0,6947.4,14.9,1858.71,64,97634.67
2024-12-12,S04,Bengaluru,South,Electronics,11879.67,25,1,0,5063.47,19.2,15522.92,48,570224.12
2024-12-12,S04,Bengaluru,South,Grocery,456.76,0,0,0,4813.86,21.7,,59,26949.02
2024-12-12,S04,Bengaluru,South,Home & Kitchen,2166.7,0,0,0,3234.43,16.8,2027.69,28,60667.72
2024-12-13,S01,Mumbai,West,Clothing,1405.47,25,1,0,6837.52,14.9,1762.45,69,96977.42
2024-12-13,S01,Mumbai,West,Electronics,14530.01,0,0,0,6679.25,18.9,15823.0,34,494020.43
2024-12-13,S01,Mumbai,West,Grocery,451.55,0,0,0,4483.07,16.0,461.55,41,18513.64
2024-12-13,S01,Mumbai,West,Home & Kitchen,2224.97,0,0,0,5134.98,18.9,2253.41,31,68974.15
2024-12-13,S02,Pune,West,Clothing,1811.62,0,0,0,2521.13,19.2,1727.72,28,50725.44
2024-12-13,S02,Pune,West,Electronics,15106.52,0,0,0,5750.07,20.7,,26,392769.56
2024-12-13,S02,Pune,West,Grocery,444.4,0,0,0,3500.75,16.2,468.02,45,19997.88
2024-12-13,S02,Pune,West,Home & Kitchen,2289.72,0,0,0,4418.77,17.6,2098.25,27,61822.47
2024-12-13,S03,Delhi,North,Clothing,1839.96,0,0,0,4584.79,18.0,1738.35,33,60718.75
2024-12-13,S03,Delhi,North,Electronics,15288.51,0,0,0,5704.96,15.5,15170.39,35,535097.84
2024-12-13,S03,Delhi,North,Grocery,438.45,0,0,0,4836.57,16.5,484.13,61,26745.28
2024-12-13,S03,Delhi,North,Home & Kitchen,2178.14,0,0,0,6559.34,18.4,2249.58,42,91481.77
2024-12-13,S04,Bengaluru,South,Clothing,1843.57,0,0,0,4248.05,14.8,,31,57150.79
2024-12-13,S04,Bengaluru,South,Electronics,15178.98,0,0,0,6829.17,19.4,15778.16,40,607159.1
2024-12-13,S04,Bengaluru,South,Grocery,348.48,25,1,0,9215.4,18.8,478.21,68,23696.93
2024-12-13,S04,Bengaluru,South,Home & Kitchen,2102.79,0,0,0,2006.94,20.5,2147.04,31,65186.58
2024-12-14,S01,Mumbai,West,Clothing,1790.96,0,0,0,6443.53,18.7,1903.71,55,98502.75
2024-12-14,S01,Mumbai,West,Electronics,14721.88,0,0,0,5445.37,20.1,15555.96,43,633040.65
2024-12-14,S01,Mumbai,West,Grocery,454.56,0,0,0,6352.97,15.3,431.65,69,31364.66
2024-12-14,S01,Mumbai,West,Home & Kitchen,2223.5,0,0,0,5090.95,20.6,2193.04,28,62258.12
2024-12-14,S02,Pune,West,Clothing,1447.27,20,1,0,6699.81,21.9,1713.6,64,92625.0
2024-12-14,S02,Pune,West,Electronics,14944.89,0,0,0,2252.48,18.8,14925.89,35,523071.03
2024-12-14,S02,Pune,West,Grocery,430.36,0,0,0,4343.89,17.2,474.05,54,23239.68
2024-12-14,S02,Pune,West,Home & Kitchen,1685.22,25,1,0,5121.67,17.9,2396.52,57,96057.52
2024-12-14,S03,Delhi,North,Clothing,1813.31,0,0,0,4590.4,11.5,1956.7,63,114238.41
2024-12-14,S03,Delhi,North,Electronics,15515.07,0,0,0,5684.84,15.2,14101.9,38,589572.74
2024-12-14,S03,Delhi,North,Grocery,450.21,0,0,0,5891.14,16.2,464.39,58,26112.12
2024-12-14,S03,Delhi,North,Home & Kitchen,2247.16,0,0,0,3051.6,18.0,2239.8,41,92133.37
2024-12-14,S04,Bengaluru,South,Clothing,1790.77,0,0,0,1661.78,18.6,1780.69,35,62676.86
2024-12-14,S04,Bengaluru,South,Electronics,15491.81,0,0,0,3812.84,15.5,14816.71,29,449262.49
2024-12-14,S04,Bengaluru,South,Grocery,363.16,20,1,0,5704.65,16.4,424.82,81,29416.27
2024-12-14,S04,Bengaluru,South,Home & Kitchen,2223.98,0,0,0,8332.07,17.3,2118.03,30,66719.49
2024-12-15,S01,Mumbai,West,Clothing,1795.1,0,0,0,4684.61,18.1,1916.85,43,77189.44
2024-12-15,S01,Mumbai,West,Electronics,14534.38,0,0,0,2979.8,17.8,15681.87,38,552306.27
2024-12-15,S01,Mumbai,West,Grocery,449.23,0,0,0,3093.28,19.8,446.08,49,22012.5
2024-12-15,S01,Mumbai,West,Home & Kitchen,2198.45,0,0,0,5650.83,14.5,2109.16,48,105525.45
2024-12-15,S02,Pune,West,Clothing,1731.7,0,0,0,4901.2,14.1,1766.52,46,79658.1
2024-12-15,S02,Pune,West,Electronics,14470.46,0,0,0,5361.96,21.5,15145.28,26,376231.96
2024-12-15,S02,Pune,West,Grocery,435.92,0,0,0,5391.27,17.9,435.38,41,17872.79
2024-12-15,S02,Pune,West,Home & Kitchen,2085.4,0,0,0,5680.07,18.8,1968.63,19,39622.64
2024-12-15,S03,Delhi,North,Clothing,1848.98,0,0,0,3941.28,18.0,1761.5,44,81355.15
2024-12-15,S03,Delhi,North,Electronics,14923.07,0,0,0,4458.85,16.5,15387.12,27,402923.01
2024-12-15,S03,Delhi,North,Grocery,432.47,0,0,0,5627.14,18.3,469.38,69,29840.34
2024-12-15,S03,Delhi,North,Home & Kitchen,1845.84,15,1,0,6262.26,20.1,2184.54,61,112596.14
2024-12-15,S04,Bengaluru,South,Clothing,1707.9,5,1,0,4614.15,15.9,1781.15,39,66608.13
2024-12-15,S04,Bengaluru,South,Electronics,15397.26,0,0,0,2592.72,21.7,15066.56,27,415726.08
2024-12-15,S04,Bengaluru,South,Grocery,445.11,0,0,0,6042.55,17.3,423.98,59,26261.61
2024-12-15,S04,Bengaluru,South,Home & Kitchen,2220.24,0,0,0,7328.68,18.9,2076.85,42,93250.08
2024-12-16,S01,Mumbai,West,Clothing,1801.28,0,0,0,4751.52,14.6,1885.88,41,73852.66
2024-12-16,S01,Mumbai,West,Electronics,14296.33,0,0,0,5316.0,18.9,14136.3,26,371704.65
2024-12-16,S01,Mumbai,West,Grocery,466.25,0,0,0,6756.96,17.8,432.69,40,18649.99
2024-12-16,S01,Mumbai,West,Home & Kitchen,2120.8,0,0,0,3428.66,18.2,1993.63,34,72107.13
2024-12-16,S02,Pune,West,Clothing,1736.09,0,0,0,4549.11,18.0,1760.84,36,62499.32
2024-12-16,S02,Pune,West,Electronics,14805.96,0,0,0,7460.27,18.0,14503.52,30,444178.73
2024-12-16,S02,Pune,West,Grocery,463.55,0,0,0,5076.85,16.9,433.37,47,21786.96
2024-12-16,S02,Pune,West,Home & Kitchen,2246.35,0,0,0,4624.75,19.1,2296.6,26,58405.05
2024-12-16,S03,Delhi,North,Clothing,1766.75,0,0,0,6633.54,22.5,1915.9,44,77737.1
2024-12-16,S03,Delhi,North,Electronics,14327.68,0,0,0,5641.1,18.8,14619.67,30,429830.32
2024-12-16,S03,Delhi,North,Grocery,457.78,0,0,0,5175.81,15.4,440.58,40,18311.36
2024-12-16,S03,Delhi,North,Home & Kitchen,2103.06,0,0,0,6722.44,16.1,2159.56,33,69401.1
2024-12-16,S04,Bengaluru,South,Clothing,1691.57,5,1,0,3653.82,16.8,1702.37,37,62588.19
2024-12-16,S04,Bengaluru,South,Electronics,14829.04,0,0,0,4290.76,14.4,14316.68,20,296580.7
2024-12-16,S04,Bengaluru,South,Grocery,408.18,10,1,0,6113.52,15.4,447.82,51,20816.94
2024-12-16,S04,Bengaluru,South,Home & Kitchen,2116.25,0,0,0,3974.4,17.6,2165.14,32,67719.96
2024-12-17,S01,Mumbai,West,Clothing,1861.81,0,0,0,3001.82,15.8,1678.45,24,44683.32
2024-12-17,S01,Mumbai,West,Electronics,15098.73,0,0,0,3317.85,16.5,15835.24,27,407665.74
2024-12-17,S01,Mumbai,West,Grocery,467.0,0,0,0,4986.57,19.9,445.52,46,21482.05
2024-12-17,S01,Mumbai,West,Home & Kitchen,2021.72,0,0,0,5954.32,17.8,2247.6,46,92999.27
2024-12-17,S02,Pune,West,Clothing,1350.26,25,1,0,,15.0,1705.49,49,66162.83
2024-12-17,S02,Pune,West,Electronics,15472.86,0,0,0,5329.98,17.3,15829.88,26,402294.41
2024-12-17,S02,Pune,West,Grocery,427.2,0,0,0,3554.58,15.3,439.42,26,11107.17
2024-12-17,S02,Pune,West,Home & Kitchen,2145.94,0,0,0,2462.8,18.1,2223.84,27,57940.31
2024-12-17,S03,Delhi,North,Clothing,1377.44,20,1,0,7187.55,18.6,2011.99,65,89533.68
2024-12-17,S03,Delhi,North,Electronics,14404.18,0,0,0,4705.33,19.1,13977.09,23,331296.09
2024-12-17,S03,Delhi,North,Grocery,382.97,15,1,0,4047.86,18.2,,52,19914.57
2024-12-17,S03,Delhi,North,Home & Kitchen,2203.84,0,0,0,3789.94,17.9,2264.05,31,68319.03
2024-12-17,S04,Bengaluru,South,Clothing,1799.71,0,0,0,6777.83,19.5,1876.67,33,59390.35
2024-12-17,S04,Bengaluru,South,Electronics,14398.98,0,0,0,4015.22,12.5,15508.37,23,331176.44
2024-12-17,S04,Bengaluru,South,Grocery,459.22,0,0,0,6904.63,18.9,453.13,49,22501.73
2024-12-17,S04,Bengaluru,South,Home & Kitchen,2257.48,0,0,0,4483.15,18.9,2367.65,33,74496.95
2024-12-18,S01,Mumbai,West,Clothing,1759.22,0,0,0,4693.22,15.3,1877.64,44,77405.69
2024-12-18,S01,Mumbai,West,Electronics,12839.73,15,1,0,8632.24,15.9,14360.48,47,603467.44
2024-12-18,S01,Mumbai,West,Grocery,457.18,0,0,0,4927.98,17.0,447.33,59,26973.65
2024-12-18,S01,Mumbai,West,Home & Kitchen,2284.6,0,0,0,2231.16,17.3,2180.89,43,98237.87
2024-12-18,S02,Pune,West,Clothing,1714.9,0,0,0,5677.9,15.6,1809.56,36,61736.46
2024-12-18,S02,Pune,West,Electronics,14561.61,0,0,0,5125.22,18.8,15428.89,24,349478.76
2024-12-18,S02,Pune,West,Grocery,453.98,0,0,0,7582.19,18.0,427.75,44,19975.14
2024-12-18,S02,Pune,West,Home & Kitchen,2229.94,0,0,0,5519.81,19.1,2251.55,20,44598.78
2024-12-18,S03,Delhi,North,Clothing,1763.5,0,0,0,5935.69,17.7,1762.3,40,70540.06
2024-12-18,S03,Delhi,North,Electronics,15768.26,0,0,0,4386.46,16.1,15556.69,27,425743.06
2024-12-18,S03,Delhi,North,Grocery,471.89,0,0,0,4344.23,16.5,,40,18875.76
2024-12-18,S03,Delhi,North,Home & Kitchen,2248.27,0,0,0,4178.11,18.6,2123.92,30,67448.17
2024-12-18,S04,Bengaluru,South,Clothing,1773.2,0,0,0,3556.58,17.2,1659.71,23,40783.52
2024-12-18,S04,Bengaluru,South,Electronics,15509.26,0,0,0,5306.19,20.5,15199.53,30,465277.72
2024-12-18,S04,Bengaluru,South,Grocery,436.06,0,0,0,5305.92,10.1,461.7,42,18314.6
2024-12-18,S04,Bengaluru,South,Home & Kitchen,2111.94,0,0,0,4914.18,19.6,2123.04,29,61246.3
2024-12-19,S01,Mumbai,West,Clothing,1707.82,0,0,0,3107.64,20.6,1845.81,33,56358.18
2024-12-19,S01,Mumbai,West,Electronics,15765.36,0,0,0,6213.79,20.5,15194.66,28,441429.99
2024-12-19,S01,Mumbai,West,Grocery,468.56,0,0,0,3960.48,18.1,491.5,53,24833.61
2024-12-19,S01,Mumbai,West,Home & Kitchen,2159.31,0,0,0,3998.24,17.1,2121.49,27,58301.4
2024-12-19,S02,Pune,West,Clothing,1781.95,0,0,0,4599.75,16.1,1814.24,36,64150.3
2024-12-19,S02,Pune,West,Electronics,15035.48,0,0,0,4106.17,16.2,15236.0,20,300709.66
2024-12-19,S02,Pune,West,Grocery,443.15,0,0,0,1137.3,16.9,455.17,33,14624.03
2024-12-19,S02,Pune,West,Home & Kitchen,2103.99,0,0,0,8629.83,15.9,2113.45,37,77847.75
2024-12-19,S03,Delhi,North,Clothing,1846.87,0,0,0,3832.97,16.5,1740.08,46,84955.86
2024-12-19,S03,Delhi,North,Electronics,14267.72,0,0,0,4252.24,16.4,14110.62,24,342425.38
2024-12-19,S03,Delhi,North,Grocery,456.3,0,0,0,5535.94,19.6,423.29,34,15514.29
2024-12-19,S03,Delhi,North,Home & Kitchen,2186.2,0,0,0,6802.12,21.7,2213.12,23,50282.61
2024-12-19,S04,Bengaluru,South,Clothing,1802.0,0,0,0,3504.64,15.6,1817.55,31,55862.12
2024-12-19,S04,Bengaluru,South,Electronics,15833.6,0,0,0,6923.21,18.5,14417.11,22,348339.28
2024-12-19,S04,Bengaluru,South,Grocery,422.45,0,0,0,4099.64,15.6,460.68,35,14785.68
2024-12-19,S04,Bengaluru,South,Home & Kitchen,2164.39,0,0,0,3681.85,16.7,2163.9,31,67096.11
2024-12-20,S01,Mumbai,West,Clothing,1817.44,0,0,0,2228.19,18.9,1649.59,31,56340.63
2024-12-20,S01,Mumbai,West,Electronics,14699.25,0,0,0,5143.16,17.5,15193.68,34,499774.42
2024-12-20,S01,Mumbai,West,Grocery,450.11,0,0,0,3158.22,17.7,444.16,49,22055.62
2024-12-20,S01,Mumbai,West,Home & Kitchen,2076.77,0,0,0,2655.9,17.5,2093.96,24,49842.49
2024-12-20,S02,Pune,West,Clothing,1765.03,0,0,0,9576.39,17.8,1841.67,33,58246.08
2024-12-20,S02,Pune,West,Electronics,15155.97,0,0,0,,17.9,14136.26,20,303119.36
2024-12-20,S02,Pune,West,Grocery,440.55,0,0,0,3316.99,18.3,458.38,36,15859.78
2024-12-20,S02,Pune,West,Home & Kitchen,2217.82,0,0,0,6612.62,13.6,2183.23,27,59881.11
2024-12-20,S03,Delhi,North,Clothing,1901.02,0,0,0,4231.1,17.5,1605.58,36,68436.67
2024-12-20,S03,Delhi,North,Electronics,14349.47,0,0,0,5349.57,17.1,14733.99,28,401785.13
2024-12-20,S03,Delhi,North,Grocery,454.94,0,0,0,6251.18,16.1,460.63,41,18652.52
2024-12-20,S03,Delhi,North,Home & Kitchen,2188.75,0,0,0,7291.85,17.9,2013.59,31,67851.4
2024-12-20,S04,Bengaluru,South,Clothing,1769.98,0,0,0,4027.58,17.5,1846.47,41,72569.06
2024-12-20,S04,Bengaluru,South,Electronics,14809.98,0,0,0,4439.68,17.4,14067.45,26,385059.41
2024-12-20,S04,Bengaluru,South,Grocery,448.15,0,0,0,6559.11,14.6,,50,22407.46
2024-12-20,S04,Bengaluru,South,Home & Kitchen,2214.9,0,0,0,4087.07,17.1,2262.58,28,62017.21
2024-12-21,S01,Mumbai,West,Clothing,1689.64,0,0,0,3372.23,16.2,1613.97,53,89551.05
2024-12-21,S01,Mumbai,West,Electronics,15133.25,0,0,0,1345.44,18.7,15363.84,34,514530.34
2024-12-21,S01,Mumbai,West,Grocery,344.49,25,1,0,2999.99,15.8,402.17,82,28248.15
2024-12-21,S01,Mumbai,West,Home & Kitchen,2228.91,0,0,0,6242.33,17.7,2173.76,44,98071.84
2024-12-21,S02,Pune,West,Clothing,1783.91,0,0,0,6526.98,15.7,1726.24,32,57085.09
2024-12-21,S02,Pune,West,Electronics,14630.01,0,0,0,4707.39,19.7,15820.52,34,497420.23
2024-12-21,S02,Pune,West,Grocery,436.78,0,0,0,4044.84,18.9,466.37,53,23149.29
2024-12-21,S02,Pune,West,Home & Kitchen,2176.67,0,0,0,6018.85,20.7,2232.27,26,56593.3
2024-12-21,S03,Delhi,North,Clothing,1881.57,0,0,0,5714.62,20.1,1826.26,44,82789.21
2024-12-21,S03,Delhi,North,Electronics,13324.7,10,1,0,8192.02,17.5,15220.13,58,772832.84
2024-12-21,S03,Delhi,North,Grocery,477.13,0,0,0,7159.35,14.9,470.64,64,30536.26
2024-12-21,S03,Delhi,North,Home & Kitchen,2191.72,0,0,0,500.0,17.0,2227.94,30,65751.54
2024-12-21,S04,Bengaluru,South,Clothing,1537.99,20,1,0,7503.22,15.5,1680.88,64,98431.67
2024-12-21,S04,Bengaluru,South,Electronics,11652.15,25,1,0,6591.98,18.7,15120.6,51,594259.64
2024-12-21,S04,Bengaluru,South,Grocery,417.61,10,1,0,5107.9,18.5,444.88,75,31320.38
2024-12-21,S04,Bengaluru,South,Home & Kitchen,2204.32,0,0,0,4786.61,16.4,2398.39,43,94785.64
2024-12-22,S01,Mumbai,West,Clothing,1783.74,0,0,0,7263.03,18.2,1893.42,56,99889.46
2024-12-22,S01,Mumbai,West,Electronics,15140.72,0,0,0,3524.88,17.3,15252.72,39,590488.11
2024-12-22,S01,Mumbai,West,Grocery,394.03,15,1,0,4627.0,16.8,481.39,85,33492.22
2024-12-22,S01,Mumbai,West,Home & Kitchen,1782.11,20,1,0,6720.24,19.3,2251.7,62,110490.95
2024-12-22,S02,Pune,West,Clothing,1861.15,0,0,0,8667.2,17.1,1715.04,47,87473.85
2024-12-22,S02,Pune,West,Electronics,15453.72,0,0,0,6963.95,18.7,15567.68,32,494519.1
2024-12-22,S02,Pune,West,Grocery,454.31,0,0,0,3575.44,14.1,431.25,41,18626.86
2024-12-22,S02,Pune,West,Home & Kitchen,2148.64,0,0,0,4706.82,15.0,2190.56,40,85945.46
2024-12-22,S03,Delhi,North,Clothing,1790.98,0,0,0,4118.75,16.4,1834.13,56,100294.87
2024-12-22,S03,Delhi,North,Electronics,14376.85,0,0,0,3192.45,18.2,14945.02,29,416928.7
2024-12-22,S03,Delhi,North,Grocery,455.86,0,0,0,4314.19,18.3,434.43,53,24160.84
2024-12-22,S03,Delhi,North,Home & Kitchen,2197.18,0,0,0,6798.02,17.3,2210.83,55,120844.8
2024-12-22,S04,Bengaluru,South,Clothing,1639.1,10,1,0,7582.35,13.6,1910.54,61,99985.22
2024-12-22,S04,Bengaluru,South,Electronics,14314.3,5,1,0,5756.29,15.7,15979.89,41,586886.14
2024-12-22,S04,Bengaluru,South,Grocery,434.66,0,0,0,5470.11,16.7,431.53,62,26948.85
2024-12-22,S04,Bengaluru,South,Home & Kitchen,2096.85,0,0,0,2835.19,14.6,2220.54,32,67099.07
2024-12-23,S01,Mumbai,West,Clothing,1864.09,0,0,0,4594.16,14.4,1783.79,39,72699.56
2024-12-23,S01,Mumbai,West,Electronics,11908.62,20,1,0,7237.97,15.9,14367.14,42,500161.98
2024-12-23,S01,Mumbai,West,Grocery,463.76,0,0,0,5881.51,14.7,460.11,54,25042.88
2024-12-23,S01,Mumbai,West,Home & Kitchen,2250.68,0,0,0,5684.06,18.0,2163.7,43,96779.28
2024-12-23,S02,Pune,West,Clothing,1654.68,5,1,0,5253.08,18.7,1789.33,39,64532.57
2024-12-23,S02,Pune,West,Electronics,15181.73,0,0,0,3704.57,17.0,15761.2,25,379543.21
2024-12-23,S02,Pune,West,Grocery,455.83,0,0,0,6829.33,19.1,468.9,46,20968.15
2024-12-23,S02,Pune,West,Home & Kitchen,2239.11,0,0,0,4263.64,16.0,2002.69,16,35825.79
2024-12-23,S03,Delhi,North,Clothing,1853.7,0,0,0,3610.23,19.5,1869.37,41,76001.52
2024-12-23,S03,Delhi,North,Electronics,15239.91,0,0,0,4279.55,16.3,14531.79,22,335278.09
2024-12-23,S03,Delhi,North,Grocery,447.1,0,0,0,5118.86,18.1,465.52,50,22355.03
2024-12-23,S03,Delhi,North,Home & Kitchen,2213.64,0,0,0,1512.72,18.0,2195.49,30,66409.23
2024-12-23,S04,Bengaluru,South,Clothing,1831.29,0,0,0,,17.8,1621.18,39,71420.14
2024-12-23,S04,Bengaluru,South,Electronics,14379.09,0,0,0,5697.43,13.6,16189.62,29,416993.68
2024-12-23,S04,Bengaluru,South,Grocery,432.71,0,0,0,2461.29,13.2,465.25,39,16875.86
2024-12-23,S04,Bengaluru,South,Home & Kitchen,2229.39,0,0,0,8479.54,18.5,2250.29,25,55734.82
2024-12-24,S01,Mumbai,West,Clothing,1831.27,0,0,0,5329.82,15.7,1684.33,39,71419.57
2024-12-24,S01,Mumbai,West,Electronics,15334.95,0,0,0,6819.33,17.1,13987.6,30,460048.5
2024-12-24,S01,Mumbai,West,Grocery,462.37,0,0,0,3558.08,18.1,447.05,39,18032.27
2024-12-24,S01,Mumbai,West,Home & Kitchen,1818.91,20,1,0,8651.74,16.7,2069.26,50,90945.49
2024-12-24,S02,Pune,West,Clothing,1846.97,0,0,0,5374.55,19.3,1777.95,24,44327.26
2024-12-24,S02,Pune,West,Electronics,14886.64,0,0,0,4321.54,17.5,15027.77,26,387052.64
2024-12-24,S02,Pune,West,Grocery,426.71,0,0,0,2512.48,16.6,427.78,31,13228.02
2024-12-24,S02,Pune,West,Home & Kitchen,2196.61,0,0,0,4159.57,16.4,2388.38,34,74684.88
2024-12-24,S03,Delhi,North,Clothing,1554.28,10,1,0,6519.67,18.0,1925.22,44,68388.13
2024-12-24,S03,Delhi,North,Electronics,15274.86,0,0,0,5244.0,16.7,14254.71,27,412421.18
2024-12-24,S03,Delhi,North,Grocery,438.27,0,0,0,4009.53,17.9,455.73,57,24981.14
2024-12-24,S03,Delhi,North,Home & Kitchen,2256.59,0,0,0,4905.31,19.8,2387.68,35,78980.73
2024-12-24,S04,Bengaluru,South,Clothing,1790.85,0,0,0,4323.95,18.4,1680.41,33,59098.16
2024-12-24,S04,Bengaluru,South,Electronics,15021.08,0,0,0,3481.44,16.2,14029.83,24,360505.95
2024-12-24,S04,Bengaluru,South,Grocery,384.82,15,1,0,7489.27,16.4,396.48,54,20780.45
2024-12-24,S04,Bengaluru,South,Home & Kitchen,2196.86,0,0,0,2433.79,17.2,2292.77,31,68102.72
2024-12-25,S01,Mumbai,West,Clothing,1856.29,0,0,1,4229.76,17.3,1781.26,54,100239.51
2024-12-25,S01,Mumbai,West,Electronics,13813.97,10,1,1,7996.51,19.9,15654.26,64,884093.94
2024-12-25,S01,Mumbai,West,Grocery,458.52,0,0,1,2677.33,18.6,440.16,68,31179.43
2024-12-25,S01,Mumbai,West,Home & Kitchen,2139.35,0,0,1,4526.09,15.4,2193.61,29,62041.06
2024-12-25,S02,Pune,West,Clothing,1769.15,0,0,1,3142.6,18.5,1779.67,42,74304.32
2024-12-25,S02,Pune,West,Electronics,16063.46,0,0,1,4098.68,18.6,14943.85,35,562221.04
2024-12-25,S02,Pune,West,Grocery,465.53,0,0,1,7336.19,18.7,468.89,61,28397.46
2024-12-25,S02,Pune,West,Home & Kitchen,2077.15,5,1,1,6433.16,16.1,2271.52,45,93471.7
2024-12-25,S03,Delhi,North,Clothing,1602.72,15,1,1,3645.81,20.3,1707.67,59,94560.67
2024-12-25,S03,Delhi,North,Electronics,15186.16,0,0,1,7635.29,19.8,14429.94,32,485957.11
2024-12-25,S03,Delhi,North,Grocery,352.21,25,1,1,7968.92,18.8,475.12,114,40152.0
2024-12-25,S03,Delhi,North,Home & Kitchen,2252.52,0,0,1,2921.34,16.2,2364.43,41,92353.13
2024-12-25,S04,Bengaluru,South,Clothing,1720.33,0,0,1,4735.8,16.7,1796.91,41,70533.51
2024-12-25,S04,Bengaluru,South,Electronics,14744.25,0,0,1,4913.47,15.7,15700.86,50,737212.57
2024-12-25,S04,Bengaluru,South,Grocery,446.86,0,0,1,2185.53,16.6,452.24,51,22790.08
2024-12-25,S04,Bengaluru,South,Home & Kitchen,2325.04,0,0,1,1812.29,19.6,2253.5,38,88351.34
2024-12-26,S01,Mumbai,West,Clothing,1833.5,0,0,0,2314.17,18.0,1832.76,35,64172.46
2024-12-26,S01,Mumbai,West,Electronics,13632.6,10,1,0,3134.38,18.2,15139.38,34,463508.45
2024-12-26,S01,Mumbai,West,Grocery,452.6,5,1,0,4363.68,19.1,428.69,50,22630.01
2024-12-26,S01,Mumbai,West,Home & Kitchen,2142.25,0,0,0,5914.38,16.1,2315.01,36,77121.04
2024-12-26,S02,Pune,West,Clothing,1775.88,0,0,0,4504.28,18.0,1736.35,34,60379.76
2024-12-26,S02,Pune,West,Electronics,15455.66,0,0,0,7751.87,18.5,14863.43,35,540948.11
2024-12-26,S02,Pune,West,Grocery,433.99,0,0,0,4582.8,18.1,416.55,38,16491.45
2024-12-26,S02,Pune,West,Home & Kitchen,2248.65,0,0,0,3296.1,15.6,2203.81,32,71956.95
2024-12-26,S03,Delhi,North,Clothing,1830.42,0,0,0,,19.2,1968.4,44,80538.66
2024-12-26,S03,Delhi,North,Electronics,14723.63,0,0,0,5647.54,16.5,14191.92,26,382814.39
2024-12-26,S03,Delhi,North,Grocery,436.39,0,0,0,4532.99,15.1,486.98,45,19637.41
2024-12-26,S03,Delhi,North,Home & Kitchen,2338.05,0,0,0,4178.67,15.6,2300.59,34,79493.7
2024-12-26,S04,Bengaluru,South,Clothing,1727.13,0,0,0,7086.41,16.8,1864.16,41,70812.24
2024-12-26,S04,Bengaluru,South,Electronics,15199.26,0,0,0,,15.1,15598.12,21,319184.37
2024-12-26,S04,Bengaluru,South,Grocery,440.65,0,0,0,4250.07,19.6,455.12,52,22913.79
2024-12-26,S04,Bengaluru,South,Home & Kitchen,2239.27,0,0,0,6325.08,21.0,2017.31,29,64938.82
2024-12-27,S01,Mumbai,West,Clothing,1930.16,0,0,0,6404.17,16.9,1792.54,37,71415.85
2024-12-27,S01,Mumbai,West,Electronics,14884.96,0,0,0,5452.33,,15862.03,30,446548.86
2024-12-27,S01,Mumbai,West,Grocery,442.71,0,0,0,4422.75,18.4,493.61,51,22578.42
2024-12-27,S01,Mumbai,West,Home & Kitchen,2070.02,5,1,0,6118.84,17.6,2204.43,37,76590.64
2024-12-27,S02,Pune,West,Clothing,1825.14,0,0,0,4124.06,16.8,1829.7,24,43803.35
2024-12-27,S02,Pune,West,Electronics,10680.92,25,1,0,5658.42,18.6,16709.25,49,523365.11
2024-12-27,S02,Pune,West,Grocery,455.25,0,0,0,2958.59,20.8,485.27,37,16844.11
2024-12-27,S02,Pune,West,Home & Kitchen,2325.66,0,0,0,5330.52,18.0,2210.9,23,53490.21
2024-12-27,S03,Delhi,North,Clothing,1844.83,0,0,0,6338.41,17.5,1774.64,31,57189.67
2024-12-27,S03,Delhi,North,Electronics,15129.94,0,0,0,3780.94,15.9,14905.13,26,393378.5
2024-12-27,S03,Delhi,North,Grocery,434.62,0,0,0,4118.11,15.5,467.59,49,21296.19
2024-12-27,S03,Delhi,North,Home & Kitchen,2319.0,0,0,0,5157.45,22.3,2298.17,20,46379.91
2024-12-27,S04,Bengaluru,South,Clothing,1790.59,0,0,0,1921.96,16.2,1676.88,32,57298.97
2024-12-27,S04,Bengaluru,South,Electronics,15179.72,0,0,0,3805.94,15.9,16038.64,19,288414.74
2024-12-27,S04,Bengaluru,South,Grocery,465.7,0,0,0,2951.37,17.2,,38,17696.76
2024-12-27,S04,Bengaluru,South,Home & Kitchen,2297.06,0,0,0,4370.91,16.0,2115.58,19,43644.17
2024-12-28,S01,Mumbai,West,Clothing,1768.24,0,0,0,1741.7,17.6,1660.32,46,81338.81
2024-12-28,S01,Mumbai,West,Electronics,12613.24,15,1,0,7827.93,16.6,14966.45,50,630662.24
2024-12-28,S01,Mumbai,West,Grocery,447.9,0,0,0,4481.75,16.8,451.17,58,25978.46
2024-12-28,S01,Mumbai,West,Home & Kitchen,2254.23,0,0,0,4870.65,15.7,2207.53,41,92423.36
2024-12-28,S02,Pune,West,Clothing,1785.2,0,0,0,9493.26,15.9,,41,73193.04
2024-12-28,S02,Pune,West,Electronics,14824.88,0,0,0,4177.88,17.8,14593.17,20,296497.58
2024-12-28,S02,Pune,West,Grocery,434.06,0,0,0,1848.64,17.1,438.27,60,26043.42
2024-12-28,S02,Pune,West,Home & Kitchen,2218.19,0,0,0,4004.55,18.0,2385.21,44,97600.56
2024-12-28,S03,Delhi,North,Clothing,1698.93,0,0,0,5217.92,17.3,1832.73,54,91742.09
2024-12-28,S03,Delhi,North,Electronics,15802.61,0,0,0,3614.15,16.9,14590.97,40,632104.3
2024-12-28,S03,Delhi,North,Grocery,434.68,0,0,0,5092.94,19.7,448.73,62,26949.94
2024-12-28,S03,Delhi,North,Home & Kitchen,2147.06,0,0,0,5796.16,14.8,2211.62,40,85882.21
2024-12-28,S04,Bengaluru,South,Clothing,1788.81,0,0,0,2870.13,20.2,,43,76918.77
2024-12-28,S04,Bengaluru,South,Electronics,14709.73,0,0,0,4687.92,15.9,15356.66,41,603098.75
2024-12-28,S04,Bengaluru,South,Grocery,440.94,0,0,0,3320.0,16.5,468.32,68,29983.67
2024-12-28,S04,Bengaluru,South,Home & Kitchen,1603.35,25,1,0,6726.23,16.2,2277.55,63,101010.79
2024-12-29,S01,Mumbai,West,Clothing,1821.5,0,0,0,4167.81,17.2,1969.7,62,112932.94
2024-12-29,S01,Mumbai,West,Electronics,14384.51,0,0,0,2512.5,20.6,13946.13,33,474688.85
2024-12-29,S01,Mumbai,West,Grocery,447.1,0,0,0,4806.66,20.2,410.9,44,19672.58
2024-12-29,S01,Mumbai,West,Home & Kitchen,2061.23,0,0,0,6959.94,19.0,2164.18,43,88632.71
2024-12-29,S02,Pune,West,Clothing,1751.81,0,0,0,3961.28,18.1,1789.0,41,71824.08
2024-12-29,S02,Pune,West,Electronics,12887.99,20,1,0,2236.93,15.4,14110.32,33,425303.71
2024-12-29,S02,Pune,West,Grocery,443.8,0,0,0,4677.3,16.3,463.48,51,22633.94
2024-12-29,S02,Pune,West,Home & Kitchen,2080.81,0,0,0,2428.29,18.3,2118.3,44,91555.45
2024-12-29,S03,Delhi,North,Clothing,1827.26,0,0,0,3429.33,16.4,1793.93,47,85881.28
2024-12-29,S03,Delhi,North,Electronics,14354.7,0,0,0,6477.64,17.2,13965.93,30,430641.09
2024-12-29,S03,Delhi,North,Grocery,373.87,15,1,0,2988.54,17.9,477.13,86,32152.44
2024-12-29,S03,Delhi,North,Home & Kitchen,2188.78,0,0,0,7144.11,18.8,2233.81,49,107250.46
2024-12-29,S04,Bengaluru,South,Clothing,1547.93,15,1,0,10375.86,17.7,1873.59,80,123834.61
2024-12-29,S04,Bengaluru,South,Electronics,14411.4,0,0,0,4844.67,16.1,14749.22,33,475576.04
2024-12-29,S04,Bengaluru,South,Grocery,454.84,0,0,0,4946.81,16.7,472.16,67,30474.51
2024-12-29,S04,Bengaluru,South,Home & Kitchen,1781.49,15,1,0,5961.03,15.8,,54,96200.45
2024-12-30,S01,Mumbai,West,Clothing,1776.34,0,0,0,4918.08,16.7,1890.38,45,79935.37
2024-12-30,S01,Mumbai,West,Electronics,14637.34,0,0,0,4988.14,16.6,15724.6,43,629405.49
2024-12-30,S01,Mumbai,West,Grocery,445.03,0,0,0,6548.91,18.9,457.37,44,19581.37
2024-12-30,S01,Mumbai,West,Home & Kitchen,2208.46,0,0,0,8122.82,17.9,2102.14,39,86130.0
2024-12-30,S02,Pune,West,Clothing,1424.0,20,1,0,5578.74,15.0,1772.43,49,69776.2
2024-12-30,S02,Pune,West,Electronics,14558.02,0,0,0,3632.94,15.7,14720.06,16,232928.29
2024-12-30,S02,Pune,West,Grocery,432.74,0,0,0,3947.04,16.0,465.27,38,16443.97
2024-12-30,S02,Pune,West,Home & Kitchen,2097.15,0,0,0,3983.39,18.2,2093.49,34,71303.22
2024-12-30,S03,Delhi,North,Clothing,1806.86,5,1,0,6850.75,19.0,1730.58,59,106604.64
2024-12-30,S03,Delhi,North,Electronics,15502.51,0,0,0,4529.55,14.0,14783.09,34,527085.3
2024-12-30,S03,Delhi,North,Grocery,450.59,0,0,0,5811.57,16.2,451.06,53,23881.07
2024-12-30,S03,Delhi,North,Home & Kitchen,2251.48,0,0,0,2982.09,17.9,2247.6,33,74298.75
2024-12-30,S04,Bengaluru,South,Clothing,1357.51,25,1,0,8119.98,16.8,1764.43,46,62445.63
2024-12-30,S04,Bengaluru,South,Electronics,14793.84,0,0,0,2722.53,17.8,15589.44,27,399433.72
2024-12-30,S04,Bengaluru,South,Grocery,461.33,0,0,0,3992.73,12.0,454.6,44,20298.7
2024-12-30,S04,Bengaluru,South,Home & Kitchen,2287.49,0,0,0,4395.53,20.0,2056.79,26,59474.67
2024-12-31,S01,Mumbai,West,Clothing,1851.67,0,0,0,5345.73,16.5,1769.82,41,75918.36
2024-12-31,S01,Mumbai,West,Electronics,14720.1,0,0,0,5410.76,13.5,14722.22,22,323842.13
2024-12-31,S01,Mumbai,West,Grocery,423.15,0,0,0,,19.8,477.14,58,24542.79
2024-12-31,S01,Mumbai,West,Home & Kitchen,2261.52,0,0,0,4352.8,19.4,2098.48,37,83676.24
2024-12-31,S02,Pune,West,Clothing,1363.25,20,1,0,3383.39,17.3,1796.99,42,57256.48
2024-12-31,S02,Pune,West,Electronics,12775.37,15,1,0,6950.19,18.0,14600.15,41,523790.28
2024-12-31,S02,Pune,West,Grocery,442.86,0,0,0,5354.74,15.0,421.44,42,18600.2
2024-12-31,S02,Pune,West,Home & Kitchen,2204.55,0,0,0,6876.8,16.2,2293.51,31,68341.0
2024-12-31,S03,Delhi,North,Clothing,1454.73,20,1,0,4918.2,15.9,1692.11,38,55279.6
2024-12-31,S03,Delhi,North,Electronics,11522.7,25,1,0,3784.36,16.2,14517.59,34,391771.64
2024-12-31,S03,Delhi,North,Grocery,446.46,0,0,0,4535.29,13.5,444.03,41,18304.93
2024-12-31,S03,Delhi,North,Home & Kitchen,2085.57,0,0,0,6734.36,17.7,2266.28,31,64652.76
2024-12-31,S04,Bengaluru,South,Clothing,1774.59,0,0,0,2764.44,19.0,1811.76,44,78082.1
2024-12-31,S04,Bengaluru,South,Electronics,15697.41,0,0,0,6029.18,18.2,13067.37,19,298250.7
2024-12-31,S04,Bengaluru,South,Grocery,447.2,0,0,0,6106.53,15.0,502.06,40,17887.84
2024-12-31,S04,Bengaluru,South,Home & Kitchen,2222.98,0,0,0,4821.67,14.3,2170.11,21,46682.54
